{
  "dataSpec": {
    "inputDatasetSmartName": "orders_prepared",
    "datasetSelection": {
      "useMemTable": false,
      "filter": {
        "distinct": false,
        "enabled": false
      },
      "partitionSelectionMethod": "ALL",
      "latestPartitionsN": 1,
      "ordering": {
        "enabled": false,
        "rules": []
      },
      "samplingMethod": "HEAD_SEQUENTIAL",
      "maxRecords": 100000,
      "targetRatio": 0.02,
      "withinFirstN": -1,
      "maxReadUncompressedBytes": -1
    },
    "autoRefreshSample": true,
    "refreshTrigger": 0,
    "containerSelection": {
      "containerMode": "INHERIT"
    }
  },
  "rootCard": {
    "type": "worksheet_root",
    "confidenceLevel": 0.95,
    "showConfidenceInterval": false,
    "cards": [
      {
        "type": "univariate_header",
        "showHistogram": true,
        "showQuantile": true,
        "showFrequencyTable": true,
        "showSummary": true,
        "showBoxPlot": true,
        "xColumns": [
          {
            "name": "pages_visited",
            "type": "CONTINUOUS"
          },
          {
            "name": "tshirt_category",
            "type": "CATEGORICAL"
          },
          {
            "name": "total",
            "type": "CONTINUOUS"
          }
        ],
        "cards": [
          {
            "type": "column_card",
            "column": {
              "name": "pages_visited",
              "type": "CONTINUOUS"
            },
            "cards": [
              {
                "type": "numerical_histogram",
                "showBoxPlot": true,
                "showHistogram": true,
                "binningMode": "AUTO",
                "nbBins": 100,
                "customBinningBoundaries": [],
                "column": {
                  "name": "pages_visited",
                  "type": "CONTINUOUS"
                },
                "id": "wW6hO8U"
              },
              {
                "type": "univariate_summary",
                "confidenceLevel": 0.95,
                "showConfidenceInterval": false,
                "compute": {
                  "totalCount": true,
                  "mean": true,
                  "sum": false,
                  "median": true,
                  "std": true,
                  "variance": false,
                  "skewness": false,
                  "kurtosis": false,
                  "sem": false,
                  "completeCount": true,
                  "nbEmpty": true,
                  "zeroCount": false,
                  "zeroRatio": false,
                  "nonZeroRatio": false,
                  "iqr": false,
                  "distinctCount": true,
                  "nbNonEmpty": false,
                  "min": true,
                  "max": true,
                  "range": false,
                  "mode": true
                },
                "column": {
                  "name": "pages_visited",
                  "type": "CONTINUOUS"
                },
                "id": "WHHWXJH"
              },
              {
                "type": "quantile_table",
                "confidenceLevel": 0.95,
                "showConfidenceInterval": false,
                "column": {
                  "name": "pages_visited",
                  "type": "CONTINUOUS"
                },
                "id": "rzFJd8P"
              }
            ],
            "id": "YWofoD4"
          },
          {
            "type": "column_card",
            "column": {
              "name": "tshirt_category",
              "type": "CATEGORICAL"
            },
            "cards": [
              {
                "type": "categorical_histogram",
                "maxValues": 10,
                "groupOthers": false,
                "column": {
                  "name": "tshirt_category",
                  "type": "CATEGORICAL"
                },
                "id": "vpv3cmn"
              },
              {
                "type": "univariate_summary",
                "confidenceLevel": 0.95,
                "showConfidenceInterval": false,
                "compute": {
                  "totalCount": true,
                  "mean": true,
                  "sum": false,
                  "median": true,
                  "std": true,
                  "variance": false,
                  "skewness": false,
                  "kurtosis": false,
                  "sem": false,
                  "completeCount": true,
                  "nbEmpty": true,
                  "zeroCount": false,
                  "zeroRatio": false,
                  "nonZeroRatio": false,
                  "iqr": false,
                  "distinctCount": true,
                  "nbNonEmpty": false,
                  "min": true,
                  "max": true,
                  "range": false,
                  "mode": true
                },
                "column": {
                  "name": "tshirt_category",
                  "type": "CATEGORICAL"
                },
                "id": "lBxL6NA"
              },
              {
                "type": "univariate_frequency_table",
                "maxValues": 10,
                "column": {
                  "name": "tshirt_category",
                  "type": "CATEGORICAL"
                },
                "id": "L9qqaRw"
              }
            ],
            "id": "ac1z63M"
          },
          {
            "type": "column_card",
            "column": {
              "name": "total",
              "type": "CONTINUOUS"
            },
            "cards": [
              {
                "type": "numerical_histogram",
                "showBoxPlot": true,
                "showHistogram": true,
                "binningMode": "AUTO",
                "nbBins": 100,
                "customBinningBoundaries": [],
                "column": {
                  "name": "total",
                  "type": "CONTINUOUS"
                },
                "id": "3cnxlzH"
              },
              {
                "type": "univariate_summary",
                "confidenceLevel": 0.95,
                "showConfidenceInterval": false,
                "compute": {
                  "totalCount": true,
                  "mean": true,
                  "sum": false,
                  "median": true,
                  "std": true,
                  "variance": false,
                  "skewness": false,
                  "kurtosis": false,
                  "sem": false,
                  "completeCount": true,
                  "nbEmpty": true,
                  "zeroCount": false,
                  "zeroRatio": false,
                  "nonZeroRatio": false,
                  "iqr": false,
                  "distinctCount": true,
                  "nbNonEmpty": false,
                  "min": true,
                  "max": true,
                  "range": false,
                  "mode": true
                },
                "column": {
                  "name": "total",
                  "type": "CONTINUOUS"
                },
                "id": "z3gHaZt"
              },
              {
                "type": "quantile_table",
                "confidenceLevel": 0.95,
                "showConfidenceInterval": false,
                "column": {
                  "name": "total",
                  "type": "CONTINUOUS"
                },
                "id": "tXRO501"
              }
            ],
            "id": "LEiulL5"
          }
        ],
        "id": "xWL4Wzm"
      },
      {
        "type": "fit_distribution",
        "distributions": [
          {
            "distribution": {
              "type": "exponential"
            }
          }
        ],
        "confidenceLevel": 0.95,
        "column": {
          "name": "total",
          "type": "CONTINUOUS"
        },
        "id": "Uteqxy8"
      }
    ],
    "id": "08EsshM"
  },
  "name": "Worksheet",
  "versionTag": {
    "versionNumber": 2,
    "lastModifiedBy": {
      "login": "msakande"
    },
    "lastModifiedOn": 1583947491610
  },
  "creationTag": {
    "versionNumber": 0,
    "lastModifiedBy": {
      "login": "msakande"
    },
    "lastModifiedOn": 1583947462691
  },
  "tags": [],
  "customFields": {},
  "checklists": {
    "checklists": []
  }
}