{
    "startedAt": 1629399629113,
    "gridSize": 5,
    "nThreads": 4,
    "nSplits": 5,
    "metric": "ROC_AUC",
    "timeout": null,
    "gridPoints": [
        {
            "finishedAt": 1629399629392,
            "score": 0.7530647377788318,
            "testScoreGibMean": 0.7530647377788318,
            "testScoreMean": 0.7530647377788318,
            "testScoreStd": 0.01129193800393808,
            "trainScoreMean": 0.7887043327215443,
            "trainScoreStd": 0.0028949529297010034,
            "time": 591,
            "fitTimeMean": 70.8,
            "fitTimeStd": 20.517309765171458,
            "scoreTimeMean": 47.4,
            "scoreTimeStd": 7.552483035399682,
            "best_iteration": null,
            "parameters": {
                "C": 1.0,
                "penalty": "l2"
            }
        },
        {
            "finishedAt": 1629399629503,
            "score": 0.7656580840862871,
            "testScoreGibMean": 0.7656580840862871,
            "testScoreMean": 0.7656580840862871,
            "testScoreStd": 0.0111992612157364,
            "trainScoreMean": 0.7819206807074258,
            "trainScoreStd": 0.002915606182542344,
            "time": 635,
            "fitTimeMean": 73.4,
            "fitTimeStd": 30.42761903271434,
            "scoreTimeMean": 53.6,
            "scoreTimeStd": 45.306070233468716,
            "best_iteration": null,
            "parameters": {
                "C": 0.1,
                "penalty": "l2"
            }
        },
        {
            "finishedAt": 1629399629639,
            "score": 0.7689176769282432,
            "testScoreGibMean": 0.7689176769282432,
            "testScoreMean": 0.7689176769282432,
            "testScoreStd": 0.010478393168910888,
            "trainScoreMean": 0.7739417778151488,
            "trainScoreStd": 0.0028073536955523933,
            "time": 519,
            "fitTimeMean": 43.8,
            "fitTimeStd": 13.78985134075056,
            "scoreTimeMean": 60.0,
            "scoreTimeStd": 17.57270610919104,
            "best_iteration": null,
            "parameters": {
                "C": 0.01,
                "penalty": "l2"
            }
        },
        {
            "finishedAt": 1629399630090,
            "score": 0.7306392238117356,
            "testScoreGibMean": 0.7306392238117356,
            "testScoreMean": 0.7306392238117356,
            "testScoreStd": 0.011714723524532188,
            "trainScoreMean": 0.7918519530025441,
            "trainScoreStd": 0.003180236773432049,
            "time": 1292,
            "fitTimeMean": 226.0,
            "fitTimeStd": 21.475567512873788,
            "scoreTimeMean": 32.4,
            "scoreTimeStd": 15.186836405255704,
            "best_iteration": null,
            "parameters": {
                "C": 100.0,
                "penalty": "l2"
            }
        },
        {
            "finishedAt": 1629399630179,
            "score": 0.7390910395417889,
            "testScoreGibMean": 0.7390910395417889,
            "testScoreMean": 0.7390910395417889,
            "testScoreStd": 0.011047804620202712,
            "trainScoreMean": 0.7914075087474792,
            "trainScoreStd": 0.0030734821818927138,
            "time": 810,
            "fitTimeMean": 126.0,
            "fitTimeStd": 36.97025831665232,
            "scoreTimeMean": 36.0,
            "scoreTimeStd": 24.99599967994879,
            "best_iteration": null,
            "parameters": {
                "C": 10.0,
                "penalty": "l2"
            }
        }
    ]
}