[
    {
        "test_score_gib": 0.733665628665022,
        "train_score": 0.7941730786648119,
        "test_score": 0.733665628665022,
        "num_samples": 1723,
        "fit_time": 71,
        "score_time": 42,
        "time": 113,
        "parameters": {
            "C": 1.0,
            "penalty": "l2"
        },
        "best_iteration": null,
        "done_at": 1629399629265,
        "split_id": 0
    },
    {
        "test_score_gib": 0.7666612401050039,
        "train_score": 0.7867767394284503,
        "test_score": 0.7666612401050039,
        "num_samples": 1722,
        "fit_time": 53,
        "score_time": 57,
        "time": 110,
        "parameters": {
            "C": 1.0,
            "penalty": "l2"
        },
        "best_iteration": null,
        "done_at": 1629399629237,
        "split_id": 1
    },
    {
        "test_score_gib": 0.7484442726033251,
        "train_score": 0.789165414204182,
        "test_score": 0.7484442726033251,
        "num_samples": 1722,
        "fit_time": 63,
        "score_time": 49,
        "time": 112,
        "parameters": {
            "C": 1.0,
            "penalty": "l2"
        },
        "best_iteration": null,
        "done_at": 1629399629247,
        "split_id": 2
    },
    {
        "test_score_gib": 0.7578783500539266,
        "train_score": 0.7868172534253379,
        "test_score": 0.7578783500539266,
        "num_samples": 1722,
        "fit_time": 57,
        "score_time": 36,
        "time": 93,
        "parameters": {
            "C": 1.0,
            "penalty": "l2"
        },
        "best_iteration": null,
        "done_at": 1629399629210,
        "split_id": 3
    },
    {
        "test_score_gib": 0.7586887288839657,
        "train_score": 0.7865847712023243,
        "test_score": 0.7586887288839657,
        "num_samples": 1721,
        "fit_time": 110,
        "score_time": 53,
        "time": 163,
        "parameters": {
            "C": 1.0,
            "penalty": "l2"
        },
        "best_iteration": null,
        "done_at": 1629399629392,
        "split_id": 4
    },
    {
        "test_score_gib": 0.7455797306587941,
        "train_score": 0.78749556053296,
        "test_score": 0.7455797306587941,
        "num_samples": 1723,
        "fit_time": 80,
        "score_time": 143,
        "time": 223,
        "parameters": {
            "C": 0.1,
            "penalty": "l2"
        },
        "best_iteration": null,
        "done_at": 1629399629461,
        "split_id": 0
    },
    {
        "test_score_gib": 0.7785576199100548,
        "train_score": 0.7795576277949896,
        "test_score": 0.7785576199100548,
        "num_samples": 1722,
        "fit_time": 47,
        "score_time": 36,
        "time": 83,
        "parameters": {
            "C": 0.1,
            "penalty": "l2"
        },
        "best_iteration": null,
        "done_at": 1629399629332,
        "split_id": 1
    },
    {
        "test_score_gib": 0.7630593598013878,
        "train_score": 0.7820999763520182,
        "test_score": 0.7630593598013878,
        "num_samples": 1722,
        "fit_time": 57,
        "score_time": 29,
        "time": 86,
        "parameters": {
            "C": 0.1,
            "penalty": "l2"
        },
        "best_iteration": null,
        "done_at": 1629399629359,
        "split_id": 2
    },
    {
        "test_score_gib": 0.7694002971042511,
        "train_score": 0.7803408560671043,
        "test_score": 0.7694002971042511,
        "num_samples": 1722,
        "fit_time": 130,
        "score_time": 41,
        "time": 171,
        "parameters": {
            "C": 0.1,
            "penalty": "l2"
        },
        "best_iteration": null,
        "done_at": 1629399629503,
        "split_id": 3
    },
    {
        "test_score_gib": 0.7717085865085441,
        "train_score": 0.780105090995901,
        "test_score": 0.7717085865085441,
        "num_samples": 1721,
        "fit_time": 53,
        "score_time": 19,
        "time": 72,
        "parameters": {
            "C": 0.1,
            "penalty": "l2"
        },
        "best_iteration": null,
        "done_at": 1629399629434,
        "split_id": 4
    },
    {
        "test_score_gib": 0.7508492740728758,
        "train_score": 0.7791880329268528,
        "test_score": 0.7508492740728758,
        "num_samples": 1723,
        "fit_time": 59,
        "score_time": 56,
        "time": 115,
        "parameters": {
            "C": 0.01,
            "penalty": "l2"
        },
        "best_iteration": null,
        "done_at": 1629399629519,
        "split_id": 0
    },
    {
        "test_score_gib": 0.7821472904499299,
        "train_score": 0.7708746781423303,
        "test_score": 0.7821472904499299,
        "num_samples": 1722,
        "fit_time": 25,
        "score_time": 82,
        "time": 107,
        "parameters": {
            "C": 0.01,
            "penalty": "l2"
        },
        "best_iteration": null,
        "done_at": 1629399629542,
        "split_id": 1
    },
    {
        "test_score_gib": 0.7659897030992451,
        "train_score": 0.7739644101682766,
        "test_score": 0.7659897030992451,
        "num_samples": 1722,
        "fit_time": 49,
        "score_time": 48,
        "time": 97,
        "parameters": {
            "C": 0.01,
            "penalty": "l2"
        },
        "best_iteration": null,
        "done_at": 1629399629561,
        "split_id": 2
    },
    {
        "test_score_gib": 0.7748662013390041,
        "train_score": 0.7727206685647707,
        "test_score": 0.7748662013390041,
        "num_samples": 1722,
        "fit_time": 56,
        "score_time": 78,
        "time": 134,
        "parameters": {
            "C": 0.01,
            "penalty": "l2"
        },
        "best_iteration": null,
        "done_at": 1629399629639,
        "split_id": 3
    },
    {
        "test_score_gib": 0.7707474709629076,
        "train_score": 0.7729574810668589,
        "test_score": 0.7707474709629076,
        "num_samples": 1721,
        "fit_time": 30,
        "score_time": 36,
        "time": 66,
        "parameters": {
            "C": 0.01,
            "penalty": "l2"
        },
        "best_iteration": null,
        "done_at": 1629399629586,
        "split_id": 4
    },
    {
        "test_score_gib": 0.7111679540583169,
        "train_score": 0.7979953453014919,
        "test_score": 0.7111679540583169,
        "num_samples": 1723,
        "fit_time": 218,
        "score_time": 38,
        "time": 256,
        "parameters": {
            "C": 100.0,
            "penalty": "l2"
        },
        "best_iteration": null,
        "done_at": 1629399629821,
        "split_id": 0
    },
    {
        "test_score_gib": 0.7461325573350156,
        "train_score": 0.7901057453419699,
        "test_score": 0.7461325573350156,
        "num_samples": 1722,
        "fit_time": 196,
        "score_time": 18,
        "time": 214,
        "parameters": {
            "C": 100.0,
            "penalty": "l2"
        },
        "best_iteration": null,
        "done_at": 1629399629801,
        "split_id": 1
    },
    {
        "test_score_gib": 0.7320017907653487,
        "train_score": 0.7918649926300086,
        "test_score": 0.7320017907653487,
        "num_samples": 1722,
        "fit_time": 261,
        "score_time": 41,
        "time": 302,
        "parameters": {
            "C": 100.0,
            "penalty": "l2"
        },
        "best_iteration": null,
        "done_at": 1629399629905,
        "split_id": 2
    },
    {
        "test_score_gib": 0.726409718971938,
        "train_score": 0.7895628069824286,
        "test_score": 0.726409718971938,
        "num_samples": 1722,
        "fit_time": 220,
        "score_time": 12,
        "time": 232,
        "parameters": {
            "C": 100.0,
            "penalty": "l2"
        },
        "best_iteration": null,
        "done_at": 1629399629873,
        "split_id": 3
    },
    {
        "test_score_gib": 0.7374993891214753,
        "train_score": 0.7897260726240242,
        "test_score": 0.7374993891214753,
        "num_samples": 1721,
        "fit_time": 235,
        "score_time": 53,
        "time": 288,
        "parameters": {
            "C": 100.0,
            "penalty": "l2"
        },
        "best_iteration": null,
        "done_at": 1629399630090,
        "split_id": 4
    },
    {
        "test_score_gib": 0.7194867958102479,
        "train_score": 0.7973081819504753,
        "test_score": 0.7194867958102479,
        "num_samples": 1723,
        "fit_time": 143,
        "score_time": 81,
        "time": 224,
        "parameters": {
            "C": 10.0,
            "penalty": "l2"
        },
        "best_iteration": null,
        "done_at": 1629399630046,
        "split_id": 0
    },
    {
        "test_score_gib": 0.7526525711727479,
        "train_score": 0.7895824924668097,
        "test_score": 0.7526525711727479,
        "num_samples": 1722,
        "fit_time": 188,
        "score_time": 43,
        "time": 231,
        "parameters": {
            "C": 10.0,
            "penalty": "l2"
        },
        "best_iteration": null,
        "done_at": 1629399630105,
        "split_id": 1
    },
    {
        "test_score_gib": 0.7368856962617772,
        "train_score": 0.7915777115611707,
        "test_score": 0.7368856962617772,
        "num_samples": 1722,
        "fit_time": 89,
        "score_time": 17,
        "time": 106,
        "parameters": {
            "C": 10.0,
            "penalty": "l2"
        },
        "best_iteration": null,
        "done_at": 1629399630029,
        "split_id": 2
    },
    {
        "test_score_gib": 0.7420341466392626,
        "train_score": 0.7892447911573311,
        "test_score": 0.7420341466392626,
        "num_samples": 1722,
        "fit_time": 90,
        "score_time": 28,
        "time": 118,
        "parameters": {
            "C": 10.0,
            "penalty": "l2"
        },
        "best_iteration": null,
        "done_at": 1629399630148,
        "split_id": 3
    },
    {
        "test_score_gib": 0.7444104614983629,
        "train_score": 0.789319727545625,
        "test_score": 0.7444104614983629,
        "num_samples": 1721,
        "fit_time": 120,
        "score_time": 11,
        "time": 131,
        "parameters": {
            "C": 10.0,
            "penalty": "l2"
        },
        "best_iteration": null,
        "done_at": 1629399630179,
        "split_id": 4
    }
]