{
    "modelInputNRows": 8610,
    "modelInputNCols": 122,
    "modelInputIsSparse": false,
    "modelInputMemory": 8403360,
    "usedGridSearch": true,
    "gridSize": 5,
    "gridBestScore": 0.7689176769282432,
    "gridCells": [
        {
            "params": {
                "C": 1.0,
                "penalty": "l2"
            },
            "score": 0.7530647377788318,
            "scoreStd": 0.01129193800393808,
            "fitTime": 0.0708,
            "fitTimeStd": 0.02051730976517146,
            "scoreTime": 0.0474,
            "scoreTimeStd": 0.007552483035399682
        },
        {
            "params": {
                "C": 0.1,
                "penalty": "l2"
            },
            "score": 0.7656580840862871,
            "scoreStd": 0.0111992612157364,
            "fitTime": 0.0734,
            "fitTimeStd": 0.03042761903271434,
            "scoreTime": 0.0536,
            "scoreTimeStd": 0.045306070233468713
        },
        {
            "params": {
                "C": 0.01,
                "penalty": "l2"
            },
            "score": 0.7689176769282432,
            "scoreStd": 0.010478393168910888,
            "fitTime": 0.0438,
            "fitTimeStd": 0.01378985134075056,
            "scoreTime": 0.06,
            "scoreTimeStd": 0.01757270610919104
        },
        {
            "params": {
                "C": 100.0,
                "penalty": "l2"
            },
            "score": 0.7306392238117356,
            "scoreStd": 0.011714723524532188,
            "fitTime": 0.226,
            "fitTimeStd": 0.021475567512873786,
            "scoreTime": 0.0324,
            "scoreTimeStd": 0.015186836405255704
        },
        {
            "params": {
                "C": 10.0,
                "penalty": "l2"
            },
            "score": 0.7390910395417889,
            "scoreStd": 0.011047804620202712,
            "fitTime": 0.126,
            "fitTimeStd": 0.03697025831665232,
            "scoreTime": 0.036,
            "scoreTimeStd": 0.02499599967994879
        }
    ],
    "lmCoefficients": {
        "variables": [
            "age_first_order",
            "pages_visited_avg",
            "pw_linear:age_first_order+pages_visited_avg",
            "pw_linear:age_first_order-pages_visited_avg",
            "poly_int:age_first_order",
            "poly_int:pages_visited_avg",
            "poly_int:age_first_order * pages_visited_avg",
            "dummy:gender:M",
            "dummy:gender:F",
            "dummy:gender:N/A",
            "dummy:user_agent_brand:Chrome",
            "dummy:user_agent_brand:Firefox",
            "dummy:user_agent_brand:Safari",
            "dummy:user_agent_brand:IE",
            "dummy:user_agent_os:Windows",
            "dummy:user_agent_os:MacOS X",
            "dummy:ip_address_country:United States",
            "dummy:ip_address_country:China",
            "dummy:ip_address_country:Japan",
            "dummy:ip_address_country:United Kingdom",
            "dummy:ip_address_country:Germany",
            "dummy:ip_address_country:Brazil",
            "dummy:ip_address_country:France",
            "dummy:ip_address_country:South Korea",
            "dummy:ip_address_country:Canada",
            "dummy:ip_address_country:Netherlands",
            "dummy:ip_address_country:Italy",
            "dummy:ip_address_country:Russia",
            "dummy:ip_address_country:Australia",
            "dummy:ip_address_country:India",
            "dummy:ip_address_country:South Africa",
            "dummy:ip_address_country:Taiwan",
            "dummy:ip_address_country:Spain",
            "dummy:ip_address_country:Mexico",
            "dummy:ip_address_country:Egypt",
            "dummy:ip_address_country:Sweden",
            "dummy:ip_address_country:Poland",
            "dummy:ip_address_country:Argentina",
            "dummy:ip_address_country:Colombia",
            "dummy:ip_address_country:Norway",
            "dummy:ip_address_country:Belgium",
            "dummy:ip_address_country:Turkey",
            "dummy:ip_address_country:Switzerland",
            "dummy:ip_address_country:Denmark",
            "dummy:ip_address_country:Ireland",
            "dummy:ip_address_country:Austria",
            "dummy:ip_address_country:Indonesia",
            "dummy:ip_address_country:Ukraine",
            "dummy:ip_address_country:Vietnam",
            "dummy:ip_address_country:Chile",
            "dummy:ip_address_country:Morocco",
            "dummy:ip_address_country:Finland",
            "dummy:ip_address_country:Czechia",
            "dummy:ip_address_country:Israel",
            "dummy:ip_address_country:Romania",
            "dummy:ip_address_country:Singapore",
            "dummy:ip_address_country:Hong Kong",
            "dummy:ip_address_country:Malaysia",
            "dummy:ip_address_country:Tunisia",
            "dummy:ip_address_country:New Zealand",
            "dummy:ip_address_country:Portugal",
            "dummy:ip_address_country:Saudi Arabia",
            "dummy:ip_address_country:Philippines",
            "dummy:ip_address_country:Algeria",
            "dummy:ip_address_country:Kenya",
            "dummy:ip_address_country:Iran",
            "dummy:ip_address_country:Hungary",
            "dummy:ip_address_country:Thailand",
            "dummy:ip_address_country:Venezuela",
            "dummy:ip_address_country:Nigeria",
            "dummy:ip_address_country:Ecuador",
            "dummy:ip_address_country:Greece",
            "dummy:ip_address_country:Luxembourg",
            "dummy:ip_address_country:Slovenia",
            "dummy:ip_address_country:Pakistan",
            "dummy:ip_address_country:Slovakia",
            "dummy:ip_address_country:United Arab Emirates",
            "dummy:ip_address_country:Bulgaria",
            "dummy:ip_address_country:Republic of Lithuania",
            "dummy:ip_address_country:Sudan",
            "dummy:ip_address_country:Dominican Republic",
            "dummy:ip_address_country:Puerto Rico",
            "dummy:ip_address_country:Panama",
            "dummy:ip_address_country:Angola",
            "dummy:ip_address_country:Serbia",
            "dummy:ip_address_country:Tanzania",
            "dummy:ip_address_country:Republic of Moldova",
            "dummy:ip_address_country:Peru",
            "dummy:ip_address_country:Uruguay",
            "dummy:ip_address_country:Zambia",
            "dummy:ip_address_country:Iceland",
            "dummy:ip_address_country:Belarus",
            "dummy:ip_address_country:Kazakhstan",
            "dummy:ip_address_country:Latvia",
            "dummy:ip_address_country:Ghana",
            "dummy:ip_address_country:Albania",
            "dummy:ip_address_country:Trinidad and Tobago",
            "dummy:ip_address_country:Hashemite Kingdom of Jordan",
            "dummy:ip_address_country:Croatia",
            "dummy:ip_address_country:Uganda",
            "dummy:ip_address_country:Ivory Coast",
            "dummy:ip_address_country:Armenia",
            "dummy:ip_address_country:Iraq",
            "dummy:ip_address_country:Cyprus",
            "dummy:ip_address_country:Georgia",
            "dummy:ip_address_country:Syria",
            "dummy:ip_address_country:Cambodia",
            "dummy:ip_address_country:Honduras",
            "dummy:ip_address_country:Mauritius",
            "dummy:ip_address_country:Estonia",
            "dummy:ip_address_country:Bosnia and Herzegovina",
            "dummy:ip_address_country:Oman",
            "dummy:ip_address_country:Paraguay",
            "dummy:ip_address_country:Costa Rica",
            "dummy:ip_address_country:El Salvador",
            "dummy:ip_address_country:Gabon",
            "dummy:ip_address_country:N/A",
            "dummy:campaign:False"
        ],
        "coefs": [
            0.04987905490569583,
            -0.17457620670773324,
            -0.022448239599155196,
            0.005110558582502778,
            -0.00868063230587018,
            -0.07968304303364065,
            -0.013357091392943934,
            0.05170928778124178,
            -0.10388155828479213,
            0.056053396744621384,
            -0.1830247467384134,
            0.03076399452722805,
            0.021367733640376984,
            0.05184123507291634,
            -0.03475146405513473,
            -0.06536834376561296,
            0.024375300964543347,
            0.16750990666738375,
            -0.04077062987922978,
            0.14245574857444318,
            -0.04432228140761889,
            0.11172044392565827,
            0.06933310235838622,
            0.0018284232020337827,
            -0.14951743219059893,
            -0.09494398617757951,
            0.03601334814055167,
            -0.02729020245246328,
            -0.059442010944769356,
            -0.00039327097290714106,
            -0.05039045801959006,
            0.07354842937020442,
            -0.002739815999887693,
            -0.020189874871323656,
            0.006889344293143854,
            -0.06691947819792197,
            -0.048437385673735574,
            0.05716954426059671,
            -0.03783196842068623,
            -0.00808362990407768,
            -0.008379009435604387,
            0.006159349495217963,
            -0.04557167196582244,
            0.038014658612939144,
            -0.003533353594320327,
            0.09290290535185924,
            -0.049346838016108376,
            -0.0331322068516359,
            -0.015540580812715643,
            0.0645816270181371,
            -0.01928945338690597,
            0.06533846351120183,
            -0.043368549375084345,
            -0.008740615119657442,
            -0.003179599625963765,
            -0.019176338659237305,
            -0.0325844251530939,
            0.0028873416169486158,
            -0.017835632982280015,
            -0.03630620202277901,
            0.017878700600747817,
            0.021384513867556094,
            -0.03432770252501965,
            0.027181959386626892,
            0.04430796915992286,
            -0.01332284988191741,
            -0.022048949586909127,
            -0.013304489022028479,
            -0.006986065462270378,
            -0.015629878887069158,
            -0.026365750087900895,
            -0.026317738124622805,
            -0.026177757093420247,
            -0.007757282815357604,
            -0.02041929903019361,
            0.014240277003417571,
            0.023560121411772696,
            0.0011465588427768754,
            0.00439948334262996,
            -0.003005221044660449,
            -0.001439192726391491,
            -0.015393479313874033,
            -0.008550858357961821,
            -0.009914061881174711,
            -0.015718281063350818,
            -0.0021768965675493398,
            -0.012485146345095975,
            -0.014642462547443101,
            0.009201585668269651,
            0.01500708172408741,
            -0.007850981766866726,
            0.014206927439084749,
            -0.00551910290556073,
            0.020533846695763046,
            -0.005527331186136881,
            -0.014178424035157422,
            -0.010392879337564623,
            0.009515705686220538,
            -0.007041643742553722,
            0.03524623324412336,
            -0.009552154044410259,
            -0.0072944089029044635,
            -0.002868981513462036,
            0.02158766632698215,
            -0.009343160972369853,
            -0.0016284258656111695,
            0.017606522517009747,
            -0.005012820545516427,
            -0.00794193339274692,
            0.0141140099963109,
            0.02466129253579014,
            0.03446364242628859,
            -0.007319926716640156,
            -0.004677427337280908,
            -0.0062068066344992375,
            -0.004720324043798178,
            0.012638476145249053,
            -1.0987117230165229
        ],
        "interceptCoef": 0.003881126241092679,
        "interceptStderr": null,
        "interceptTstat": null,
        "interceptPvalue": null,
        "rescaledCoefs": [
            0.04987905490569583,
            -0.17457620670773324,
            -0.022448239599155196,
            0.005110558582502778,
            -0.00868063230587018,
            -0.07968304303364065,
            -0.013357091392943934,
            0.05170928778124178,
            -0.10388155828479213,
            0.056053396744621384,
            -0.1830247467384134,
            0.03076399452722805,
            0.021367733640376984,
            0.05184123507291634,
            -0.03475146405513473,
            -0.06536834376561296,
            0.024375300964543347,
            0.16750990666738375,
            -0.04077062987922978,
            0.14245574857444318,
            -0.04432228140761889,
            0.11172044392565827,
            0.06933310235838622,
            0.0018284232020337827,
            -0.14951743219059893,
            -0.09494398617757951,
            0.03601334814055167,
            -0.02729020245246328,
            -0.059442010944769356,
            -0.00039327097290714106,
            -0.05039045801959006,
            0.07354842937020442,
            -0.002739815999887693,
            -0.020189874871323656,
            0.006889344293143854,
            -0.06691947819792197,
            -0.048437385673735574,
            0.05716954426059671,
            -0.03783196842068623,
            -0.00808362990407768,
            -0.008379009435604387,
            0.006159349495217963,
            -0.04557167196582244,
            0.038014658612939144,
            -0.003533353594320327,
            0.09290290535185924,
            -0.049346838016108376,
            -0.0331322068516359,
            -0.015540580812715643,
            0.0645816270181371,
            -0.01928945338690597,
            0.06533846351120183,
            -0.043368549375084345,
            -0.008740615119657442,
            -0.003179599625963765,
            -0.019176338659237305,
            -0.0325844251530939,
            0.0028873416169486158,
            -0.017835632982280015,
            -0.03630620202277901,
            0.017878700600747817,
            0.021384513867556094,
            -0.03432770252501965,
            0.027181959386626892,
            0.04430796915992286,
            -0.01332284988191741,
            -0.022048949586909127,
            -0.013304489022028479,
            -0.006986065462270378,
            -0.015629878887069158,
            -0.026365750087900895,
            -0.026317738124622805,
            -0.026177757093420247,
            -0.007757282815357604,
            -0.02041929903019361,
            0.014240277003417571,
            0.023560121411772696,
            0.0011465588427768754,
            0.00439948334262996,
            -0.003005221044660449,
            -0.001439192726391491,
            -0.015393479313874033,
            -0.008550858357961821,
            -0.009914061881174711,
            -0.015718281063350818,
            -0.0021768965675493398,
            -0.012485146345095975,
            -0.014642462547443101,
            0.009201585668269651,
            0.01500708172408741,
            -0.007850981766866726,
            0.014206927439084749,
            -0.00551910290556073,
            0.020533846695763046,
            -0.005527331186136881,
            -0.014178424035157422,
            -0.010392879337564623,
            0.009515705686220538,
            -0.007041643742553722,
            0.03524623324412336,
            -0.009552154044410259,
            -0.0072944089029044635,
            -0.002868981513462036,
            0.02158766632698215,
            -0.009343160972369853,
            -0.0016284258656111695,
            0.017606522517009747,
            -0.005012820545516427,
            -0.00794193339274692,
            0.0141140099963109,
            0.02466129253579014,
            0.03446364242628859,
            -0.007319926716640156,
            -0.004677427337280908,
            -0.0062068066344992375,
            -0.004720324043798178,
            0.012638476145249053,
            -1.0987117230165229
        ],
        "rescaledInterceptCoef": 0.003881126241092679
    },
    "probaAware": true
}