{
    "metrics": {},
    "processed_feature_names": [
        "age_first_order",
        "pages_visited_avg",
        "pw_linear:age_first_order+pages_visited_avg",
        "pw_linear:age_first_order-pages_visited_avg",
        "poly_int:",
        "poly_int:age_first_order",
        "poly_int:pages_visited_avg",
        "poly_int:age_first_order * pages_visited_avg",
        "dummy:gender:M",
        "dummy:gender:F",
        "dummy:gender:N/A",
        "dummy:user_agent_brand:Chrome",
        "dummy:user_agent_brand:Firefox",
        "dummy:user_agent_brand:Safari",
        "dummy:user_agent_brand:IE",
        "dummy:user_agent_brand:N/A",
        "dummy:user_agent_os:Windows",
        "dummy:user_agent_os:MacOS X",
        "dummy:user_agent_os:N/A",
        "dummy:ip_address_country:United States",
        "dummy:ip_address_country:China",
        "dummy:ip_address_country:Japan",
        "dummy:ip_address_country:United Kingdom",
        "dummy:ip_address_country:Germany",
        "dummy:ip_address_country:Brazil",
        "dummy:ip_address_country:France",
        "dummy:ip_address_country:South Korea",
        "dummy:ip_address_country:Canada",
        "dummy:ip_address_country:Netherlands",
        "dummy:ip_address_country:Italy",
        "dummy:ip_address_country:Russia",
        "dummy:ip_address_country:Australia",
        "dummy:ip_address_country:India",
        "dummy:ip_address_country:South Africa",
        "dummy:ip_address_country:Taiwan",
        "dummy:ip_address_country:Spain",
        "dummy:ip_address_country:Mexico",
        "dummy:ip_address_country:Egypt",
        "dummy:ip_address_country:Sweden",
        "dummy:ip_address_country:Poland",
        "dummy:ip_address_country:Argentina",
        "dummy:ip_address_country:Colombia",
        "dummy:ip_address_country:Norway",
        "dummy:ip_address_country:Belgium",
        "dummy:ip_address_country:Turkey",
        "dummy:ip_address_country:Switzerland",
        "dummy:ip_address_country:Denmark",
        "dummy:ip_address_country:Ireland",
        "dummy:ip_address_country:Austria",
        "dummy:ip_address_country:Indonesia",
        "dummy:ip_address_country:Ukraine",
        "dummy:ip_address_country:Vietnam",
        "dummy:ip_address_country:Chile",
        "dummy:ip_address_country:Morocco",
        "dummy:ip_address_country:Finland",
        "dummy:ip_address_country:Czechia",
        "dummy:ip_address_country:Israel",
        "dummy:ip_address_country:Romania",
        "dummy:ip_address_country:Singapore",
        "dummy:ip_address_country:Hong Kong",
        "dummy:ip_address_country:Malaysia",
        "dummy:ip_address_country:Tunisia",
        "dummy:ip_address_country:New Zealand",
        "dummy:ip_address_country:Portugal",
        "dummy:ip_address_country:Saudi Arabia",
        "dummy:ip_address_country:Philippines",
        "dummy:ip_address_country:Algeria",
        "dummy:ip_address_country:Kenya",
        "dummy:ip_address_country:Iran",
        "dummy:ip_address_country:Hungary",
        "dummy:ip_address_country:Thailand",
        "dummy:ip_address_country:Venezuela",
        "dummy:ip_address_country:Nigeria",
        "dummy:ip_address_country:Ecuador",
        "dummy:ip_address_country:Greece",
        "dummy:ip_address_country:Luxembourg",
        "dummy:ip_address_country:Slovenia",
        "dummy:ip_address_country:Pakistan",
        "dummy:ip_address_country:Slovakia",
        "dummy:ip_address_country:United Arab Emirates",
        "dummy:ip_address_country:Bulgaria",
        "dummy:ip_address_country:Republic of Lithuania",
        "dummy:ip_address_country:Sudan",
        "dummy:ip_address_country:Dominican Republic",
        "dummy:ip_address_country:Puerto Rico",
        "dummy:ip_address_country:Panama",
        "dummy:ip_address_country:Angola",
        "dummy:ip_address_country:Serbia",
        "dummy:ip_address_country:Tanzania",
        "dummy:ip_address_country:Republic of Moldova",
        "dummy:ip_address_country:Peru",
        "dummy:ip_address_country:Uruguay",
        "dummy:ip_address_country:Zambia",
        "dummy:ip_address_country:Iceland",
        "dummy:ip_address_country:Belarus",
        "dummy:ip_address_country:Kazakhstan",
        "dummy:ip_address_country:Latvia",
        "dummy:ip_address_country:Ghana",
        "dummy:ip_address_country:Albania",
        "dummy:ip_address_country:Trinidad and Tobago",
        "dummy:ip_address_country:Hashemite Kingdom of Jordan",
        "dummy:ip_address_country:Croatia",
        "dummy:ip_address_country:Uganda",
        "dummy:ip_address_country:Ivory Coast",
        "dummy:ip_address_country:Armenia",
        "dummy:ip_address_country:Iraq",
        "dummy:ip_address_country:Cyprus",
        "dummy:ip_address_country:Georgia",
        "dummy:ip_address_country:Syria",
        "dummy:ip_address_country:Cambodia",
        "dummy:ip_address_country:Honduras",
        "dummy:ip_address_country:Mauritius",
        "dummy:ip_address_country:Estonia",
        "dummy:ip_address_country:Bosnia and Herzegovina",
        "dummy:ip_address_country:Oman",
        "dummy:ip_address_country:Paraguay",
        "dummy:ip_address_country:Costa Rica",
        "dummy:ip_address_country:El Salvador",
        "dummy:ip_address_country:Gabon",
        "dummy:ip_address_country:N/A",
        "dummy:campaign:False",
        "dummy:campaign:N/A"
    ],
    "tiMetrics": {
        "auc": 0.7622943181539519,
        "logLoss": 0.5871218215143136,
        "lift": 1.8978788383585983,
        "calibrationLoss": 0.32194530500297697
    },
    "probaPercentiles": [
        0.03732445179052767,
        0.047436978340349614,
        0.0645357905281173,
        0.0709784514927909,
        0.08054575029089678,
        0.09083072329120742,
        0.09890127157289552,
        0.10716343411717867,
        0.11670668587877887,
        0.12290771801370702,
        0.13186470469758027,
        0.14235964166358944,
        0.15211456039893895,
        0.16011998918557718,
        0.16746827883916393,
        0.17589061003797676,
        0.18363122581358063,
        0.19069994576335925,
        0.1971835929635073,
        0.2036967154508273,
        0.21102012679882964,
        0.21661373923455007,
        0.2220378343419125,
        0.22963181016037815,
        0.23860947573932864,
        0.2462909269456267,
        0.25558705658648156,
        0.2622687029876143,
        0.26667196921465586,
        0.27169606309014455,
        0.2803050569310838,
        0.2871016131916506,
        0.29270923926098075,
        0.2976896308081926,
        0.304087393614645,
        0.3120856217345086,
        0.31745286733356154,
        0.32398834594144094,
        0.33187383041537855,
        0.3402449988150479,
        0.3462766382145341,
        0.35388817442190934,
        0.3588518189213048,
        0.364686183994385,
        0.3698061192186801,
        0.37820651432614383,
        0.385789742071932,
        0.3955567840035521,
        0.4008665886932076,
        0.4078679750599614,
        0.4148997101519577,
        0.4233185499910018,
        0.43159252819574734,
        0.43772147053003513,
        0.4433014961337884,
        0.4489950484695395,
        0.4572765164791642,
        0.46289871150227413,
        0.46810549655111716,
        0.47892233944991475,
        0.4869029355179658,
        0.49725403712241845,
        0.50301136323552,
        0.5075471768115376,
        0.5146582287040476,
        0.520904987293979,
        0.5276398134799256,
        0.5346140932978063,
        0.5424069882613494,
        0.5484517654783577,
        0.5593187572300689,
        0.5650420818189976,
        0.5716794827875423,
        0.5785473567490135,
        0.5844813294348992,
        0.5905965500155019,
        0.5985659780669004,
        0.6084484044389857,
        0.6145057224022206,
        0.6239831316320498,
        0.6319844679704373,
        0.6413499980802594,
        0.649817951051676,
        0.658796856217868,
        0.6671387116271308,
        0.6779142831443562,
        0.6895721607001042,
        0.7040203429019043,
        0.7125802954209208,
        0.7227869132034365,
        0.733628523233256,
        0.7469939093937893,
        0.7598507270825029,
        0.7743551298088891,
        0.7864281432419093,
        0.8001770465917194,
        0.82413697092648,
        0.8386134776607117,
        0.8613942431480442
    ],
    "perCutData": {
        "cut": [
            0,
            0.025,
            0.05,
            0.07500000000000001,
            0.1,
            0.125,
            0.15,
            0.175,
            0.19999999999999998,
            0.22499999999999998,
            0.24999999999999997,
            0.27499999999999997,
            0.3,
            0.325,
            0.35000000000000003,
            0.37500000000000006,
            0.4000000000000001,
            0.4250000000000001,
            0.4500000000000001,
            0.47500000000000014,
            0.5000000000000001,
            0.5250000000000001,
            0.5500000000000002,
            0.5750000000000002,
            0.6000000000000002,
            0.6250000000000002,
            0.6500000000000002,
            0.6750000000000003,
            0.7000000000000003,
            0.7250000000000003,
            0.7500000000000003,
            0.7750000000000004,
            0.8000000000000004,
            0.8250000000000004,
            0.8500000000000004,
            0.8750000000000004,
            0.9000000000000005,
            0.9250000000000005,
            0.9500000000000005,
            0.9750000000000005
        ],
        "tp": [
            207,
            207,
            207,
            206,
            206,
            206,
            206,
            206,
            205,
            204,
            200,
            196,
            194,
            192,
            188,
            180,
            173,
            171,
            168,
            157,
            149,
            141,
            134,
            121,
            110,
            99,
            86,
            75,
            65,
            57,
            48,
            36,
            22,
            16,
            10,
            4,
            0,
            0,
            0,
            0
        ],
        "tn": [
            0,
            10,
            49,
            93,
            156,
            222,
            280,
            346,
            421,
            506,
            569,
            648,
            733,
            818,
            882,
            966,
            1027,
            1099,
            1184,
            1249,
            1302,
            1383,
            1455,
            1511,
            1581,
            1635,
            1686,
            1735,
            1770,
            1811,
            1847,
            1877,
            1904,
            1922,
            1951,
            1958,
            1965,
            1968,
            1969,
            1970
        ],
        "fp": [
            1970,
            1960,
            1921,
            1877,
            1814,
            1748,
            1690,
            1624,
            1549,
            1464,
            1401,
            1322,
            1237,
            1152,
            1088,
            1004,
            943,
            871,
            786,
            721,
            668,
            587,
            515,
            459,
            389,
            335,
            284,
            235,
            200,
            159,
            123,
            93,
            66,
            48,
            19,
            12,
            5,
            2,
            1,
            0
        ],
        "fn": [
            0,
            0,
            0,
            1,
            1,
            1,
            1,
            1,
            2,
            3,
            7,
            11,
            13,
            15,
            19,
            27,
            34,
            36,
            39,
            50,
            58,
            66,
            73,
            86,
            97,
            108,
            121,
            132,
            142,
            150,
            159,
            171,
            185,
            191,
            197,
            203,
            207,
            207,
            207,
            207
        ],
        "precision": [
            0.09508497932935232,
            0.09552376557452699,
            0.09727443609022557,
            0.09889582333173308,
            0.10198019801980197,
            0.10542476970317298,
            0.10864978902953587,
            0.11256830601092896,
            0.1168757126567845,
            0.1223021582733813,
            0.12492192379762648,
            0.12911725955204217,
            0.13556953179594688,
            0.14285714285714285,
            0.14733542319749215,
            0.15202702702702703,
            0.1550179211469534,
            0.16410748560460653,
            0.1761006289308176,
            0.1788154897494305,
            0.18237454100367198,
            0.1936813186813187,
            0.20647149460708783,
            0.20862068965517241,
            0.22044088176352705,
            0.22811059907834103,
            0.23243243243243245,
            0.24193548387096775,
            0.24528301886792453,
            0.2638888888888889,
            0.2807017543859649,
            0.27906976744186046,
            0.25,
            0.25,
            0.3448275862068966,
            0.25,
            0.0,
            0.0,
            0.0,
            1.0
        ],
        "recall": [
            1.0,
            1.0,
            1.0,
            0.9951690821256038,
            0.9951690821256038,
            0.9951690821256038,
            0.9951690821256038,
            0.9951690821256038,
            0.9903381642512077,
            0.9855072463768116,
            0.966183574879227,
            0.9468599033816425,
            0.9371980676328503,
            0.927536231884058,
            0.9082125603864735,
            0.8695652173913043,
            0.8357487922705314,
            0.8260869565217391,
            0.8115942028985508,
            0.7584541062801933,
            0.7198067632850241,
            0.6811594202898551,
            0.6473429951690821,
            0.5845410628019324,
            0.5314009661835749,
            0.4782608695652174,
            0.41545893719806765,
            0.36231884057971014,
            0.3140096618357488,
            0.2753623188405797,
            0.2318840579710145,
            0.17391304347826086,
            0.10628019323671498,
            0.07729468599033816,
            0.04830917874396135,
            0.01932367149758454,
            0.0,
            0.0,
            0.0,
            0.0
        ],
        "accuracy": [
            0.09508497932935232,
            0.09967845659163987,
            0.11759301791456132,
            0.1373449701423978,
            0.16628387689480936,
            0.1966008268259072,
            0.223242994947175,
            0.2535599448782728,
            0.2875516766192007,
            0.32613688562241616,
            0.3532384014699127,
            0.38768948093706934,
            0.42581534221405604,
            0.46394120349104273,
            0.491502067064768,
            0.5264124942581534,
            0.5512172714745062,
            0.583371612310519,
            0.6210381258612769,
            0.6458429030776298,
            0.6665135507579237,
            0.7000459347726229,
            0.729903536977492,
            0.7496554892053284,
            0.776757005052825,
            0.7965089572806615,
            0.8139641708773542,
            0.8314193844740468,
            0.8429030776297657,
            0.8580615525953147,
            0.870463941203491,
            0.8787322002756086,
            0.8847037207165824,
            0.8902158934313276,
            0.9007808911345889,
            0.9012402388608176,
            0.9026182820395039,
            0.9039963252181902,
            0.904455672944419,
            0.9049150206706477
        ],
        "f1": [
            0.17365771812080538,
            0.17438921651221567,
            0.17730192719486082,
            0.1799126637554585,
            0.18500224517287828,
            0.19065247570569183,
            0.19591060389919163,
            0.20225822287677955,
            0.20907700152983172,
            0.21760000000000002,
            0.22123893805309733,
            0.2272463768115942,
            0.2368742368742369,
            0.24758220502901349,
            0.25354012137559,
            0.2588066139468009,
            0.2615268329554044,
            0.27381905524419536,
            0.289405684754522,
            0.2894009216589861,
            0.291015625,
            0.30160427807486634,
            0.31308411214953275,
            0.30749682337992373,
            0.311614730878187,
            0.30889235569422774,
            0.29809358752166376,
            0.2901353965183752,
            0.2754237288135593,
            0.2695035460992908,
            0.25396825396825395,
            0.21428571428571427,
            0.14915254237288134,
            0.11808118081180811,
            0.08474576271186442,
            0.03587443946188341,
            0.0,
            0.0,
            0.0,
            0.0
        ],
        "mcc": [
            0.0,
            0.022020268187245316,
            0.04918858028720269,
            0.061156415499774824,
            0.0843167865805112,
            0.10434261711612121,
            0.12012125341512249,
            0.13687528084325745,
            0.15127132116855624,
            0.16796638829004085,
            0.16958167222428164,
            0.1760858143918122,
            0.19115245897802177,
            0.20686746242980913,
            0.21197911226730656,
            0.21197002496786116,
            0.20954637111910387,
            0.22545859530592502,
            0.24393269878221485,
            0.23467485830719065,
            0.23064499242228967,
            0.23824973764189475,
            0.24747619600228116,
            0.23325671945286736,
            0.23304469733455457,
            0.22629325290933375,
            0.21187637769581064,
            0.2039972317919969,
            0.19062655540469048,
            0.19099004137150727,
            0.18475234394068107,
            0.15741711152888055,
            0.10839413615508738,
            0.09191235863140126,
            0.09892695563222154,
            0.04544292529528626,
            -0.015552748578090194,
            -0.009829635796481759,
            -0.006949004839484705,
            0.0
        ],
        "hammingLoss": [
            0.9049150206706477,
            0.9003215434083601,
            0.8824069820854387,
            0.8626550298576022,
            0.8337161231051906,
            0.8033991731740928,
            0.776757005052825,
            0.7464400551217272,
            0.7124483233807992,
            0.6738631143775838,
            0.6467615985300873,
            0.6123105190629307,
            0.574184657785944,
            0.5360587965089573,
            0.5084979329352319,
            0.4735875057418466,
            0.4487827285254938,
            0.41662838768948096,
            0.378961874138723,
            0.35415709692237024,
            0.33348644924207627,
            0.2999540652273771,
            0.27009646302250806,
            0.25034451079467157,
            0.223242994947175,
            0.20349104271933854,
            0.18603582912264585,
            0.16858061552595316,
            0.15709692237023426,
            0.14193844740468534,
            0.12953605879650895,
            0.12126779972439136,
            0.11529627928341754,
            0.10978410656867249,
            0.09921910886541112,
            0.09875976113918236,
            0.09738171796049609,
            0.09600367478180984,
            0.09554432705558108,
            0.09508497932935232
        ],
        "assertionsMetrics": [
            {
                "passingAssertionsRatio": 1.0,
                "perAssertion": [
                    {
                        "result": true,
                        "validRatio": 1.0,
                        "nbMatchingRows": 1381,
                        "nbDroppedRows": 0,
                        "name": "Assertion 1"
                    },
                    {
                        "result": true,
                        "validRatio": 1.0,
                        "nbMatchingRows": 1484,
                        "nbDroppedRows": 0,
                        "name": "Assertion 2"
                    }
                ]
            },
            {
                "passingAssertionsRatio": 1.0,
                "perAssertion": [
                    {
                        "result": true,
                        "validRatio": 1.0,
                        "nbMatchingRows": 1381,
                        "nbDroppedRows": 0,
                        "name": "Assertion 1"
                    },
                    {
                        "result": true,
                        "validRatio": 1.0,
                        "nbMatchingRows": 1484,
                        "nbDroppedRows": 0,
                        "name": "Assertion 2"
                    }
                ]
            },
            {
                "passingAssertionsRatio": 1.0,
                "perAssertion": [
                    {
                        "result": true,
                        "validRatio": 0.998551774076756,
                        "nbMatchingRows": 1381,
                        "nbDroppedRows": 0,
                        "name": "Assertion 1"
                    },
                    {
                        "result": true,
                        "validRatio": 1.0,
                        "nbMatchingRows": 1484,
                        "nbDroppedRows": 0,
                        "name": "Assertion 2"
                    }
                ]
            },
            {
                "passingAssertionsRatio": 1.0,
                "perAssertion": [
                    {
                        "result": true,
                        "validRatio": 0.99637943519189,
                        "nbMatchingRows": 1381,
                        "nbDroppedRows": 0,
                        "name": "Assertion 1"
                    },
                    {
                        "result": true,
                        "validRatio": 0.9986522911051213,
                        "nbMatchingRows": 1484,
                        "nbDroppedRows": 0,
                        "name": "Assertion 2"
                    }
                ]
            },
            {
                "passingAssertionsRatio": 1.0,
                "perAssertion": [
                    {
                        "result": true,
                        "validRatio": 0.9884141926140478,
                        "nbMatchingRows": 1381,
                        "nbDroppedRows": 0,
                        "name": "Assertion 1"
                    },
                    {
                        "result": true,
                        "validRatio": 0.9878706199460916,
                        "nbMatchingRows": 1484,
                        "nbDroppedRows": 0,
                        "name": "Assertion 2"
                    }
                ]
            },
            {
                "passingAssertionsRatio": 1.0,
                "perAssertion": [
                    {
                        "result": true,
                        "validRatio": 0.9782766111513396,
                        "nbMatchingRows": 1381,
                        "nbDroppedRows": 0,
                        "name": "Assertion 1"
                    },
                    {
                        "result": true,
                        "validRatio": 0.9703504043126685,
                        "nbMatchingRows": 1484,
                        "nbDroppedRows": 0,
                        "name": "Assertion 2"
                    }
                ]
            },
            {
                "passingAssertionsRatio": 1.0,
                "perAssertion": [
                    {
                        "result": true,
                        "validRatio": 0.9674149167270094,
                        "nbMatchingRows": 1381,
                        "nbDroppedRows": 0,
                        "name": "Assertion 1"
                    },
                    {
                        "result": true,
                        "validRatio": 0.9548517520215634,
                        "nbMatchingRows": 1484,
                        "nbDroppedRows": 0,
                        "name": "Assertion 2"
                    }
                ]
            },
            {
                "passingAssertionsRatio": 1.0,
                "perAssertion": [
                    {
                        "result": true,
                        "validRatio": 0.9558291093410572,
                        "nbMatchingRows": 1381,
                        "nbDroppedRows": 0,
                        "name": "Assertion 1"
                    },
                    {
                        "result": true,
                        "validRatio": 0.931266846361186,
                        "nbMatchingRows": 1484,
                        "nbDroppedRows": 0,
                        "name": "Assertion 2"
                    }
                ]
            },
            {
                "passingAssertionsRatio": 1.0,
                "perAssertion": [
                    {
                        "result": true,
                        "validRatio": 0.9333816075307748,
                        "nbMatchingRows": 1381,
                        "nbDroppedRows": 0,
                        "name": "Assertion 1"
                    },
                    {
                        "result": true,
                        "validRatio": 0.9097035040431267,
                        "nbMatchingRows": 1484,
                        "nbDroppedRows": 0,
                        "name": "Assertion 2"
                    }
                ]
            },
            {
                "passingAssertionsRatio": 1.0,
                "perAssertion": [
                    {
                        "result": true,
                        "validRatio": 0.9094858797972484,
                        "nbMatchingRows": 1381,
                        "nbDroppedRows": 0,
                        "name": "Assertion 1"
                    },
                    {
                        "result": true,
                        "validRatio": 0.8827493261455526,
                        "nbMatchingRows": 1484,
                        "nbDroppedRows": 0,
                        "name": "Assertion 2"
                    }
                ]
            },
            {
                "passingAssertionsRatio": 1.0,
                "perAssertion": [
                    {
                        "result": true,
                        "validRatio": 0.8812454742939899,
                        "nbMatchingRows": 1381,
                        "nbDroppedRows": 0,
                        "name": "Assertion 1"
                    },
                    {
                        "result": true,
                        "validRatio": 0.8557951482479784,
                        "nbMatchingRows": 1484,
                        "nbDroppedRows": 0,
                        "name": "Assertion 2"
                    }
                ]
            },
            {
                "passingAssertionsRatio": 1.0,
                "perAssertion": [
                    {
                        "result": true,
                        "validRatio": 0.8464880521361332,
                        "nbMatchingRows": 1381,
                        "nbDroppedRows": 0,
                        "name": "Assertion 1"
                    },
                    {
                        "result": true,
                        "validRatio": 0.8254716981132075,
                        "nbMatchingRows": 1484,
                        "nbDroppedRows": 0,
                        "name": "Assertion 2"
                    }
                ]
            },
            {
                "passingAssertionsRatio": 1.0,
                "perAssertion": [
                    {
                        "result": true,
                        "validRatio": 0.8102824040550326,
                        "nbMatchingRows": 1381,
                        "nbDroppedRows": 0,
                        "name": "Assertion 1"
                    },
                    {
                        "result": true,
                        "validRatio": 0.7877358490566038,
                        "nbMatchingRows": 1484,
                        "nbDroppedRows": 0,
                        "name": "Assertion 2"
                    }
                ]
            },
            {
                "passingAssertionsRatio": 1.0,
                "perAssertion": [
                    {
                        "result": true,
                        "validRatio": 0.779869659666908,
                        "nbMatchingRows": 1381,
                        "nbDroppedRows": 0,
                        "name": "Assertion 1"
                    },
                    {
                        "result": true,
                        "validRatio": 0.7439353099730458,
                        "nbMatchingRows": 1484,
                        "nbDroppedRows": 0,
                        "name": "Assertion 2"
                    }
                ]
            },
            {
                "passingAssertionsRatio": 1.0,
                "perAssertion": [
                    {
                        "result": true,
                        "validRatio": 0.7516292541636496,
                        "nbMatchingRows": 1381,
                        "nbDroppedRows": 0,
                        "name": "Assertion 1"
                    },
                    {
                        "result": true,
                        "validRatio": 0.7142857142857143,
                        "nbMatchingRows": 1484,
                        "nbDroppedRows": 0,
                        "name": "Assertion 2"
                    }
                ]
            },
            {
                "passingAssertionsRatio": 1.0,
                "perAssertion": [
                    {
                        "result": true,
                        "validRatio": 0.7038377986965967,
                        "nbMatchingRows": 1381,
                        "nbDroppedRows": 0,
                        "name": "Assertion 1"
                    },
                    {
                        "result": true,
                        "validRatio": 0.6684636118598383,
                        "nbMatchingRows": 1484,
                        "nbDroppedRows": 0,
                        "name": "Assertion 2"
                    }
                ]
            },
            {
                "passingAssertionsRatio": 1.0,
                "perAssertion": [
                    {
                        "result": true,
                        "validRatio": 0.6690803765387401,
                        "nbMatchingRows": 1381,
                        "nbDroppedRows": 0,
                        "name": "Assertion 1"
                    },
                    {
                        "result": true,
                        "validRatio": 0.6361185983827493,
                        "nbMatchingRows": 1484,
                        "nbDroppedRows": 0,
                        "name": "Assertion 2"
                    }
                ]
            },
            {
                "passingAssertionsRatio": 1.0,
                "perAssertion": [
                    {
                        "result": true,
                        "validRatio": 0.6270818247646633,
                        "nbMatchingRows": 1381,
                        "nbDroppedRows": 0,
                        "name": "Assertion 1"
                    },
                    {
                        "result": true,
                        "validRatio": 0.601078167115903,
                        "nbMatchingRows": 1484,
                        "nbDroppedRows": 0,
                        "name": "Assertion 2"
                    }
                ]
            },
            {
                "passingAssertionsRatio": 1.0,
                "perAssertion": [
                    {
                        "result": true,
                        "validRatio": 0.5829109341057205,
                        "nbMatchingRows": 1381,
                        "nbDroppedRows": 0,
                        "name": "Assertion 1"
                    },
                    {
                        "result": true,
                        "validRatio": 0.5613207547169812,
                        "nbMatchingRows": 1484,
                        "nbDroppedRows": 0,
                        "name": "Assertion 2"
                    }
                ]
            },
            {
                "passingAssertionsRatio": 1.0,
                "perAssertion": [
                    {
                        "result": true,
                        "validRatio": 0.5430847212165097,
                        "nbMatchingRows": 1381,
                        "nbDroppedRows": 0,
                        "name": "Assertion 1"
                    },
                    {
                        "result": true,
                        "validRatio": 0.5249326145552561,
                        "nbMatchingRows": 1484,
                        "nbDroppedRows": 0,
                        "name": "Assertion 2"
                    }
                ]
            },
            {
                "passingAssertionsRatio": 1.0,
                "perAssertion": [
                    {
                        "result": true,
                        "validRatio": 0.5090514120202752,
                        "nbMatchingRows": 1381,
                        "nbDroppedRows": 0,
                        "name": "Assertion 1"
                    },
                    {
                        "result": true,
                        "validRatio": 0.49326145552560646,
                        "nbMatchingRows": 1484,
                        "nbDroppedRows": 0,
                        "name": "Assertion 2"
                    }
                ]
            },
            {
                "passingAssertionsRatio": 1.0,
                "perAssertion": [
                    {
                        "result": true,
                        "validRatio": 0.4569152787834902,
                        "nbMatchingRows": 1381,
                        "nbDroppedRows": 0,
                        "name": "Assertion 1"
                    },
                    {
                        "result": true,
                        "validRatio": 0.4413746630727763,
                        "nbMatchingRows": 1484,
                        "nbDroppedRows": 0,
                        "name": "Assertion 2"
                    }
                ]
            },
            {
                "passingAssertionsRatio": 1.0,
                "perAssertion": [
                    {
                        "result": true,
                        "validRatio": 0.41202027516292544,
                        "nbMatchingRows": 1381,
                        "nbDroppedRows": 0,
                        "name": "Assertion 1"
                    },
                    {
                        "result": true,
                        "validRatio": 0.3935309973045822,
                        "nbMatchingRows": 1484,
                        "nbDroppedRows": 0,
                        "name": "Assertion 2"
                    }
                ]
            },
            {
                "passingAssertionsRatio": 1.0,
                "perAssertion": [
                    {
                        "result": true,
                        "validRatio": 0.3736422881969587,
                        "nbMatchingRows": 1381,
                        "nbDroppedRows": 0,
                        "name": "Assertion 1"
                    },
                    {
                        "result": true,
                        "validRatio": 0.3490566037735849,
                        "nbMatchingRows": 1484,
                        "nbDroppedRows": 0,
                        "name": "Assertion 2"
                    }
                ]
            },
            {
                "passingAssertionsRatio": 1.0,
                "perAssertion": [
                    {
                        "result": true,
                        "validRatio": 0.32150615496017376,
                        "nbMatchingRows": 1381,
                        "nbDroppedRows": 0,
                        "name": "Assertion 1"
                    },
                    {
                        "result": true,
                        "validRatio": 0.2998652291105121,
                        "nbMatchingRows": 1484,
                        "nbDroppedRows": 0,
                        "name": "Assertion 2"
                    }
                ]
            },
            {
                "passingAssertionsRatio": 1.0,
                "perAssertion": [
                    {
                        "result": true,
                        "validRatio": 0.2845763939174511,
                        "nbMatchingRows": 1381,
                        "nbDroppedRows": 0,
                        "name": "Assertion 1"
                    },
                    {
                        "result": true,
                        "validRatio": 0.26078167115902967,
                        "nbMatchingRows": 1484,
                        "nbDroppedRows": 0,
                        "name": "Assertion 2"
                    }
                ]
            },
            {
                "passingAssertionsRatio": 1.0,
                "perAssertion": [
                    {
                        "result": true,
                        "validRatio": 0.24547429398986242,
                        "nbMatchingRows": 1381,
                        "nbDroppedRows": 0,
                        "name": "Assertion 1"
                    },
                    {
                        "result": true,
                        "validRatio": 0.22304582210242588,
                        "nbMatchingRows": 1484,
                        "nbDroppedRows": 0,
                        "name": "Assertion 2"
                    }
                ]
            },
            {
                "passingAssertionsRatio": 1.0,
                "perAssertion": [
                    {
                        "result": true,
                        "validRatio": 0.20926864590876176,
                        "nbMatchingRows": 1381,
                        "nbDroppedRows": 0,
                        "name": "Assertion 1"
                    },
                    {
                        "result": true,
                        "validRatio": 0.18463611859838275,
                        "nbMatchingRows": 1484,
                        "nbDroppedRows": 0,
                        "name": "Assertion 2"
                    }
                ]
            },
            {
                "passingAssertionsRatio": 1.0,
                "perAssertion": [
                    {
                        "result": true,
                        "validRatio": 0.18175235336712528,
                        "nbMatchingRows": 1381,
                        "nbDroppedRows": 0,
                        "name": "Assertion 1"
                    },
                    {
                        "result": true,
                        "validRatio": 0.15902964959568733,
                        "nbMatchingRows": 1484,
                        "nbDroppedRows": 0,
                        "name": "Assertion 2"
                    }
                ]
            },
            {
                "passingAssertionsRatio": 1.0,
                "perAssertion": [
                    {
                        "result": true,
                        "validRatio": 0.15206372194062273,
                        "nbMatchingRows": 1381,
                        "nbDroppedRows": 0,
                        "name": "Assertion 1"
                    },
                    {
                        "result": true,
                        "validRatio": 0.1320754716981132,
                        "nbMatchingRows": 1484,
                        "nbDroppedRows": 0,
                        "name": "Assertion 2"
                    }
                ]
            },
            {
                "passingAssertionsRatio": 1.0,
                "perAssertion": [
                    {
                        "result": true,
                        "validRatio": 0.12092686459087618,
                        "nbMatchingRows": 1381,
                        "nbDroppedRows": 0,
                        "name": "Assertion 1"
                    },
                    {
                        "result": true,
                        "validRatio": 0.10646900269541779,
                        "nbMatchingRows": 1484,
                        "nbDroppedRows": 0,
                        "name": "Assertion 2"
                    }
                ]
            },
            {
                "passingAssertionsRatio": 0.0,
                "perAssertion": [
                    {
                        "result": false,
                        "validRatio": 0.09196234612599566,
                        "nbMatchingRows": 1381,
                        "nbDroppedRows": 0,
                        "name": "Assertion 1"
                    },
                    {
                        "result": false,
                        "validRatio": 0.08221024258760108,
                        "nbMatchingRows": 1484,
                        "nbDroppedRows": 0,
                        "name": "Assertion 2"
                    }
                ]
            },
            {
                "passingAssertionsRatio": 0.0,
                "perAssertion": [
                    {
                        "result": false,
                        "validRatio": 0.06372194062273714,
                        "nbMatchingRows": 1381,
                        "nbDroppedRows": 0,
                        "name": "Assertion 1"
                    },
                    {
                        "result": false,
                        "validRatio": 0.05660377358490566,
                        "nbMatchingRows": 1484,
                        "nbDroppedRows": 0,
                        "name": "Assertion 2"
                    }
                ]
            },
            {
                "passingAssertionsRatio": 0.0,
                "perAssertion": [
                    {
                        "result": false,
                        "validRatio": 0.04634322954380883,
                        "nbMatchingRows": 1381,
                        "nbDroppedRows": 0,
                        "name": "Assertion 1"
                    },
                    {
                        "result": false,
                        "validRatio": 0.04043126684636118,
                        "nbMatchingRows": 1484,
                        "nbDroppedRows": 0,
                        "name": "Assertion 2"
                    }
                ]
            },
            {
                "passingAssertionsRatio": 0.0,
                "perAssertion": [
                    {
                        "result": false,
                        "validRatio": 0.020999275887038378,
                        "nbMatchingRows": 1381,
                        "nbDroppedRows": 0,
                        "name": "Assertion 1"
                    },
                    {
                        "result": false,
                        "validRatio": 0.018194070080862535,
                        "nbMatchingRows": 1484,
                        "nbDroppedRows": 0,
                        "name": "Assertion 2"
                    }
                ]
            },
            {
                "passingAssertionsRatio": 0.0,
                "perAssertion": [
                    {
                        "result": false,
                        "validRatio": 0.011585807385952208,
                        "nbMatchingRows": 1381,
                        "nbDroppedRows": 0,
                        "name": "Assertion 1"
                    },
                    {
                        "result": false,
                        "validRatio": 0.009433962264150943,
                        "nbMatchingRows": 1484,
                        "nbDroppedRows": 0,
                        "name": "Assertion 2"
                    }
                ]
            },
            {
                "passingAssertionsRatio": 0.0,
                "perAssertion": [
                    {
                        "result": false,
                        "validRatio": 0.003620564808110065,
                        "nbMatchingRows": 1381,
                        "nbDroppedRows": 0,
                        "name": "Assertion 1"
                    },
                    {
                        "result": false,
                        "validRatio": 0.0020215633423180594,
                        "nbMatchingRows": 1484,
                        "nbDroppedRows": 0,
                        "name": "Assertion 2"
                    }
                ]
            },
            {
                "passingAssertionsRatio": 0.0,
                "perAssertion": [
                    {
                        "result": false,
                        "validRatio": 0.001448225923244026,
                        "nbMatchingRows": 1381,
                        "nbDroppedRows": 0,
                        "name": "Assertion 1"
                    },
                    {
                        "result": false,
                        "validRatio": 0.0,
                        "nbMatchingRows": 1484,
                        "nbDroppedRows": 0,
                        "name": "Assertion 2"
                    }
                ]
            },
            {
                "passingAssertionsRatio": 0.0,
                "perAssertion": [
                    {
                        "result": false,
                        "validRatio": 0.000724112961622013,
                        "nbMatchingRows": 1381,
                        "nbDroppedRows": 0,
                        "name": "Assertion 1"
                    },
                    {
                        "result": false,
                        "validRatio": 0.0,
                        "nbMatchingRows": 1484,
                        "nbDroppedRows": 0,
                        "name": "Assertion 2"
                    }
                ]
            },
            {
                "passingAssertionsRatio": 0.0,
                "perAssertion": [
                    {
                        "result": false,
                        "validRatio": 0.0,
                        "nbMatchingRows": 1381,
                        "nbDroppedRows": 0,
                        "name": "Assertion 1"
                    },
                    {
                        "result": false,
                        "validRatio": 0.0,
                        "nbMatchingRows": 1484,
                        "nbDroppedRows": 0,
                        "name": "Assertion 2"
                    }
                ]
            }
        ]
    },
    "optimalThreshold": 0.5500000000000002,
    "usedThreshold": 0.5500000000000002,
    "rocVizData": [
        [
            {
                "x": 0.0,
                "y": 0.0,
                "p": 1.9545171805517247
            },
            {
                "x": 0.007614213197969543,
                "y": 0.043478260869565216,
                "p": 0.8597190463004609
            },
            {
                "x": 0.025380710659898477,
                "y": 0.07729468599033816,
                "p": 0.8243204317946907
            },
            {
                "x": 0.0350253807106599,
                "y": 0.13526570048309178,
                "p": 0.7932400654658551
            },
            {
                "x": 0.046700507614213196,
                "y": 0.17391304347826086,
                "p": 0.7752828455180139
            },
            {
                "x": 0.06091370558375635,
                "y": 0.21256038647342995,
                "p": 0.7517999545846102
            },
            {
                "x": 0.07258883248730964,
                "y": 0.25120772946859904,
                "p": 0.7352322865364358
            },
            {
                "x": 0.09441624365482233,
                "y": 0.28019323671497587,
                "p": 0.7112407837042549
            },
            {
                "x": 0.1050761421319797,
                "y": 0.3285024154589372,
                "p": 0.694181089794164
            },
            {
                "x": 0.12131979695431472,
                "y": 0.36231884057971014,
                "p": 0.6745407393235777
            },
            {
                "x": 0.13401015228426397,
                "y": 0.40096618357487923,
                "p": 0.6598898546117248
            },
            {
                "x": 0.14873096446700507,
                "y": 0.4396135265700483,
                "p": 0.6447596448519327
            },
            {
                "x": 0.16802030456852793,
                "y": 0.47342995169082125,
                "p": 0.6265922725719058
            },
            {
                "x": 0.18223350253807108,
                "y": 0.5120772946859904,
                "p": 0.6122286932185419
            },
            {
                "x": 0.19847715736040608,
                "y": 0.5507246376811594,
                "p": 0.5968018282417519
            },
            {
                "x": 0.23045685279187816,
                "y": 0.5700483091787439,
                "p": 0.5781015160267731
            },
            {
                "x": 0.24213197969543146,
                "y": 0.6135265700483091,
                "p": 0.5664081813491413
            },
            {
                "x": 0.2614213197969543,
                "y": 0.6473429951690821,
                "p": 0.5503811191679057
            },
            {
                "x": 0.29644670050761424,
                "y": 0.6763285024154589,
                "p": 0.5262478952930759
            },
            {
                "x": 0.3248730964467005,
                "y": 0.7004830917874396,
                "p": 0.5073032764014604
            },
            {
                "x": 0.34822335025380713,
                "y": 0.7294685990338164,
                "p": 0.49215052340249527
            },
            {
                "x": 0.36598984771573606,
                "y": 0.7632850241545893,
                "p": 0.47447061585744754
            },
            {
                "x": 0.3852791878172589,
                "y": 0.7971014492753623,
                "p": 0.46018855275657905
            },
            {
                "x": 0.43248730964467,
                "y": 0.821256038647343,
                "p": 0.4317864911660104
            },
            {
                "x": 0.4796954314720812,
                "y": 0.8357487922705314,
                "p": 0.39989741261970896
            },
            {
                "x": 0.5071065989847716,
                "y": 0.8647342995169082,
                "p": 0.3777692563474878
            },
            {
                "x": 0.5294416243654823,
                "y": 0.893719806763285,
                "p": 0.36195048968945365
            },
            {
                "x": 0.5609137055837563,
                "y": 0.9130434782608695,
                "p": 0.344810562827589
            },
            {
                "x": 0.6218274111675127,
                "y": 0.927536231884058,
                "p": 0.30297055529189026
            },
            {
                "x": 0.6685279187817259,
                "y": 0.9468599033816425,
                "p": 0.27658127304606456
            },
            {
                "x": 0.701015228426396,
                "y": 0.966183574879227,
                "p": 0.2578058600077336
            },
            {
                "x": 0.750253807106599,
                "y": 0.9855072463768116,
                "p": 0.22077326952270315
            },
            {
                "x": 0.7934010152284264,
                "y": 0.9951690821256038,
                "p": 0.1941857061766615
            },
            {
                "x": 0.8878172588832487,
                "y": 0.9951690821256038,
                "p": 0.12408784309909618
            },
            {
                "x": 0.9670050761421319,
                "y": 0.9951690821256038,
                "p": 0.06460654079823407
            },
            {
                "x": 1.0,
                "y": 1.0,
                "p": 0.014203049208201445
            }
        ]
    ],
    "liftVizData": {
        "bins": [
            {
                "bin_pos_prop": 0.2614678899,
                "bin_lift": 2.7498337987,
                "cum_lift": 0.2753623188,
                "cum_size": 0.1001378043,
                "bin_min": 0.7227869132,
                "bin_max": 0.9545171806,
                "percentile_idx": 0
            },
            {
                "bin_pos_prop": 0.1926605505,
                "bin_lift": 2.0261933254,
                "cum_lift": 0.4782608696,
                "cum_size": 0.2002756086,
                "bin_min": 0.6239831316,
                "bin_max": 0.7227869132,
                "percentile_idx": 1
            },
            {
                "bin_pos_prop": 0.1612903226,
                "bin_lift": 1.6962755182,
                "cum_lift": 0.6473429952,
                "cum_size": 0.2999540652,
                "bin_min": 0.5484517655,
                "bin_max": 0.6239831316,
                "percentile_idx": 2
            },
            {
                "bin_pos_prop": 0.1055045872,
                "bin_lift": 1.1095820591,
                "cum_lift": 0.7584541063,
                "cum_size": 0.4000918695,
                "bin_min": 0.4789223394,
                "bin_max": 0.5484517655,
                "percentile_idx": 3
            },
            {
                "bin_pos_prop": 0.0737327189,
                "bin_lift": 0.7754402369,
                "cum_lift": 0.8357487923,
                "cum_size": 0.4997703261,
                "bin_min": 0.4078679751,
                "bin_max": 0.4789223394,
                "percentile_idx": 4
            },
            {
                "bin_pos_prop": 0.0733944954,
                "bin_lift": 0.7718831716,
                "cum_lift": 0.9130434783,
                "cum_size": 0.5999081305,
                "bin_min": 0.3402449988,
                "bin_max": 0.4078679751,
                "percentile_idx": 5
            },
            {
                "bin_pos_prop": 0.0366972477,
                "bin_lift": 0.3859415858,
                "cum_lift": 0.9516908213,
                "cum_size": 0.7000459348,
                "bin_min": 0.2716960631,
                "bin_max": 0.3402449988,
                "percentile_idx": 6
            },
            {
                "bin_pos_prop": 0.0368663594,
                "bin_lift": 0.3877201184,
                "cum_lift": 0.9903381643,
                "cum_size": 0.7997243914,
                "bin_min": 0.2036967155,
                "bin_max": 0.2716960631,
                "percentile_idx": 7
            },
            {
                "bin_pos_prop": 0.004587156,
                "bin_lift": 0.0482426982,
                "cum_lift": 0.9951690821,
                "cum_size": 0.8998621957,
                "bin_min": 0.122907718,
                "bin_max": 0.2036967155,
                "percentile_idx": 8
            },
            {
                "bin_pos_prop": 0.004587156,
                "bin_lift": 0.0482426982,
                "cum_lift": 1.0,
                "cum_size": 1.0,
                "bin_min": 0.0142030492,
                "bin_max": 0.122907718,
                "percentile_idx": 9
            }
        ],
        "wizard": {
            "positives": 207,
            "total": 2177
        }
    },
    "densityData": {
        "False": {
            "actualIsThisClass": [
                0.010609858914492471,
                0.01485860439009609,
                0.020404814671106695,
                0.02753019874315957,
                0.03655424088488399,
                0.047828576310345164,
                0.061720369313804826,
                0.07858115698949782,
                0.09870083836962781,
                0.12225168727697198,
                0.1492331445879374,
                0.17943245749997888,
                0.21241650795901826,
                0.2475648571671977,
                0.28414359024322056,
                0.3214068503990224,
                0.35870255395638745,
                0.39555512606227994,
                0.4317034809558333,
                0.4670857092322281,
                0.5017785856963738,
                0.5359140978135405,
                0.5696016439350046,
                0.6028811943624968,
                0.6357209827958177,
                0.6680574867304758,
                0.6998609937278727,
                0.7312016195822473,
                0.7622907307162927,
                0.7934809481198808,
                0.825221251259456,
                0.8579775471603502,
                0.89213885331574,
                0.9279321009086074,
                0.9653643439597317,
                1.0042022507867217,
                1.043988817754071,
                1.08408952237855,
                1.1237562552979377,
                1.1621972242557475,
                1.1986434751626693,
                1.2324064384419322,
                1.2629248932840194,
                1.2898028576251712,
                1.3128408940128444,
                1.3320611878637787,
                1.3477218344103257,
                1.3603104719355914,
                1.370505676586671,
                1.3790997977881045,
                1.386889393745913,
                1.3945548262150964,
                1.4025613815046343,
                1.4111135264284462,
                1.4201793550316975,
                1.4295785108675285,
                1.4391036314522017,
                1.4486329023396043,
                1.4581951848877313,
                1.467967495230845,
                1.4782091721475592,
                1.4891577121640132,
                1.5009207643309794,
                1.5133957746692968,
                1.5262371744465828,
                1.5388769448058048,
                1.550592640018968,
                1.560609075912641,
                1.568214886792069,
                1.572871735756873,
                1.574292579832608,
                1.5724684094252583,
                1.567632690886117,
                1.5601690849127963,
                1.55048652221969,
                1.5388989935764326,
                1.5255484415630645,
                1.5103952671129823,
                1.49327608643754,
                1.4740019290201058,
                1.4524530487519314,
                1.4286264795416916,
                1.4026099983981766,
                1.374484595035687,
                1.3441859214956837,
                1.3113729424182845,
                1.2753531504839615,
                1.235098755637192,
                1.1893632313587221,
                1.136881066998852,
                1.0766131664414726,
                1.0079903723982018,
                0.9311085552466706,
                0.846838300021866,
                0.756827179880373,
                0.6633900223979521,
                0.5693003031456746,
                0.4775119429562354,
                0.3908530780723504,
                0.31173917015555797
            ],
            "actualIsThisClassMedian": 0.6187669978600592,
            "actualIsNotThisClass": [
                0.04989974349972079,
                0.06999918252610722,
                0.09610889173443711,
                0.12921797502616744,
                0.17021914955798056,
                0.2198278393191984,
                0.2785054303553012,
                0.34639642929960907,
                0.42328783534441716,
                0.5085958807195897,
                0.6013810974620385,
                0.7003884829019146,
                0.8041064794898918,
                0.9108373541798271,
                1.018772523357445,
                1.126068840511005,
                1.2309246814203711,
                1.331656485672894,
                1.4267762465581784,
                1.5150680641010477,
                1.5956580161664489,
                1.6680677509894755,
                1.7322401178409912,
                1.7885262130168904,
                1.8376278821477872,
                1.8804972631549361,
                1.9182036205955362,
                1.9517852311270427,
                1.9821083267794062,
                2.009754814136824,
                2.034955613168044,
                2.0575781770223185,
                2.077167094769527,
                2.0930279075227953,
                2.1043382273640883,
                2.110267880113847,
                2.1100909811888533,
                2.1032766168448873,
                2.089549743058476,
                2.068918743747837,
                2.041670036062726,
                2.0083330504315087,
                1.9696212074417714,
                1.926356627638457,
                1.879388406906598,
                1.8295159946569757,
                1.7774296794473483,
                1.7236784696718737,
                1.6686712324991646,
                1.6127101743266894,
                1.556047984734739,
                1.498953342129188,
                1.441766205675439,
                1.384925893797804,
                1.3289615025786574,
                1.2744442747662375,
                1.2219123460835073,
                1.1717866641186483,
                1.1243001624537607,
                1.0794593110827368,
                1.03704868591707,
                0.9966776487081603,
                0.9578570023916309,
                0.9200858702291308,
                0.882927189389985,
                0.8460544863768789,
                0.8092615560397505,
                0.7724375237932596,
                0.7355193369502941,
                0.6984393612618505,
                0.6610860986613357,
                0.6232913272593207,
                0.5848488260464091,
                0.5455607299187929,
                0.5052999674194572,
                0.4640730292937522,
                0.4220672931075416,
                0.3796709204684395,
                0.33745966238871805,
                0.29615200495623517,
                0.25654026031250093,
                0.21940922299481133,
                0.18545532785861757,
                0.1552180187164664,
                0.12903194179596778,
                0.10700453719530077,
                0.08901951173392894,
                0.07476321540299831,
                0.06376848721959388,
                0.055469182703445336,
                0.04925825200546671,
                0.04454272357707192,
                0.040790067256503845,
                0.03756198176445829,
                0.03453350062333611,
                0.03149724768221355,
                0.028354482687623108,
                0.02509603235589963,
                0.021777107814780126,
                0.018490251008056634
            ],
            "actualIsNotThisClassMedian": 0.38321646833775636
        },
        "True": {
            "actualIsThisClass": [
                0.018490251008056634,
                0.021777107814780143,
                0.025096032355899665,
                0.02835448268762317,
                0.03149724768221355,
                0.03453350062333615,
                0.0375619817644583,
                0.040790067256503845,
                0.04454272357707192,
                0.04925825200546671,
                0.05546918270344593,
                0.06376848721959394,
                0.07476321540299864,
                0.08901951173392902,
                0.10700453719530077,
                0.12903194179596778,
                0.15521801871646673,
                0.18545532785861815,
                0.21940922299481133,
                0.25654026031250093,
                0.29615200495623545,
                0.33745966238871805,
                0.3796709204684395,
                0.422067293107542,
                0.46407302929375305,
                0.5052999674194589,
                0.5455607299187925,
                0.5848488260464102,
                0.6232913272593196,
                0.6610860986613364,
                0.6984393612618492,
                0.7355193369502954,
                0.7724375237932596,
                0.809261556039749,
                0.8460544863768765,
                0.8829271893899835,
                0.9200858702291291,
                0.9578570023916274,
                0.9966776487081603,
                1.0370486859170691,
                1.0794593110827282,
                1.1243001624537616,
                1.171786664118641,
                1.2219123460835062,
                1.2744442747662397,
                1.328961502578656,
                1.384925893797804,
                1.4417662056754363,
                1.498953342129184,
                1.5560479847347337,
                1.6127101743266894,
                1.6686712324991617,
                1.7236784696718797,
                1.777429679447345,
                1.8295159946569821,
                1.879388406906588,
                1.92635662763845,
                1.9696212074417678,
                2.0083330504315087,
                2.041670036062719,
                2.0689187437478296,
                2.0895497430584795,
                2.1032766168448758,
                2.1100909811888497,
                2.1102678801138617,
                2.104338227364092,
                2.0930279075228024,
                2.0771670947695346,
                2.0575781770223003,
                2.0349556131680404,
                2.0097548141368278,
                1.9821083267794097,
                1.9517852311270427,
                1.9182036205955362,
                1.8804972631549395,
                1.8376278821477905,
                1.7885262130168873,
                1.732240117840985,
                1.6680677509894726,
                1.5956580161664518,
                1.5150680641010368,
                1.426776246558186,
                1.3316564856728905,
                1.2309246814203711,
                1.126068840511003,
                1.0187725233574432,
                0.9108373541798288,
                0.8041064794898918,
                0.7003884829019139,
                0.601381097462039,
                0.5085958807195915,
                0.4232878353444168,
                0.34639642929960845,
                0.2785054303553012,
                0.21982783931919792,
                0.17021914955797987,
                0.12921797502616728,
                0.09610889173443701,
                0.06999918252610714,
                0.04989974349972079
            ],
            "actualIsThisClassMedian": 0.6167835316622436,
            "actualIsNotThisClass": [
                0.3117391701555566,
                0.39085307807235287,
                0.477511942956232,
                0.5693003031456746,
                0.6633900223979674,
                0.7568271798803662,
                0.8468383000218682,
                0.9311085552466822,
                1.0079903723982035,
                1.076613166441461,
                1.1368810669988458,
                1.1893632313587201,
                1.2350987556371984,
                1.275353150483949,
                1.3113729424182845,
                1.344185921495666,
                1.3744845950356748,
                1.4026099983981877,
                1.4286264795417143,
                1.4524530487519545,
                1.474001929020128,
                1.4932760864375427,
                1.5103952671129581,
                1.5255484415630753,
                1.5388989935764545,
                1.5504865222197148,
                1.5601690849127963,
                1.567632690886117,
                1.5724684094252526,
                1.5742925798325966,
                1.5728717357568616,
                1.5682148867920662,
                1.5606090759126132,
                1.5505926400189431,
                1.5388769448057993,
                1.5262371744465775,
                1.5133957746692617,
                1.500920764331001,
                1.4891577121639972,
                1.4782091721475565,
                1.4679674952308488,
                1.4581951848876988,
                1.448632902339585,
                1.4391036314521837,
                1.429578510867494,
                1.4201793550316824,
                1.411113526428435,
                1.402561381504623,
                1.3945548262150902,
                1.3868893937459292,
                1.3790997977881045,
                1.3705056765866745,
                1.3603104719355612,
                1.3477218344103425,
                1.3320611878637492,
                1.31284089401282,
                1.289802857625177,
                1.262924893284025,
                1.2324064384419333,
                1.19864347516268,
                1.1621972242557392,
                1.1237562552979574,
                1.0840895223785645,
                1.0439888177540804,
                1.0042022507867137,
                0.9653643439597437,
                0.9279321009086025,
                0.8921388533157362,
                0.8579775471603487,
                0.8252212512594523,
                0.7934809481198793,
                0.7622907307162974,
                0.731201619582246,
                0.6998609937278734,
                0.668057486730474,
                0.6357209827958091,
                0.6028811943624834,
                0.569601643935008,
                0.53591409781354,
                0.5017785856963716,
                0.4670857092322318,
                0.431703480955831,
                0.3955551260622785,
                0.3587025539563849,
                0.3214068503990218,
                0.28414359024322133,
                0.2475648571671966,
                0.21241650795901787,
                0.17943245749997855,
                0.14923314458793793,
                0.12225168727697307,
                0.09870083836962816,
                0.0785811569894974,
                0.061720369313805104,
                0.04782857631034478,
                0.03655424088488379,
                0.0275301987431599,
                0.02040481467110657,
                0.014858604390096078,
                0.01060985891449251
            ],
            "actualIsNotThisClassMedian": 0.3812330021399409
        }
    },
    "calibrationData": [
        {
            "y": 0,
            "x": 0,
            "n": 0
        },
        {
            "y": 0.006369426751592357,
            "x": 0.06519379646368834,
            "n": 157.0
        },
        {
            "y": 0.0037593984962406013,
            "x": 0.15211717426391294,
            "n": 266.0
        },
        {
            "y": 0.034055727554179564,
            "x": 0.2511528903359843,
            "n": 323.0
        },
        {
            "y": 0.06666666666666667,
            "x": 0.3488059473270135,
            "n": 315.0
        },
        {
            "y": 0.0802675585284281,
            "x": 0.447771509110408,
            "n": 299.0
        },
        {
            "y": 0.12264150943396226,
            "x": 0.5482748602739168,
            "n": 318.0
        },
        {
            "y": 0.19230769230769232,
            "x": 0.6464746011321802,
            "n": 234.0
        },
        {
            "y": 0.24293785310734464,
            "x": 0.747297781792193,
            "n": 177.0
        },
        {
            "y": 0.26506024096385544,
            "x": 0.840525875202874,
            "n": 83.0
        },
        {
            "y": 0.0,
            "x": 0.9269158261688704,
            "n": 5.0
        },
        {
            "y": 1,
            "x": 1,
            "n": 0
        }
    ],
    "probaDistribData": {
        "bins": [
            0.0,
            0.1,
            0.2,
            0.3,
            0.4,
            0.5,
            0.6,
            0.7,
            0.8,
            0.9,
            1.0
        ],
        "probaDistribs": [
            [
                156.0,
                265.0,
                312.0,
                294.0,
                275.0,
                279.0,
                189.0,
                134.0,
                61.0,
                5.0
            ],
            [
                1.0,
                1.0,
                11.0,
                21.0,
                24.0,
                39.0,
                45.0,
                43.0,
                22.0,
                0.0
            ]
        ]
    },
    "globalMetrics": {
        "testWeight": 2177,
        "targetAvg": [
            0.09508497932935232
        ],
        "targetStd": [
            0.2933996732015037
        ],
        "predictionAvg": [
            0.2981166743224621
        ],
        "predictionStd": [
            0.45753609949022805
        ]
    }
}