{
  "params": {
    "ttPolicy": "SPLIT_SINGLE_DATASET",
    "ssdSplitMode": "RANDOM",
    "splitBeforePrepare": true,
    "ssdSelection": {
      "useMemTable": false,
      "filter": {
        "distinct": false,
        "enabled": false
      },
      "partitionSelectionMethod": "ALL",
      "latestPartitionsN": 1,
      "ordering": {
        "enabled": false,
        "rules": []
      },
      "samplingMethod": "HEAD_SEQUENTIAL",
      "maxRecords": 100000,
      "targetRatio": 0.02,
      "withinFirstN": -1,
      "maxReadUncompressedBytes": -1
    },
    "ssdTrainingRatio": 0.8,
    "ssdSeed": 1337,
    "testOnLargerValues": true,
    "kfold": false,
    "nFolds": 5,
    "instanceIdRefresher": 0,
    "subSamplingSeed": 1337
  },
  "generationDate": 1629399200514,
  "policyId": "type\u003dSPLIT_SINGLE_DATASET,split\u003dRANDOM,splitBeforePrepare\u003dtrue,ds\u003dcustomers_labeled,sel\u003d(method\u003dhead-s,records\u003d100000),r\u003d0.8,s\u003d1337",
  "instanceId": "406902f241f872b8fd63bf07ec6f25f6-0",
  "format": "csv1",
  "schema": {
    "columns": [
      {"name":"customerID","type":"string"},
      {"name":"gender","type":"string"},
      {"name":"age_first_order","type":"bigint"},
      {"name":"user_agent_brand","type":"string"},
      {"name":"user_agent_os","type":"string"},
      {"name":"ip_address_country","type":"string"},
      {"name":"ip_address_geopoint","type":"string"},
      {"name":"campaign","type":"boolean"},
      {"name":"pages_visited_avg","type":"double"},
      {"name":"high_revenue","type":"boolean"}
    ],
    "userModified": false
  },
  "trainPath": "train-406902f241f872b8fd63bf07ec6f25f6-0.csv.gz",
  "testPath": "test-406902f241f872b8fd63bf07ec6f25f6-0.csv.gz",
  "trainRows": 8610,
  "testRows": 2177,
  "fullRows": 0
}