{
    "target_variable": "high_revenue",
    "prediction_type": "BINARY_CLASSIFICATION",
    "weight": {
        "weightMethod": "CLASS_WEIGHT"
    },
    "calibration": {
        "calibrationMethod": "NO_CALIBRATION"
    },
    "time": {
        "enabled": false,
        "ascending": true
    },
    "partitionedModel": {
        "enabled": false,
        "ssdSelection": {
            "useMemTable": false,
            "filter": {
                "distinct": false,
                "enabled": false
            },
            "partitionSelectionMethod": "ALL",
            "latestPartitionsN": 1,
            "ordering": {
                "enabled": false,
                "rules": []
            },
            "samplingMethod": "FULL",
            "maxRecords": -1,
            "targetRatio": 0.02,
            "withinFirstN": -1,
            "maxReadUncompressedBytes": -1
        }
    },
    "backendType": "PY_MEMORY",
    "taskType": "PREDICTION",
    "diagnosticsSettings": {
        "enabled": true,
        "settings": [
            {
                "type": "ML_DIAGNOSTICS_DATASET_SANITY_CHECKS",
                "enabled": true
            },
            {
                "type": "ML_DIAGNOSTICS_MODELING_PARAMETERS",
                "enabled": true
            },
            {
                "type": "ML_DIAGNOSTICS_RUNTIME",
                "enabled": true
            },
            {
                "type": "ML_DIAGNOSTICS_TRAINING_OVERFIT",
                "enabled": true
            },
            {
                "type": "ML_DIAGNOSTICS_LEAKAGE_DETECTION",
                "enabled": true
            },
            {
                "type": "ML_DIAGNOSTICS_MODEL_CHECK",
                "enabled": true
            },
            {
                "type": "ML_DIAGNOSTICS_ML_ASSERTIONS",
                "enabled": true
            }
        ]
    },
    "executionParams": {
        "envSelection": {
            "envMode": "USE_BUILTIN_MODE"
        },
        "containerSelection": {
            "containerMode": "INHERIT"
        },
        "sparkParams": {
            "sparkConf": {
                "inheritConf": "default",
                "conf": []
            },
            "sparkUseGlobalMetastore": false,
            "sparkPreparedDFStorageLevel": "MEMORY_AND_DISK",
            "sparkRepartitionNonHDFS": 1,
            "pipelineAllowStart": true,
            "pipelineAllowMerge": true,
            "sparkExecutionEngine": "SPARK_SUBMIT"
        },
        "sparkCheckpoint": "NONE",
        "gpuConfig": {
            "params": {
                "useGpu": true,
                "gpuList": [
                    0
                ],
                "perGPUMemoryFraction": 0.5,
                "gpuAllowGrowth": false
            },
            "disabledCapabilities": []
        }
    }
}