{
  "columns": [
    {"name":"customerID","type":"string","meaning":"Text"},
    {"name":"gender","type":"string"},
    {"name":"age_first_order","type":"bigint"},
    {"name":"user_agent_brand","type":"string"},
    {"name":"user_agent_os","type":"string"},
    {"name":"ip_address_country","type":"string"},
    {"name":"ip_address_geopoint","type":"string"},
    {"name":"campaign","type":"boolean"},
    {"name":"pages_visited_avg","type":"double"},
    {"name":"high_revenue","type":"boolean"}
  ],
  "userModified": true
}