[
    {
        "test_score_gib": 0.7274679500141545,
        "train_score": 0.8071515870649449,
        "test_score": 0.7274679500141545,
        "num_samples": 1723,
        "fit_time": 37,
        "score_time": 62,
        "time": 99,
        "parameters": {
            "C": 1.0,
            "penalty": "l2"
        },
        "best_iteration": null,
        "done_at": 1629399208018,
        "split_id": 0
    },
    {
        "test_score_gib": 0.7594696892615127,
        "train_score": 0.8002344985700718,
        "test_score": 0.7594696892615127,
        "num_samples": 1722,
        "fit_time": 57,
        "score_time": 39,
        "time": 96,
        "parameters": {
            "C": 1.0,
            "penalty": "l2"
        },
        "best_iteration": null,
        "done_at": 1629399208016,
        "split_id": 1
    },
    {
        "test_score_gib": 0.7356586150057997,
        "train_score": 0.802713726573956,
        "test_score": 0.7356586150057997,
        "num_samples": 1722,
        "fit_time": 60,
        "score_time": 18,
        "time": 78,
        "parameters": {
            "C": 1.0,
            "penalty": "l2"
        },
        "best_iteration": null,
        "done_at": 1629399207998,
        "split_id": 2
    },
    {
        "test_score_gib": 0.7433426263201808,
        "train_score": 0.799826691535572,
        "test_score": 0.7433426263201808,
        "num_samples": 1722,
        "fit_time": 40,
        "score_time": 29,
        "time": 69,
        "parameters": {
            "C": 1.0,
            "penalty": "l2"
        },
        "best_iteration": null,
        "done_at": 1629399207990,
        "split_id": 3
    },
    {
        "test_score_gib": 0.7465994428787854,
        "train_score": 0.8008519278534313,
        "test_score": 0.7465994428787854,
        "num_samples": 1721,
        "fit_time": 39,
        "score_time": 17,
        "time": 56,
        "parameters": {
            "C": 1.0,
            "penalty": "l2"
        },
        "best_iteration": null,
        "done_at": 1629399208051,
        "split_id": 4
    },
    {
        "test_score_gib": 0.7423868645610062,
        "train_score": 0.793767802390036,
        "test_score": 0.7423868645610062,
        "num_samples": 1723,
        "fit_time": 56,
        "score_time": 51,
        "time": 107,
        "parameters": {
            "C": 0.1,
            "penalty": "l2"
        },
        "best_iteration": null,
        "done_at": 1629399208113,
        "split_id": 0
    },
    {
        "test_score_gib": 0.7771941962923018,
        "train_score": 0.7852654022404875,
        "test_score": 0.7771941962923018,
        "num_samples": 1722,
        "fit_time": 36,
        "score_time": 46,
        "time": 82,
        "parameters": {
            "C": 0.1,
            "penalty": "l2"
        },
        "best_iteration": null,
        "done_at": 1629399208105,
        "split_id": 1
    },
    {
        "test_score_gib": 0.7608147982336542,
        "train_score": 0.7881172574132359,
        "test_score": 0.7608147982336542,
        "num_samples": 1722,
        "fit_time": 55,
        "score_time": 73,
        "time": 128,
        "parameters": {
            "C": 0.1,
            "penalty": "l2"
        },
        "best_iteration": null,
        "done_at": 1629399208157,
        "split_id": 2
    },
    {
        "test_score_gib": 0.7644044687735292,
        "train_score": 0.7863252433189372,
        "test_score": 0.7644044687735292,
        "num_samples": 1722,
        "fit_time": 50,
        "score_time": 61,
        "time": 111,
        "parameters": {
            "C": 0.1,
            "penalty": "l2"
        },
        "best_iteration": null,
        "done_at": 1629399208182,
        "split_id": 3
    },
    {
        "test_score_gib": 0.769584765504097,
        "train_score": 0.7861869339740041,
        "test_score": 0.769584765504097,
        "num_samples": 1721,
        "fit_time": 36,
        "score_time": 68,
        "time": 104,
        "parameters": {
            "C": 0.1,
            "penalty": "l2"
        },
        "best_iteration": null,
        "done_at": 1629399208210,
        "split_id": 4
    },
    {
        "test_score_gib": 0.7504954098758444,
        "train_score": 0.781930580473672,
        "test_score": 0.7504954098758444,
        "num_samples": 1723,
        "fit_time": 24,
        "score_time": 26,
        "time": 50,
        "parameters": {
            "C": 0.01,
            "penalty": "l2"
        },
        "best_iteration": null,
        "done_at": 1629399208172,
        "split_id": 0
    },
    {
        "test_score_gib": 0.7827821981644655,
        "train_score": 0.773264114936812,
        "test_score": 0.7827821981644655,
        "num_samples": 1722,
        "fit_time": 23,
        "score_time": 50,
        "time": 73,
        "parameters": {
            "C": 0.01,
            "penalty": "l2"
        },
        "best_iteration": null,
        "done_at": 1629399208233,
        "split_id": 1
    },
    {
        "test_score_gib": 0.7667365336480739,
        "train_score": 0.7766945963472377,
        "test_score": 0.7667365336480739,
        "num_samples": 1722,
        "fit_time": 19,
        "score_time": 44,
        "time": 63,
        "parameters": {
            "C": 0.01,
            "penalty": "l2"
        },
        "best_iteration": null,
        "done_at": 1629399208236,
        "split_id": 2
    },
    {
        "test_score_gib": 0.773744938035449,
        "train_score": 0.7754997509468717,
        "test_score": 0.773744938035449,
        "num_samples": 1722,
        "fit_time": 49,
        "score_time": 21,
        "time": 70,
        "parameters": {
            "C": 0.01,
            "penalty": "l2"
        },
        "best_iteration": null,
        "done_at": 1629399208259,
        "split_id": 3
    },
    {
        "test_score_gib": 0.7720119895091795,
        "train_score": 0.7755767560456529,
        "test_score": 0.7720119895091795,
        "num_samples": 1721,
        "fit_time": 23,
        "score_time": 31,
        "time": 54,
        "parameters": {
            "C": 0.01,
            "penalty": "l2"
        },
        "best_iteration": null,
        "done_at": 1629399208271,
        "split_id": 4
    },
    {
        "test_score_gib": 0.7050673353014923,
        "train_score": 0.814713945676188,
        "test_score": 0.7050673353014923,
        "num_samples": 1723,
        "fit_time": 214,
        "score_time": 47,
        "time": 261,
        "parameters": {
            "C": 100.0,
            "penalty": "l2"
        },
        "best_iteration": null,
        "done_at": 1629399208635,
        "split_id": 0
    },
    {
        "test_score_gib": 0.7216072119004497,
        "train_score": 0.8080152180224547,
        "test_score": 0.7216072119004497,
        "num_samples": 1722,
        "fit_time": 244,
        "score_time": 61,
        "time": 305,
        "parameters": {
            "C": 100.0,
            "penalty": "l2"
        },
        "best_iteration": null,
        "done_at": 1629399208670,
        "split_id": 1
    },
    {
        "test_score_gib": 0.7027451618811177,
        "train_score": 0.8097387774323574,
        "test_score": 0.7027451618811177,
        "num_samples": 1722,
        "fit_time": 189,
        "score_time": 26,
        "time": 215,
        "parameters": {
            "C": 100.0,
            "penalty": "l2"
        },
        "best_iteration": null,
        "done_at": 1629399208581,
        "split_id": 2
    },
    {
        "test_score_gib": 0.6931442176593883,
        "train_score": 0.8069137199189924,
        "test_score": 0.6931442176593883,
        "num_samples": 1722,
        "fit_time": 231,
        "score_time": 110,
        "time": 341,
        "parameters": {
            "C": 100.0,
            "penalty": "l2"
        },
        "best_iteration": null,
        "done_at": 1629399208716,
        "split_id": 3
    },
    {
        "test_score_gib": 0.7185641911153826,
        "train_score": 0.8087751489508678,
        "test_score": 0.7185641911153826,
        "num_samples": 1721,
        "fit_time": 238,
        "score_time": 23,
        "time": 261,
        "parameters": {
            "C": 100.0,
            "penalty": "l2"
        },
        "best_iteration": null,
        "done_at": 1629399208852,
        "split_id": 4
    },
    {
        "test_score_gib": 0.7122740324341812,
        "train_score": 0.8136008987821867,
        "test_score": 0.7122740324341812,
        "num_samples": 1723,
        "fit_time": 215,
        "score_time": 61,
        "time": 276,
        "parameters": {
            "C": 10.0,
            "penalty": "l2"
        },
        "best_iteration": null,
        "done_at": 1629399208918,
        "split_id": 0
    },
    {
        "test_score_gib": 0.7362629983109827,
        "train_score": 0.8069428036346263,
        "test_score": 0.7362629983109827,
        "num_samples": 1722,
        "fit_time": 143,
        "score_time": 85,
        "time": 228,
        "parameters": {
            "C": 10.0,
            "penalty": "l2"
        },
        "best_iteration": null,
        "done_at": 1629399208899,
        "split_id": 1
    },
    {
        "test_score_gib": 0.7121466799617426,
        "train_score": 0.8089384037383623,
        "test_score": 0.7121466799617426,
        "num_samples": 1722,
        "fit_time": 239,
        "score_time": 15,
        "time": 254,
        "parameters": {
            "C": 10.0,
            "penalty": "l2"
        },
        "best_iteration": null,
        "done_at": 1629399208971,
        "split_id": 2
    },
    {
        "test_score_gib": 0.7130868317698051,
        "train_score": 0.8061445889937566,
        "test_score": 0.7130868317698051,
        "num_samples": 1722,
        "fit_time": 89,
        "score_time": 17,
        "time": 106,
        "parameters": {
            "C": 10.0,
            "penalty": "l2"
        },
        "best_iteration": null,
        "done_at": 1629399208959,
        "split_id": 3
    },
    {
        "test_score_gib": 0.7261675924870086,
        "train_score": 0.8078469044123995,
        "test_score": 0.7261675924870086,
        "num_samples": 1721,
        "fit_time": 99,
        "score_time": 12,
        "time": 111,
        "parameters": {
            "C": 10.0,
            "penalty": "l2"
        },
        "best_iteration": null,
        "done_at": 1629399209011,
        "split_id": 4
    }
]