{
    "startedAt": 1629399207916,
    "gridSize": 5,
    "nThreads": 4,
    "nSplits": 5,
    "metric": "ROC_AUC",
    "timeout": null,
    "gridPoints": [
        {
            "finishedAt": 1629399208051,
            "score": 0.7425054426876238,
            "testScoreGibMean": 0.7425054426876238,
            "testScoreMean": 0.7425054426876238,
            "testScoreStd": 0.010755223788404685,
            "trainScoreMean": 0.8021564179873317,
            "trainScoreStd": 0.0026869649355407295,
            "time": 398,
            "fitTimeMean": 46.6,
            "fitTimeStd": 9.810198774744578,
            "scoreTimeMean": 33.0,
            "scoreTimeStd": 16.57709262808168,
            "best_iteration": null,
            "parameters": {
                "C": 1.0,
                "penalty": "l2"
            }
        },
        {
            "finishedAt": 1629399208210,
            "score": 0.7628738597994051,
            "testScoreGibMean": 0.7628738597994051,
            "testScoreMean": 0.7628738597994051,
            "testScoreStd": 0.011632930409231622,
            "trainScoreMean": 0.7879334083398623,
            "trainScoreStd": 0.0030609336781670187,
            "time": 532,
            "fitTimeMean": 46.6,
            "fitTimeStd": 8.890444308357146,
            "scoreTimeMean": 59.8,
            "scoreTimeStd": 10.107423014794621,
            "best_iteration": null,
            "parameters": {
                "C": 0.1,
                "penalty": "l2"
            }
        },
        {
            "finishedAt": 1629399208271,
            "score": 0.7691517148245777,
            "testScoreGibMean": 0.7691517148245777,
            "testScoreMean": 0.7691517148245777,
            "testScoreStd": 0.010669181172033382,
            "trainScoreMean": 0.7765938977087518,
            "trainScoreStd": 0.0028922464961193732,
            "time": 310,
            "fitTimeMean": 27.6,
            "fitTimeStd": 10.836973747315252,
            "scoreTimeMean": 34.4,
            "scoreTimeStd": 10.9288608738514,
            "best_iteration": null,
            "parameters": {
                "C": 0.01,
                "penalty": "l2"
            }
        },
        {
            "finishedAt": 1629399208852,
            "score": 0.7082240559924936,
            "testScoreGibMean": 0.7082240559924936,
            "testScoreMean": 0.7082240559924936,
            "testScoreStd": 0.010520034637992986,
            "trainScoreMean": 0.8096320517558893,
            "trainScoreStd": 0.002705156888625316,
            "time": 1383,
            "fitTimeMean": 223.2,
            "fitTimeStd": 19.833305322109073,
            "scoreTimeMean": 53.4,
            "scoreTimeStd": 31.550594289173063,
            "best_iteration": null,
            "parameters": {
                "C": 100.0,
                "penalty": "l2"
            }
        },
        {
            "finishedAt": 1629399209011,
            "score": 0.7199860133388472,
            "testScoreGibMean": 0.7199860133388472,
            "testScoreMean": 0.7199860133388472,
            "testScoreStd": 0.009712806101594222,
            "trainScoreMean": 0.8086953882042952,
            "trainScoreStd": 0.0026242980396422645,
            "time": 975,
            "fitTimeMean": 157.0,
            "fitTimeStd": 60.4516335594002,
            "scoreTimeMean": 38.0,
            "scoreTimeStd": 29.610808837314796,
            "best_iteration": null,
            "parameters": {
                "C": 10.0,
                "penalty": "l2"
            }
        }
    ]
}