{
    "modelInputNRows": 8610,
    "modelInputNCols": 217,
    "modelInputIsSparse": false,
    "modelInputMemory": 14946960,
    "usedGridSearch": true,
    "gridSize": 5,
    "gridBestScore": 0.7691517148245777,
    "gridCells": [
        {
            "params": {
                "C": 1.0,
                "penalty": "l2"
            },
            "score": 0.7425054426876238,
            "scoreStd": 0.010755223788404685,
            "fitTime": 0.0466,
            "fitTimeStd": 0.009810198774744578,
            "scoreTime": 0.033,
            "scoreTimeStd": 0.01657709262808168
        },
        {
            "params": {
                "C": 0.1,
                "penalty": "l2"
            },
            "score": 0.7628738597994051,
            "scoreStd": 0.011632930409231622,
            "fitTime": 0.0466,
            "fitTimeStd": 0.008890444308357146,
            "scoreTime": 0.0598,
            "scoreTimeStd": 0.010107423014794621
        },
        {
            "params": {
                "C": 0.01,
                "penalty": "l2"
            },
            "score": 0.7691517148245777,
            "scoreStd": 0.010669181172033382,
            "fitTime": 0.027600000000000003,
            "fitTimeStd": 0.010836973747315251,
            "scoreTime": 0.0344,
            "scoreTimeStd": 0.0109288608738514
        },
        {
            "params": {
                "C": 100.0,
                "penalty": "l2"
            },
            "score": 0.7082240559924936,
            "scoreStd": 0.010520034637992986,
            "fitTime": 0.22319999999999998,
            "fitTimeStd": 0.019833305322109075,
            "scoreTime": 0.053399999999999996,
            "scoreTimeStd": 0.03155059428917306
        },
        {
            "params": {
                "C": 10.0,
                "penalty": "l2"
            },
            "score": 0.7199860133388472,
            "scoreStd": 0.009712806101594222,
            "fitTime": 0.157,
            "fitTimeStd": 0.0604516335594002,
            "scoreTime": 0.038,
            "scoreTimeStd": 0.029610808837314796
        }
    ],
    "lmCoefficients": {
        "variables": [
            "age_first_order",
            "pages_visited_avg",
            "dummy:ip_address_geopoint:POINT(-97.822 37.751)",
            "dummy:ip_address_geopoint:POINT(139.69 35.69)",
            "dummy:ip_address_geopoint:POINT(113.7266 34.7725)",
            "dummy:ip_address_geopoint:POINT(126.9741 37.5112)",
            "dummy:ip_address_geopoint:POINT(-0.1224 51.4964)",
            "dummy:ip_address_geopoint:POINT(9.491 51.2993)",
            "dummy:ip_address_geopoint:POINT(-43.2192 -22.8305)",
            "dummy:ip_address_geopoint:POINT(2.3387 48.8582)",
            "dummy:ip_address_geopoint:POINT(4.8995 52.3824)",
            "dummy:ip_address_geopoint:POINT(-79.3716 43.6319)",
            "dummy:ip_address_geopoint:POINT(116.3883 39.9289)",
            "dummy:ip_address_geopoint:POINT(143.2104 -33.494)",
            "dummy:ip_address_geopoint:POINT(77 20)",
            "dummy:ip_address_geopoint:POINT(121 23.5)",
            "dummy:ip_address_geopoint:POINT(12.1097 43.1479)",
            "dummy:ip_address_geopoint:POINT(31.223 30.0355)",
            "dummy:ip_address_geopoint:POINT(24 -29)",
            "dummy:ip_address_geopoint:POINT(37.6068 55.7386)",
            "dummy:ip_address_geopoint:POINT(18.056 59.3247)",
            "dummy:ip_address_geopoint:POINT(4.35 50.85)",
            "dummy:ip_address_geopoint:POINT(113.25 23.1167)",
            "dummy:ip_address_geopoint:POINT(10.75 59.95)",
            "dummy:ip_address_geopoint:POINT(21.0362 52.2394)",
            "dummy:ip_address_geopoint:POINT(120.3719 36.0986)",
            "dummy:ip_address_geopoint:POINT(139.7514 35.685)",
            "dummy:ip_address_geopoint:POINT(-58.3817 -34.6033)",
            "dummy:ip_address_geopoint:POINT(8.1551 47.1449)",
            "dummy:ip_address_geopoint:POINT(123.4328 41.7922)",
            "dummy:ip_address_geopoint:POINT(121.3997 31.0456)",
            "dummy:ip_address_geopoint:POINT(37.6156 55.7522)",
            "dummy:ip_address_geopoint:POINT(106 16)",
            "dummy:ip_address_geopoint:POINT(-99.0111 19.4371)",
            "dummy:ip_address_geopoint:POINT(-46.635 -23.627)",
            "dummy:ip_address_geopoint:POINT(106.8286 -6.175)",
            "dummy:ip_address_geopoint:POINT(116.3889 39.9288)",
            "dummy:ip_address_geopoint:POINT(-5 32)",
            "dummy:ip_address_geopoint:POINT(-74.0758 4.5981)",
            "dummy:ip_address_geopoint:POINT(121.5318 25.0478)",
            "dummy:ip_address_geopoint:POINT(16.3667 48.2)",
            "dummy:ip_address_geopoint:POINT(28.0583 -26.2309)",
            "dummy:ip_address_geopoint:POINT(120.1614 30.2936)",
            "dummy:ip_address_geopoint:POINT(12.0564 55.7123)",
            "dummy:ip_address_geopoint:POINT(-6.2489 53.3331)",
            "dummy:ip_address_geopoint:POINT(-3.684 40.4172)",
            "dummy:ip_address_geopoint:POINT(24.9375 60.1708)",
            "dummy:ip_address_geopoint:POINT(28.9948 41.0214)",
            "dummy:ip_address_geopoint:POINT(114.1333 22.5333)",
            "dummy:ip_address_geopoint:POINT(104.0667 30.6667)",
            "dummy:ip_address_geopoint:POINT(-77.4728 39.0481)",
            "dummy:ip_address_geopoint:POINT(38 1)",
            "dummy:ip_address_geopoint:POINT(118.7778 32.0617)",
            "dummy:ip_address_geopoint:POINT(103.8558 1.2931)",
            "dummy:ip_address_geopoint:POINT(113.5325 34.6836)",
            "dummy:ip_address_geopoint:POINT(106.5528 29.5628)",
            "dummy:ip_address_geopoint:POINT(9 34)",
            "dummy:ip_address_geopoint:POINT(12.5113 41.8919)",
            "dummy:ip_address_geopoint:POINT(31.2859 30.0771)",
            "dummy:ip_address_geopoint:POINT(-43.3307 -22.9201)",
            "dummy:ip_address_geopoint:POINT(114.1667 22.25)",
            "dummy:ip_address_geopoint:POINT(51.4231 35.6961)",
            "dummy:ip_address_geopoint:POINT(45 25)",
            "dummy:ip_address_geopoint:POINT(-74.0628 4.6492)",
            "dummy:ip_address_geopoint:POINT(112.4708 37.7269)",
            "dummy:ip_address_geopoint:POINT(-70.6667 -33.45)",
            "dummy:ip_address_geopoint:POINT(174 -41)",
            "dummy:ip_address_geopoint:POINT(102.7183 25.0389)",
            "dummy:ip_address_geopoint:POINT(-66 8)",
            "dummy:ip_address_geopoint:POINT(34.75 31.5)",
            "dummy:ip_address_geopoint:POINT(114.2734 30.5801)",
            "dummy:ip_address_geopoint:POINT(-118.244 34.0544)",
            "dummy:ip_address_geopoint:POINT(8 10)",
            "dummy:ip_address_geopoint:POINT(-70.6503 -33.4378)",
            "dummy:ip_address_geopoint:POINT(30.5233 50.45)",
            "dummy:ip_address_geopoint:POINT(-6.2439 53.3472)",
            "dummy:ip_address_geopoint:POINT(126.65 45.75)",
            "dummy:ip_address_geopoint:POINT(117.2808 31.8639)",
            "dummy:ip_address_geopoint:POINT(-121.8914 37.3388)",
            "dummy:ip_address_geopoint:POINT(120.9721 14.5955)",
            "dummy:ip_address_geopoint:POINT(25 46)",
            "dummy:ip_address_geopoint:POINT(-122.3276 37.5507)",
            "dummy:ip_address_geopoint:POINT(115.9333 28.55)",
            "dummy:ip_address_geopoint:POINT(125.3228 43.88)",
            "dummy:ip_address_geopoint:POINT(-119.7143 45.8491)",
            "dummy:ip_address_geopoint:POINT(-121.8914 37.3387)",
            "dummy:ip_address_geopoint:POINT(14.4112 50.0848)",
            "dummy:ip_address_geopoint:POINT(117.1767 39.1422)",
            "dummy:ip_address_geopoint:POINT(-77.5 -2)",
            "dummy:ip_address_geopoint:POINT(-87.6517 41.8483)",
            "dummy:ip_address_geopoint:POINT(120.5954 31.3041)",
            "dummy:ip_address_geopoint:POINT(118.0819 24.4798)",
            "dummy:ip_address_geopoint:POINT(126.9783 37.5985)",
            "dummy:ip_address_geopoint:POINT(100.4667 13.75)",
            "dummy:ip_address_geopoint:POINT(112.5 2.5)",
            "dummy:ip_address_geopoint:POINT(19.0514 47.4925)",
            "dummy:ip_address_geopoint:POINT(8 47)",
            "dummy:ip_address_geopoint:POINT(-122.3305 47.6114)",
            "dummy:ip_address_geopoint:POINT(6.1667 49.75)",
            "dummy:ip_address_geopoint:POINT(-0.0949 51.5161)",
            "dummy:ip_address_geopoint:POINT(-47.9343 -15.7836)",
            "dummy:ip_address_geopoint:POINT(18.4232 -33.9258)",
            "dummy:ip_address_geopoint:N/A",
            "dummy:gender:M",
            "dummy:gender:F",
            "dummy:gender:N/A",
            "dummy:user_agent_brand:Chrome",
            "dummy:user_agent_brand:Firefox",
            "dummy:user_agent_brand:Safari",
            "dummy:user_agent_brand:IE",
            "dummy:user_agent_os:Windows",
            "dummy:user_agent_os:MacOS X",
            "dummy:ip_address_country:United States",
            "dummy:ip_address_country:China",
            "dummy:ip_address_country:Japan",
            "dummy:ip_address_country:United Kingdom",
            "dummy:ip_address_country:Germany",
            "dummy:ip_address_country:Brazil",
            "dummy:ip_address_country:France",
            "dummy:ip_address_country:South Korea",
            "dummy:ip_address_country:Canada",
            "dummy:ip_address_country:Netherlands",
            "dummy:ip_address_country:Italy",
            "dummy:ip_address_country:Russia",
            "dummy:ip_address_country:Australia",
            "dummy:ip_address_country:India",
            "dummy:ip_address_country:South Africa",
            "dummy:ip_address_country:Taiwan",
            "dummy:ip_address_country:Spain",
            "dummy:ip_address_country:Mexico",
            "dummy:ip_address_country:Egypt",
            "dummy:ip_address_country:Sweden",
            "dummy:ip_address_country:Poland",
            "dummy:ip_address_country:Argentina",
            "dummy:ip_address_country:Colombia",
            "dummy:ip_address_country:Norway",
            "dummy:ip_address_country:Belgium",
            "dummy:ip_address_country:Turkey",
            "dummy:ip_address_country:Switzerland",
            "dummy:ip_address_country:Denmark",
            "dummy:ip_address_country:Ireland",
            "dummy:ip_address_country:Austria",
            "dummy:ip_address_country:Indonesia",
            "dummy:ip_address_country:Ukraine",
            "dummy:ip_address_country:Vietnam",
            "dummy:ip_address_country:Chile",
            "dummy:ip_address_country:Morocco",
            "dummy:ip_address_country:Finland",
            "dummy:ip_address_country:Czechia",
            "dummy:ip_address_country:Israel",
            "dummy:ip_address_country:Romania",
            "dummy:ip_address_country:Singapore",
            "dummy:ip_address_country:Hong Kong",
            "dummy:ip_address_country:Malaysia",
            "dummy:ip_address_country:Tunisia",
            "dummy:ip_address_country:New Zealand",
            "dummy:ip_address_country:Portugal",
            "dummy:ip_address_country:Saudi Arabia",
            "dummy:ip_address_country:Philippines",
            "dummy:ip_address_country:Algeria",
            "dummy:ip_address_country:Kenya",
            "dummy:ip_address_country:Iran",
            "dummy:ip_address_country:Hungary",
            "dummy:ip_address_country:Thailand",
            "dummy:ip_address_country:Venezuela",
            "dummy:ip_address_country:Nigeria",
            "dummy:ip_address_country:Ecuador",
            "dummy:ip_address_country:Greece",
            "dummy:ip_address_country:Luxembourg",
            "dummy:ip_address_country:Slovenia",
            "dummy:ip_address_country:Pakistan",
            "dummy:ip_address_country:Slovakia",
            "dummy:ip_address_country:United Arab Emirates",
            "dummy:ip_address_country:Bulgaria",
            "dummy:ip_address_country:Republic of Lithuania",
            "dummy:ip_address_country:Sudan",
            "dummy:ip_address_country:Dominican Republic",
            "dummy:ip_address_country:Puerto Rico",
            "dummy:ip_address_country:Panama",
            "dummy:ip_address_country:Angola",
            "dummy:ip_address_country:Serbia",
            "dummy:ip_address_country:Tanzania",
            "dummy:ip_address_country:Republic of Moldova",
            "dummy:ip_address_country:Peru",
            "dummy:ip_address_country:Uruguay",
            "dummy:ip_address_country:Zambia",
            "dummy:ip_address_country:Iceland",
            "dummy:ip_address_country:Belarus",
            "dummy:ip_address_country:Kazakhstan",
            "dummy:ip_address_country:Latvia",
            "dummy:ip_address_country:Ghana",
            "dummy:ip_address_country:Albania",
            "dummy:ip_address_country:Trinidad and Tobago",
            "dummy:ip_address_country:Hashemite Kingdom of Jordan",
            "dummy:ip_address_country:Croatia",
            "dummy:ip_address_country:Uganda",
            "dummy:ip_address_country:Ivory Coast",
            "dummy:ip_address_country:Armenia",
            "dummy:ip_address_country:Iraq",
            "dummy:ip_address_country:Cyprus",
            "dummy:ip_address_country:Georgia",
            "dummy:ip_address_country:Syria",
            "dummy:ip_address_country:Cambodia",
            "dummy:ip_address_country:Honduras",
            "dummy:ip_address_country:Mauritius",
            "dummy:ip_address_country:Estonia",
            "dummy:ip_address_country:Bosnia and Herzegovina",
            "dummy:ip_address_country:Oman",
            "dummy:ip_address_country:Paraguay",
            "dummy:ip_address_country:Costa Rica",
            "dummy:ip_address_country:El Salvador",
            "dummy:ip_address_country:Gabon",
            "dummy:ip_address_country:N/A",
            "dummy:campaign:False"
        ],
        "coefs": [
            0.7120700723914938,
            -0.5308373356761422,
            0.09017464220861263,
            0.027455849643629918,
            -0.02074264448739879,
            0.05143675496892707,
            0.02094966620236488,
            -0.030622032853990185,
            -0.019662936024728333,
            -0.026295554385913186,
            -0.03507261641329502,
            -0.060268876516282384,
            -0.012512518218098592,
            -0.053059794837546116,
            0.017742854959726186,
            0.02943894428418382,
            -0.053210902618571886,
            0.039774259944702135,
            -0.04892121741360625,
            -0.039056561805045534,
            -0.042129238192660345,
            0.017556553770581768,
            0.13039766044643714,
            0.02678848543546618,
            -0.005834573737485142,
            0.018091987553132224,
            -0.002305335406041893,
            0.048293235848684106,
            -0.01893574164701181,
            -0.004458658668658974,
            0.035371054489273794,
            -0.0387035497945071,
            0.003436702810669211,
            -0.0005688073696632867,
            0.03221243005765538,
            -0.026108142384422047,
            -0.012486582730238734,
            -0.008667981298252199,
            -0.035224642753822887,
            0.011424638069370194,
            0.05568083745372075,
            0.0172680240110411,
            0.026407174610392947,
            0.036592101349452934,
            -0.022488026409555464,
            -0.024892826111530354,
            0.05765119043410801,
            -0.037318125524780095,
            -0.0150356524625982,
            0.010517775711204125,
            -0.007282957472604312,
            0.035846952300182124,
            -0.034436502041750076,
            -0.010628004614810317,
            -0.037043475468575476,
            0.021939754480435614,
            0.00042853342484326645,
            -0.004531972158802821,
            -0.017956007068790403,
            0.002196920052135527,
            -0.024644581554421775,
            -0.006830029233276176,
            0.036247834970412514,
            0.009200942350472042,
            -0.009632703302438395,
            -0.020979556072054494,
            -0.01992233646970063,
            -0.024593271665486516,
            -0.0032305593107002334,
            0.006024418576207385,
            -0.009899075772835164,
            -0.02258530744283553,
            -0.0034595637483104103,
            0.10453079686956963,
            -0.017061845022998148,
            0.001882576376086559,
            0.019444836366996204,
            -0.022369330042283215,
            0.014080628038436,
            -0.01998194177836812,
            -0.02202152204253129,
            0.013175042511217825,
            0.007027257680462133,
            -0.01727225066872625,
            -0.014252918688355997,
            -0.01944500792796548,
            -0.023720452540658465,
            0.0036389672623315284,
            -0.016122739160819147,
            -0.016045162175909886,
            -0.02003297836379854,
            -0.0020516508754075827,
            0.0035446580969742607,
            -0.0010924041696812425,
            0.004098628682246715,
            0.00513280950521984,
            -0.012635943667508467,
            -0.01325353405437724,
            -0.018847896304568436,
            -0.015572941235316723,
            0.047251918849062186,
            -0.01633244591303846,
            0.036677043721790446,
            0.12451789444044842,
            -0.029201300218125663,
            0.11308738428467803,
            -0.1154743088224439,
            0.08436811250494541,
            0.061953940312826083,
            0.06799971620469483,
            0.033309526447388806,
            -0.003556930594642116,
            -0.0027385483274057023,
            0.18512977077821535,
            -0.03204331354390439,
            0.1500082772643203,
            -0.020899406328512147,
            0.119243556276832,
            0.08154399581178641,
            -0.0008548535167073019,
            -0.13411007335194144,
            -0.0833805056577474,
            0.045122889672056674,
            -0.018388420691537104,
            -0.04629666560902178,
            0.005524262183674768,
            -0.04303631702722962,
            0.07970716541926978,
            0.003148137650649431,
            -0.016904290823724813,
            0.008140370241802081,
            -0.062415058622579934,
            -0.047890355815425265,
            0.05819974081376843,
            -0.03483407350352283,
            -0.008431096022623288,
            -0.007401599186629399,
            0.010509769012368452,
            -0.041265093720958955,
            0.0365228098298526,
            0.0016202827929519975,
            0.09163957416828244,
            -0.0480545082806707,
            -0.03131273850891943,
            -0.01305758184133715,
            0.06021292329529932,
            -0.019200021527817725,
            0.06314766829756108,
            -0.04204300719075321,
            -0.00816385969694515,
            -0.00222476457417557,
            -0.016628675273892946,
            -0.030828973317086877,
            0.004889677444041955,
            -0.016625482802795966,
            -0.034639387533535446,
            0.01975536699264537,
            0.022697710102980828,
            -0.033003609979514466,
            0.030327312084206897,
            0.04558243987921505,
            -0.0113325478686826,
            -0.0209356843460754,
            -0.012460482318935113,
            -0.006649654469599281,
            -0.013854132630770467,
            -0.026109280784555433,
            -0.02598408837983474,
            -0.025827667273060795,
            -0.006445380577354464,
            -0.020234666594168473,
            0.013987716142547495,
            0.025723661154520443,
            0.001864254222219748,
            0.005215030010382482,
            -0.001703145976703649,
            -0.00021149023193424446,
            -0.015168888070708292,
            -0.008853930830102186,
            -0.010072329930050524,
            -0.01564387057963567,
            -0.0012154220652716824,
            -0.012553641606178834,
            -0.014590145442625222,
            0.009984126655850379,
            0.015395139735218392,
            -0.007992572057730806,
            0.014193933028642249,
            -0.005838218780653607,
            0.020440532753890635,
            -0.005664079598456116,
            -0.01373886210221262,
            -0.010286336472798018,
            0.010100417626277947,
            -0.007205403558128601,
            0.03687051512553169,
            -0.009538290307514316,
            -0.0074009762560771,
            -0.0030371180439344204,
            0.022510899844683265,
            -0.009074323623401078,
            -0.001786287794743863,
            0.01829912715904165,
            -0.004859955953110188,
            -0.007850327084768021,
            0.015702661452530246,
            0.024287221041270225,
            0.034449069405099425,
            -0.00718506469789955,
            -0.004537822173822109,
            -0.00606030148894598,
            -0.004635026775648702,
            0.015241369033012675,
            -1.0718295121964494
        ],
        "interceptCoef": 0.2084039785069976,
        "interceptStderr": null,
        "interceptTstat": null,
        "interceptPvalue": null,
        "rescaledCoefs": [
            0.04346246249685917,
            -0.19362349489968653,
            0.09017464220861263,
            0.027455849643629918,
            -0.02074264448739879,
            0.05143675496892707,
            0.02094966620236488,
            -0.030622032853990185,
            -0.019662936024728333,
            -0.026295554385913186,
            -0.03507261641329502,
            -0.060268876516282384,
            -0.012512518218098592,
            -0.053059794837546116,
            0.017742854959726186,
            0.02943894428418382,
            -0.053210902618571886,
            0.039774259944702135,
            -0.04892121741360625,
            -0.039056561805045534,
            -0.042129238192660345,
            0.017556553770581768,
            0.13039766044643714,
            0.02678848543546618,
            -0.005834573737485142,
            0.018091987553132224,
            -0.002305335406041893,
            0.048293235848684106,
            -0.01893574164701181,
            -0.004458658668658974,
            0.035371054489273794,
            -0.0387035497945071,
            0.003436702810669211,
            -0.0005688073696632867,
            0.03221243005765538,
            -0.026108142384422047,
            -0.012486582730238734,
            -0.008667981298252199,
            -0.035224642753822887,
            0.011424638069370194,
            0.05568083745372075,
            0.0172680240110411,
            0.026407174610392947,
            0.036592101349452934,
            -0.022488026409555464,
            -0.024892826111530354,
            0.05765119043410801,
            -0.037318125524780095,
            -0.0150356524625982,
            0.010517775711204125,
            -0.007282957472604312,
            0.035846952300182124,
            -0.034436502041750076,
            -0.010628004614810317,
            -0.037043475468575476,
            0.021939754480435614,
            0.00042853342484326645,
            -0.004531972158802821,
            -0.017956007068790403,
            0.002196920052135527,
            -0.024644581554421775,
            -0.006830029233276176,
            0.036247834970412514,
            0.009200942350472042,
            -0.009632703302438395,
            -0.020979556072054494,
            -0.01992233646970063,
            -0.024593271665486516,
            -0.0032305593107002334,
            0.006024418576207385,
            -0.009899075772835164,
            -0.02258530744283553,
            -0.0034595637483104103,
            0.10453079686956963,
            -0.017061845022998148,
            0.001882576376086559,
            0.019444836366996204,
            -0.022369330042283215,
            0.014080628038436,
            -0.01998194177836812,
            -0.02202152204253129,
            0.013175042511217825,
            0.007027257680462133,
            -0.01727225066872625,
            -0.014252918688355997,
            -0.01944500792796548,
            -0.023720452540658465,
            0.0036389672623315284,
            -0.016122739160819147,
            -0.016045162175909886,
            -0.02003297836379854,
            -0.0020516508754075827,
            0.0035446580969742607,
            -0.0010924041696812425,
            0.004098628682246715,
            0.00513280950521984,
            -0.012635943667508467,
            -0.01325353405437724,
            -0.018847896304568436,
            -0.015572941235316723,
            0.047251918849062186,
            -0.01633244591303846,
            0.036677043721790446,
            0.12451789444044842,
            -0.029201300218125663,
            0.11308738428467803,
            -0.1154743088224439,
            0.08436811250494541,
            0.061953940312826083,
            0.06799971620469483,
            0.033309526447388806,
            -0.003556930594642116,
            -0.0027385483274057023,
            0.18512977077821535,
            -0.03204331354390439,
            0.1500082772643203,
            -0.020899406328512147,
            0.119243556276832,
            0.08154399581178641,
            -0.0008548535167073019,
            -0.13411007335194144,
            -0.0833805056577474,
            0.045122889672056674,
            -0.018388420691537104,
            -0.04629666560902178,
            0.005524262183674768,
            -0.04303631702722962,
            0.07970716541926978,
            0.003148137650649431,
            -0.016904290823724813,
            0.008140370241802081,
            -0.062415058622579934,
            -0.047890355815425265,
            0.05819974081376843,
            -0.03483407350352283,
            -0.008431096022623288,
            -0.007401599186629399,
            0.010509769012368452,
            -0.041265093720958955,
            0.0365228098298526,
            0.0016202827929519975,
            0.09163957416828244,
            -0.0480545082806707,
            -0.03131273850891943,
            -0.01305758184133715,
            0.06021292329529932,
            -0.019200021527817725,
            0.06314766829756108,
            -0.04204300719075321,
            -0.00816385969694515,
            -0.00222476457417557,
            -0.016628675273892946,
            -0.030828973317086877,
            0.004889677444041955,
            -0.016625482802795966,
            -0.034639387533535446,
            0.01975536699264537,
            0.022697710102980828,
            -0.033003609979514466,
            0.030327312084206897,
            0.04558243987921505,
            -0.0113325478686826,
            -0.0209356843460754,
            -0.012460482318935113,
            -0.006649654469599281,
            -0.013854132630770467,
            -0.026109280784555433,
            -0.02598408837983474,
            -0.025827667273060795,
            -0.006445380577354464,
            -0.020234666594168473,
            0.013987716142547495,
            0.025723661154520443,
            0.001864254222219748,
            0.005215030010382482,
            -0.001703145976703649,
            -0.00021149023193424446,
            -0.015168888070708292,
            -0.008853930830102186,
            -0.010072329930050524,
            -0.01564387057963567,
            -0.0012154220652716824,
            -0.012553641606178834,
            -0.014590145442625222,
            0.009984126655850379,
            0.015395139735218392,
            -0.007992572057730806,
            0.014193933028642249,
            -0.005838218780653607,
            0.020440532753890635,
            -0.005664079598456116,
            -0.01373886210221262,
            -0.010286336472798018,
            0.010100417626277947,
            -0.007205403558128601,
            0.03687051512553169,
            -0.009538290307514316,
            -0.0074009762560771,
            -0.0030371180439344204,
            0.022510899844683265,
            -0.009074323623401078,
            -0.001786287794743863,
            0.01829912715904165,
            -0.004859955953110188,
            -0.007850327084768021,
            0.015702661452530246,
            0.024287221041270225,
            0.034449069405099425,
            -0.00718506469789955,
            -0.004537822173822109,
            -0.00606030148894598,
            -0.004635026775648702,
            0.015241369033012675,
            -1.0718295121964494
        ],
        "rescaledInterceptCoef": 0.3126504995013757
    },
    "probaAware": true
}