{
  "state": "DONE",
  "preSearchDescription": {
    "gridLength": 5,
    "searchStrategy": "GRID",
    "importantParams": [
      {
        "name": "penalty",
        "vals": [
          "l2"
        ]
      },
      {
        "name": "C",
        "vals": [
          "0.01",
          "0.1",
          "1.0",
          "10.0",
          "100.0"
        ]
      }
    ]
  },
  "postSearchDescription": {
    "importantParams": [
      {
        "name": "C",
        "val": "0.01"
      },
      {
        "name": "penalty",
        "val": "l2"
      }
    ]
  },
  "resumed": false,
  "timeOrderingEnabled": false,
  "sampleWeightsEnabled": false,
  "modelId": "m1",
  "progress": {
    "top_level_todo": [],
    "stack": [],
    "top_level_done": [
      {
        "name": "Loading train set",
        "time": 51
      },
      {
        "name": "Loading test set",
        "time": 105
      },
      {
        "name": "Collecting statistics",
        "time": 22
      },
      {
        "name": "Preprocessing train set",
        "time": 72
      },
      {
        "name": "Preprocessing test set",
        "time": 18
      },
      {
        "name": "Hyperparameter searching",
        "time": 2725
      },
      {
        "name": "Fitting model",
        "time": 181
      },
      {
        "name": "Saving model",
        "time": 65
      },
      {
        "name": "Scoring model",
        "time": 989
      }
    ]
  },
  "startTime": 1629399207571,
  "endTime": 1629399212132,
  "preprocessingTime": 269,
  "trainingTime": 4292,
  "hyperparamsSearchTime": 2725
}