{
  "description": "",
  "name": "Logistic Regression",
  "starred": false,
  "clusterMetas": {},
  "customMeta": {
    "kv": {}
  },
  "tags": [],
  "activeClassifierThreshold": 0.6000000000000002,
  "labels": [
    {
      "key": "trainDataset:dataset-name",
      "value": "customers_labeled"
    },
    {
      "key": "testDataset:dataset-name",
      "value": "customers_labeled"
    },
    {
      "key": "model:date",
      "value": "2021-08-19 20:53:20"
    },
    {
      "key": "testDataset:creator",
      "value": "alex"
    },
    {
      "key": "trainDataset:creator",
      "value": "alex"
    },
    {
      "key": "model:algorithm",
      "value": "LOGISTIC_REGRESSION"
    }
  ]
}