{
  "dashboardAuthorizations": {
    "allAuthorized": false,
    "authorizations": []
  },
  "exposedObjects": {
    "objects": []
  },
  "projectType": "REGULAR",
  "projectAppType": "REGULAR",
  "hasSetupSection": false,
  "owner": "eguarnaccia",
  "permissionsVersion": "LEGACY",
  "permissions": [],
  "additionalDashboardUsers": {
    "users": []
  },
  "tutorialProject": true,
  "tutorialId": "DKU_TUTORIAL_SCORING_BASICS",
  "settings": {
    "flowAnchorSourcesAndSinks": true,
    "flowDisplaySettings": {
      "zonesGraphRenderingAlgorithm": "DOT_OLDRANK",
      "zonesGraphConnectZones": true,
      "zonesGraphForJobs": true,
      "respectTraversalOrder": false,
      "zonesManualPositioning": false
    },
    "gitCommitMode": "AUTO",
    "disableAutomaticTriggers": false,
    "integrations": {
      "integrations": []
    },
    "flowBuildSettings": {
      "mergeSparkPipelines": false,
      "pruneBeforeSparkPipelines": true,
      "mergeSqlPipelines": false,
      "pruneBeforeSqlPipelines": true,
      "defaultRecipeHashPropagationBehavior": "ENABLED"
    },
    "sharingRequestsEnabled": "INHERIT",
    "limitedVisibilityEnabled": "INHERIT",
    "accessRequestsEnabled": "INHERIT",
    "limitsSettings": {
      "memSampleBytes": {
        "soft": -1,
        "hard": -1
      },
      "shakerMemTableBytes": {
        "soft": -1,
        "hard": -1
      },
      "attachmentBytes": {
        "soft": -1,
        "hard": -1
      },
      "sqlNotebookResultSetBytes": {
        "soft": -1,
        "hard": -1
      },
      "sqlScenarioResultSetBytes": {
        "soft": -1,
        "hard": -1
      }
    },
    "relocationSettings": {
      "sqlLikeRecipesInitializationMode": "RESOLVED_TABLE_REFERENCES"
    },
    "recipeEnginesPreferences": {
      "forbiddenEngines": [],
      "enginesPreferenceOrder": [],
      "forbiddenByRecipeType": {},
      "preferenceByRecipeType": {}
    },
    "codeEnvs": {
      "python": {
        "mode": "INHERIT",
        "preventOverride": false
      },
      "r": {
        "mode": "INHERIT",
        "preventOverride": false
      },
      "julia": {
        "mode": "INHERIT",
        "preventOverride": false
      }
    },
    "container": {
      "containerMode": "NONE"
    },
    "containerForVisualRecipesWorkloads": {
      "containerMode": "INHERIT"
    },
    "datasetsCreationSettings": {
      "useGlobal": true,
      "preferedStorageFormats": "CSV_ESCAPING_NOGZIP_FORHIVE,CSV_EXCEL_GZIP,PARQUET_HIVE",
      "virtualizable": false
    },
    "hiveEngineCreationSettings": {
      "useGlobal": true,
      "executionEngine": "HIVECLI_LOCAL"
    },
    "sparkEngineCreationSettings": {
      "useGlobal": true,
      "executionEngine": "SPARK_SUBMIT",
      "useGlobalMetastore": false
    },
    "impalaEngineCreationSettings": {
      "useGlobal": true,
      "streamMode": true
    },
    "wikiSettings": {
      "promoted": false
    },
    "cluster": {
      "clusterMode": "INHERIT"
    },
    "k8sCluster": {
      "clusterMode": "INHERIT"
    },
    "virtualWebAppBackendSettings": {
      "mode": "INHERIT",
      "preventOverride": false,
      "infra": {
        "containerSelection": {
          "containerMode": "INHERIT"
        },
        "overrideGlobalK8sExposition": false,
        "exposition": {
          "type": "local_process",
          "params": {}
        },
        "scaling": {
          "initialReplicas": 1,
          "progressDeadlineSeconds": 600,
          "hpa": false,
          "hpaTargetCPUPercent": 0,
          "hpaTargetMemoryPercent": 0,
          "hpaMetrics": [],
          "hpaMinPods": 0,
          "hpaMaxPods": 0,
          "hpaAnnotations": []
        },
        "podDisruptionBudget": {
          "enable": false,
          "isMaxUnavailable": false,
          "minAvailable": "50%"
        },
        "deploymentModifier": {
          "config": {}
        }
      }
    },
    "dkuProperties": [],
    "autogeneratedDocumentationEnabled": true
  },
  "name": "Scoring Basics for Evan Guarnaccia",
  "imgPattern": 2,
  "showInitials": false,
  "metrics": {
    "probes": [],
    "engineConfig": {
      "padRunsWithMetrics": false,
      "hive": {
        "active": true,
        "extraConf": []
      },
      "basic": {},
      "dss": {
        "active": true,
        "selection": {
          "useMemTable": false,
          "filter": {
            "distinct": false,
            "enabled": false
          },
          "partitionSelectionMethod": "ALL",
          "latestPartitionsN": 1,
          "ordering": {
            "enabled": false,
            "rules": []
          },
          "samplingMethod": "FULL",
          "maxRecords": -1,
          "targetRatio": 0.02,
          "ascending": true,
          "withinFirstN": -1,
          "maxReadUncompressedBytes": -1
        }
      },
      "sql": {
        "active": true
      },
      "impala": {
        "active": true
      },
      "spark": {
        "active": true,
        "extraConf": []
      },
      "python": {}
    },
    "displayedState": {
      "columns": [],
      "metrics": []
    }
  },
  "metricsChecks": {
    "runOnBuild": false,
    "checks": [],
    "displayedState": {
      "checks": []
    }
  },
  "creationTag": {
    "versionNumber": 0,
    "lastModifiedBy": {
      "login": "alex"
    },
    "lastModifiedOn": 1492181307419,
    "extendedProperties": {}
  },
  "description": "# Welcome to the Scoring Basics hands-on tutorial\n\nThis tutorial resumes from the end of the Machine Learning Basics hands-on tutorial. For the Scoring Basics course, you have the option of beginning from this project or continue where you left off in the previous project. You can continue it in the Learning Path.\n\n\u003cp class\u003d\"text-center\"\u003e\n   \u003ca href\u003d\"https://academy.dataiku.com/scoring-basics\" target\u003d\"_blank\" class\u003d\"btn btn-datasets-color btn-cta-big-mod\"\u003e\u003ci class\u003d\"icon-dku-sample_project\" class\u003d\"btn-cta-big-mod-icon\" /\u003e\u0026nbsp;Go to the Course on Dataiku Academy\n  \u003c/a\u003e\n\u003c/p\u003e\n\nHaving built a model to predict whether a new customer will become a high-value customer, now you will apply it to new data.\n",
  "shortDesc": "This is the starter project for the [Scoring Basics](https://academy.dataiku.com/scoring-basics) course. It picks up where the hands-on exercises of the [Machine Learning Basics](https://academy.dataiku.com/machine-learning-basics) course leaves off.",
  "tags": [
    "tutorial",
    "downloads",
    "academy"
  ],
  "customFields": {},
  "checklists": {
    "checklists": [
      {
        "id": "486e24",
        "title": "Todo list",
        "createdOn": 0,
        "items": [
          {
            "done": false,
            "text": "Deploy the best performing model from the Lab to the Flow so that it can be used for scoring new data.",
            "createdOn": 1721672096249,
            "createdBy": "admin",
            "stateChangedOn": 0
          },
          {
            "done": false,
            "text": "Use the Score recipe to apply a predictive model to new data.",
            "createdOn": 1721672105577,
            "createdBy": "admin",
            "stateChangedOn": 0
          }
        ]
      }
    ]
  }
}