{
    "feature": "gender",
    "modalities": [
        {
            "index": 0,
            "value": "F",
            "count": 1005,
            "filePath": "modality_perf_0.json",
            "weightedCount": 1005
        },
        {
            "index": 1,
            "value": "M",
            "count": 959,
            "filePath": "modality_perf_1.json",
            "weightedCount": 959
        },
        {
            "index": 2,
            "missing_values": true,
            "count": 213,
            "filePath": "modality_perf_2.json",
            "weightedCount": 213
        }
    ],
    "computed_as_type": "CATEGORY",
    "isDate": false,
    "sameNumRowsAsSplit": true,
    "nbRecords": 2177,
    "weightedNbRecords": 2177
}