{
    "pw_linear": {
        "shifts": {
            "pw_linear:age_first_order+pages_visited_avg": 59.27869251946921,
            "pw_linear:age_first_order-pages_visited_avg": 36.66542178069616
        },
        "inv_scales": {
            "pw_linear:age_first_order+pages_visited_avg": 0.06327632195239766,
            "pw_linear:age_first_order-pages_visited_avg": 0.06220847250390337
        }
    },
    "polynomial_interaction": {
        "shifts": {
            "poly_int:": 1.0,
            "poly_int:age_first_order": 47.97205715008283,
            "poly_int:pages_visited_avg": 11.306635369386438,
            "poly_int:age_first_order * pages_visited_avg": 540.2407897014347
        },
        "inv_scales": {
            "poly_int:": 0.0,
            "poly_int:age_first_order": 0.06368462844516033,
            "poly_int:pages_visited_avg": 0.36475108641908716,
            "poly_int:age_first_order * pages_visited_avg": 0.0045652636286857085
        }
    }
}