{
    "per_feature": {
        "age_first_order": {
            "stats": {
                "min": 14.0,
                "average": 47.972057150082186,
                "median": 49.0,
                "max": 79.0,
                "p99": 76.0,
                "std": 16.383564839266796
            },
            "missing_impute_with_value": 47.972057150082186
        },
        "ip_address_geopoint": {
            "stats": {}
        },
        "gender": {
            "stats": {
                "mostFrequentValue": "M",
                "leastFrequentValue": "F"
            },
            "category_possible_values": [
                "M",
                "F"
            ],
            "category_possible_counts": [
                3926,
                3797
            ]
        },
        "user_agent_brand": {
            "stats": {
                "mostFrequentValue": "Chrome",
                "leastFrequentValue": "Edge"
            },
            "category_possible_values": [
                "Chrome",
                "Firefox",
                "Safari",
                "IE",
                "Edge"
            ],
            "category_possible_counts": [
                6337,
                1232,
                716,
                179,
                146
            ]
        },
        "user_agent_os": {
            "stats": {
                "mostFrequentValue": "Windows",
                "leastFrequentValue": "Linux"
            },
            "category_possible_values": [
                "Windows",
                "MacOS X",
                "Linux"
            ],
            "category_possible_counts": [
                5771,
                2343,
                496
            ]
        },
        "ip_address_country": {
            "stats": {
                "mostFrequentValue": "United States",
                "leastFrequentValue": "Mali"
            },
            "category_possible_values": [
                "United States",
                "China",
                "Japan",
                "United Kingdom",
                "Germany",
                "Brazil",
                "France",
                "South Korea",
                "Canada",
                "Netherlands",
                "Italy",
                "Russia",
                "Australia",
                "India",
                "South Africa",
                "Taiwan",
                "Spain",
                "Mexico",
                "Egypt",
                "Sweden",
                "Poland",
                "Argentina",
                "Colombia",
                "Norway",
                "Belgium",
                "Turkey",
                "Switzerland",
                "Denmark",
                "Ireland",
                "Austria",
                "Indonesia",
                "Ukraine",
                "Vietnam",
                "Chile",
                "Morocco",
                "Finland",
                "Czechia",
                "Israel",
                "Romania",
                "Singapore",
                "Hong Kong",
                "Malaysia",
                "Tunisia",
                "New Zealand",
                "Portugal",
                "Saudi Arabia",
                "Philippines",
                "Algeria",
                "Kenya",
                "Iran",
                "Hungary",
                "Thailand",
                "Venezuela",
                "Nigeria",
                "Ecuador",
                "Greece",
                "Luxembourg",
                "Slovenia",
                "Pakistan",
                "Slovakia",
                "United Arab Emirates",
                "Bulgaria",
                "Republic of Lithuania",
                "Sudan",
                "Dominican Republic",
                "Puerto Rico",
                "Panama",
                "Angola",
                "Serbia",
                "Tanzania",
                "Republic of Moldova",
                "Peru",
                "Uruguay",
                "Zambia",
                "Iceland",
                "Belarus",
                "Kazakhstan",
                "Latvia",
                "Ghana",
                "Albania",
                "Trinidad and Tobago",
                "Hashemite Kingdom of Jordan",
                "Croatia",
                "Uganda",
                "Ivory Coast",
                "Armenia",
                "Iraq",
                "Cyprus",
                "Georgia",
                "Syria",
                "Cambodia",
                "Honduras",
                "Mauritius",
                "Estonia",
                "Bosnia and Herzegovina",
                "Oman",
                "Paraguay",
                "Costa Rica",
                "El Salvador",
                "Gabon"
            ],
            "category_possible_counts": [
                3045,
                849,
                492,
                310,
                305,
                259,
                251,
                248,
                175,
                158,
                134,
                133,
                132,
                110,
                94,
                92,
                91,
                85,
                71,
                67,
                66,
                58,
                57,
                57,
                51,
                49,
                48,
                41,
                41,
                41,
                39,
                36,
                35,
                32,
                30,
                30,
                26,
                26,
                24,
                23,
                23,
                23,
                23,
                22,
                21,
                20,
                19,
                19,
                19,
                17,
                17,
                15,
                15,
                14,
                13,
                10,
                10,
                8,
                8,
                8,
                8,
                7,
                7,
                6,
                6,
                6,
                6,
                6,
                6,
                6,
                6,
                6,
                5,
                5,
                5,
                5,
                5,
                5,
                4,
                4,
                4,
                4,
                4,
                4,
                4,
                4,
                3,
                3,
                3,
                3,
                3,
                3,
                3,
                3,
                3,
                3,
                2,
                2,
                2,
                2
            ]
        },
        "pages_visited_avg": {
            "stats": {
                "min": 2.0,
                "average": 11.306635369386438,
                "median": 11.0,
                "max": 28.0,
                "p99": 19.0,
                "std": 2.7415956723183887
            },
            "missing_impute_with_value": 11.306635369386438
        },
        "customerID": {
            "stats": {}
        },
        "campaign": {
            "stats": {
                "mostFrequentValue": "False",
                "leastFrequentValue": "True"
            },
            "category_possible_values": [
                "False",
                "True"
            ],
            "category_possible_counts": [
                5652,
                2958
            ]
        },
        "high_revenue": {
            "stats": {}
        }
    },
    "feature_order": [
        "age_first_order",
        "ip_address_geopoint",
        "gender",
        "user_agent_brand",
        "user_agent_os",
        "ip_address_country",
        "pages_visited_avg",
        "customerID",
        "campaign",
        "high_revenue"
    ]
}