{
    "details": {
        "gender": {
            "levels": [
                "M",
                "F"
            ],
            "with_others": true
        },
        "user_agent_brand": {
            "levels": [
                "Chrome",
                "Firefox",
                "Safari",
                "IE",
                "Edge"
            ],
            "with_others": true
        },
        "user_agent_os": {
            "levels": [
                "Windows",
                "MacOS X",
                "Linux"
            ],
            "with_others": true
        },
        "ip_address_country": {
            "levels": [
                "United States",
                "China",
                "Japan",
                "United Kingdom",
                "Germany",
                "Brazil",
                "France",
                "South Korea",
                "Canada",
                "Netherlands",
                "Italy",
                "Russia",
                "Australia",
                "India",
                "South Africa",
                "Taiwan",
                "Spain",
                "Mexico",
                "Egypt",
                "Sweden",
                "Poland",
                "Argentina",
                "Colombia",
                "Norway",
                "Belgium",
                "Turkey",
                "Switzerland",
                "Denmark",
                "Ireland",
                "Austria",
                "Indonesia",
                "Ukraine",
                "Vietnam",
                "Chile",
                "Morocco",
                "Finland",
                "Czechia",
                "Israel",
                "Romania",
                "Singapore",
                "Hong Kong",
                "Malaysia",
                "Tunisia",
                "New Zealand",
                "Portugal",
                "Saudi Arabia",
                "Philippines",
                "Algeria",
                "Kenya",
                "Iran",
                "Hungary",
                "Thailand",
                "Venezuela",
                "Nigeria",
                "Ecuador",
                "Greece",
                "Luxembourg",
                "Slovenia",
                "Pakistan",
                "Slovakia",
                "United Arab Emirates",
                "Bulgaria",
                "Republic of Lithuania",
                "Sudan",
                "Dominican Republic",
                "Puerto Rico",
                "Panama",
                "Angola",
                "Serbia",
                "Tanzania",
                "Republic of Moldova",
                "Peru",
                "Uruguay",
                "Zambia",
                "Iceland",
                "Belarus",
                "Kazakhstan",
                "Latvia",
                "Ghana",
                "Albania",
                "Trinidad and Tobago",
                "Hashemite Kingdom of Jordan",
                "Croatia",
                "Uganda",
                "Ivory Coast",
                "Armenia",
                "Iraq",
                "Cyprus",
                "Georgia",
                "Syria",
                "Cambodia",
                "Honduras",
                "Mauritius",
                "Estonia",
                "Bosnia and Herzegovina",
                "Oman",
                "Paraguay",
                "Costa Rica",
                "El Salvador",
                "Gabon"
            ],
            "with_others": true
        },
        "campaign": {
            "levels": [
                "False",
                "True"
            ],
            "with_others": true
        }
    }
}