{
    "details": {
        "ip_address_geopoint": {
            "levels": [
                "POINT(-97.822 37.751)",
                "POINT(139.69 35.69)",
                "POINT(113.7266 34.7725)",
                "POINT(126.9741 37.5112)",
                "POINT(-0.1224 51.4964)",
                "POINT(9.491 51.2993)",
                "POINT(-43.2192 -22.8305)",
                "POINT(2.3387 48.8582)",
                "POINT(4.8995 52.3824)",
                "POINT(-79.3716 43.6319)",
                "POINT(116.3883 39.9289)",
                "POINT(143.2104 -33.494)",
                "POINT(77 20)",
                "POINT(121 23.5)",
                "POINT(12.1097 43.1479)",
                "POINT(31.223 30.0355)",
                "POINT(24 -29)",
                "POINT(37.6068 55.7386)",
                "POINT(18.056 59.3247)",
                "POINT(4.35 50.85)",
                "POINT(113.25 23.1167)",
                "POINT(10.75 59.95)",
                "POINT(21.0362 52.2394)",
                "POINT(120.3719 36.0986)",
                "POINT(139.7514 35.685)",
                "POINT(-58.3817 -34.6033)",
                "POINT(8.1551 47.1449)",
                "POINT(123.4328 41.7922)",
                "POINT(121.3997 31.0456)",
                "POINT(37.6156 55.7522)",
                "POINT(106 16)",
                "POINT(-99.0111 19.4371)",
                "POINT(-46.635 -23.627)",
                "POINT(106.8286 -6.175)",
                "POINT(116.3889 39.9288)",
                "POINT(-5 32)",
                "POINT(-74.0758 4.5981)",
                "POINT(121.5318 25.0478)",
                "POINT(16.3667 48.2)",
                "POINT(28.0583 -26.2309)",
                "POINT(120.1614 30.2936)",
                "POINT(12.0564 55.7123)",
                "POINT(-6.2489 53.3331)",
                "POINT(-3.684 40.4172)",
                "POINT(24.9375 60.1708)",
                "POINT(28.9948 41.0214)",
                "POINT(114.1333 22.5333)",
                "POINT(104.0667 30.6667)",
                "POINT(-77.4728 39.0481)",
                "POINT(38 1)",
                "POINT(118.7778 32.0617)",
                "POINT(103.8558 1.2931)",
                "POINT(113.5325 34.6836)",
                "POINT(106.5528 29.5628)",
                "POINT(9 34)",
                "POINT(12.5113 41.8919)",
                "POINT(31.2859 30.0771)",
                "POINT(-43.3307 -22.9201)",
                "POINT(114.1667 22.25)",
                "POINT(51.4231 35.6961)",
                "POINT(45 25)",
                "POINT(-74.0628 4.6492)",
                "POINT(112.4708 37.7269)",
                "POINT(-70.6667 -33.45)",
                "POINT(174 -41)",
                "POINT(102.7183 25.0389)",
                "POINT(-66 8)",
                "POINT(34.75 31.5)",
                "POINT(114.2734 30.5801)",
                "POINT(-118.244 34.0544)",
                "POINT(8 10)",
                "POINT(-70.6503 -33.4378)",
                "POINT(30.5233 50.45)",
                "POINT(-6.2439 53.3472)",
                "POINT(126.65 45.75)",
                "POINT(117.2808 31.8639)",
                "POINT(-121.8914 37.3388)",
                "POINT(120.9721 14.5955)",
                "POINT(25 46)",
                "POINT(-122.3276 37.5507)",
                "POINT(115.9333 28.55)",
                "POINT(125.3228 43.88)",
                "POINT(-119.7143 45.8491)",
                "POINT(-121.8914 37.3387)",
                "POINT(14.4112 50.0848)",
                "POINT(117.1767 39.1422)",
                "POINT(-77.5 -2)",
                "POINT(-87.6517 41.8483)",
                "POINT(120.5954 31.3041)",
                "POINT(118.0819 24.4798)",
                "POINT(126.9783 37.5985)",
                "POINT(100.4667 13.75)",
                "POINT(112.5 2.5)",
                "POINT(19.0514 47.4925)",
                "POINT(8 47)",
                "POINT(-122.3305 47.6114)",
                "POINT(6.1667 49.75)",
                "POINT(-0.0949 51.5161)",
                "POINT(-47.9343 -15.7836)",
                "POINT(18.4232 -33.9258)"
            ],
            "with_others": true
        },
        "gender": {
            "levels": [
                "M",
                "F"
            ],
            "with_others": true
        },
        "user_agent_brand": {
            "levels": [
                "Chrome",
                "Firefox",
                "Safari",
                "IE",
                "Edge"
            ],
            "with_others": true
        },
        "user_agent_os": {
            "levels": [
                "Windows",
                "MacOS X",
                "Linux"
            ],
            "with_others": true
        },
        "ip_address_country": {
            "levels": [
                "United States",
                "China",
                "Japan",
                "United Kingdom",
                "Germany",
                "Brazil",
                "France",
                "South Korea",
                "Canada",
                "Netherlands",
                "Italy",
                "Russia",
                "Australia",
                "India",
                "South Africa",
                "Taiwan",
                "Spain",
                "Mexico",
                "Egypt",
                "Sweden",
                "Poland",
                "Argentina",
                "Colombia",
                "Norway",
                "Belgium",
                "Turkey",
                "Switzerland",
                "Denmark",
                "Ireland",
                "Austria",
                "Indonesia",
                "Ukraine",
                "Vietnam",
                "Chile",
                "Morocco",
                "Finland",
                "Czechia",
                "Israel",
                "Romania",
                "Singapore",
                "Hong Kong",
                "Malaysia",
                "Tunisia",
                "New Zealand",
                "Portugal",
                "Saudi Arabia",
                "Philippines",
                "Algeria",
                "Kenya",
                "Iran",
                "Hungary",
                "Thailand",
                "Venezuela",
                "Nigeria",
                "Ecuador",
                "Greece",
                "Luxembourg",
                "Slovenia",
                "Pakistan",
                "Slovakia",
                "United Arab Emirates",
                "Bulgaria",
                "Republic of Lithuania",
                "Sudan",
                "Dominican Republic",
                "Puerto Rico",
                "Panama",
                "Angola",
                "Serbia",
                "Tanzania",
                "Republic of Moldova",
                "Peru",
                "Uruguay",
                "Zambia",
                "Iceland",
                "Belarus",
                "Kazakhstan",
                "Latvia",
                "Ghana",
                "Albania",
                "Trinidad and Tobago",
                "Hashemite Kingdom of Jordan",
                "Croatia",
                "Uganda",
                "Ivory Coast",
                "Armenia",
                "Iraq",
                "Cyprus",
                "Georgia",
                "Syria",
                "Cambodia",
                "Honduras",
                "Mauritius",
                "Estonia",
                "Bosnia and Herzegovina",
                "Oman",
                "Paraguay",
                "Costa Rica",
                "El Salvador",
                "Gabon"
            ],
            "with_others": true
        },
        "campaign": {
            "levels": [
                "False",
                "True"
            ],
            "with_others": true
        }
    }
}