400183	M	47.0	Chrome	MacOS X	South Korea	POINT(126.9741 37.5112)	False	14.0	False
919747	F	52.0	Chrome	Windows	United States	POINT(-97.822 37.751)	True	10.666666666666666	False
059385	F	65.0	Safari	MacOS X	United States	POINT(-97.822 37.751)	True	11.0	False
201881	F	65.0	Chrome	Windows	United States	POINT(-78.7112 35.7645)	False	13.0	False
177554	M	43.0	Chrome	MacOS X	Finland	POINT(24.9375 60.1708)	True	11.5	False
028224	M	49.0	Safari	MacOS X	China	POINT(120.5954 31.3041)	False	11.0	False
673594	F	30.0	Chrome	Windows	United States	POINT(-82.3198 34.8661)	False	12.0	False
272573	F	29.0	Safari	MacOS X	United States	POINT(-97.822 37.751)	False	10.0	False
027873	F	51.0	Firefox	Windows	China	POINT(123.4328 41.7922)	True	9.5	False
158458	F	26.0	Chrome	MacOS X	China	POINT(120.2886 31.5689)	True	15.0	False
579157	M	21.0	Chrome	Windows	Indonesia	POINT(106.8286 -6.175)	False	11.0	False
efiwnf	F	28.0	Firefox	Windows	Ireland	POINT(-8.7956 52.5619)	True	6.0	False
6qfjtz	M	50.0	Chrome	Windows	United States	POINT(-117.8493 33.811)	False	12.0	False
y7skxs	M	38.0	Chrome	Windows	United States	POINT(-97.822 37.751)	True	6.0	False
680093	M	43.0	Firefox	Linux	South Korea	POINT(126.9741 37.5112)	False	11.5	False
736759		59.0	Chrome	Windows	South Korea	POINT(126.9741 37.5112)	False	12.0	False
482523	F	61.0	Chrome	Windows	Egypt	POINT(31.223 30.0355)	False	9.333333333333334	True
995210	M	29.0	Chrome	Windows	United States	POINT(-97.822 37.751)	False	10.8	False
5mj2dy	F	77.0	Firefox	Windows	United States	POINT(-97.822 37.751)	True	5.0	False
180996	F	47.0	Chrome	Windows	Germany	POINT(9.491 51.2993)	False	7.0	False
522203	F	52.0	IE	Windows	United States	POINT(-97.822 37.751)	True	9.2	False
291760	M	49.0	Chrome	Windows	United States	POINT(-77.6419 37.4815)	True	10.666666666666666	False
108833		61.0	Chrome	MacOS X	South Africa	POINT(28.0583 -26.2309)	False	8.333333333333334	False
090671	F	17.0	Chrome	Windows	United States	POINT(-97.822 37.751)	False	20.0	False
761351	M	21.0	Chrome	MacOS X	United States	POINT(-97.822 37.751)	False	11.0	False
669869			Chrome	Windows	United States	POINT(-84.4385 33.9679)	True	10.0	False
379379	F	51.0	Firefox	Windows	United States	POINT(-77.3418 38.9615)	False	15.333333333333334	False
339303	F		Firefox	Windows	Japan	POINT(139.69 35.69)	True	7.666666666666667	False
011363	M	55.0	Chrome	MacOS X	Germany	POINT(12.3301 51.2187)	False	7.0	False
252675	M	46.0	Firefox	Windows	Indonesia	POINT(102.2875 -3.8125)	False	8.5	False
843278	F	44.0	Chrome	Linux	Germany	POINT(9.491 51.2993)	False	14.0	False
qvmrgj	F	36.0	Firefox	Windows	China	POINT(120.1614 30.2936)	False	17.0	False
750573	M	57.0	Chrome	Windows	United States	POINT(-97.822 37.751)	False	17.0	False
t4rfoy	M		Chrome	Windows	Taiwan	POINT(121 23.5)	False	6.0	False
829857	F	47.0	Chrome	Windows	Netherlands	POINT(5.3314 51.9729)	False	13.0	False
587207	M	57.0	Chrome	Windows	United States	POINT(-97.822 37.751)	False	10.0	False
641193	M	59.0	Chrome	Windows	Poland	POINT(18.6776 50.1501)	True	7.5	False
242654	F	52.0	Chrome	Windows	China	POINT(118.5858 24.9139)	True	7.8	True
gj6kf7		58.0	Chrome	Windows	France	POINT(9.4147 42.6581)	False	11.0	False
028255		37.0	Chrome	Windows	China	POINT(123.9604 47.3409)	False	12.0	False
stu2u3		47.0	Chrome	Windows	United States	POINT(-74.2165 40.8131)	False	8.0	False
523850		54.0	Chrome	Windows	South Korea	POINT(126.9741 37.5112)	False	12.666666666666666	False
958018	F	26.0	Chrome	Windows	United States	POINT(-97.822 37.751)	False	11.0	False
jzdp1a	F	71.0	Chrome	MacOS X	United States	POINT(-97.7166 30.2638)	True	15.0	False
221500	M	43.0	Chrome	Windows	United States	POINT(-78.7492 42.9685)	True	9.714285714285714	True
70fn7z	F	71.0	Chrome	Windows	Brazil	POINT(-43.2192 -22.8305)	False	13.0	False
737889	M	31.0	Firefox	Windows	United States	POINT(-97.822 37.751)	False	14.0	False
767447	F	71.0	Safari	MacOS X	United States	POINT(-97.822 37.751)	False	14.0	False
hh8lz3	M	75.0	Safari	MacOS X	United States	POINT(-84.5038 34.0378)	True	13.5	True
qwwge7	F	73.0	Firefox	Windows	United States	POINT(-97.822 37.751)	True	13.5	True
c3wvr2	M	62.0	Chrome	MacOS X	Austria	POINT(13.9319 47.5556)	False	9.0	False
576904	F	45.0	Chrome	Windows	Hong Kong	POINT(114.1667 22.25)	False	13.0	False
863940	M	22.0	Firefox	Windows	Ireland	POINT(-6.2489 53.3331)	False	18.0	False
803017	M		Chrome	Windows	United States	POINT(-77.0364 38.8951)	False	11.0	False
005100		72.0	Chrome	Windows	China	POINT(113.7266 34.7725)	False	12.0	False
qxy2i3	F	45.0	Chrome	Linux	Brazil	POINT(-43.365 -22.7993)	True	7.0	False
564865	M	27.0	Firefox	Windows	Japan	POINT(139.69 35.69)	False	11.0	False
733071	F	55.0	Chrome	Windows	Czechia	POINT(14.4112 50.0848)	False	11.0	False
xczgqc		55.0	Chrome	Windows	Germany	POINT(9.491 51.2993)	False	11.0	False
095834		46.0	Chrome	Windows	Hong Kong	POINT(114.1667 22.25)	True	12.6	False
w9yg8z	F	50.0	Chrome	MacOS X	Japan	POINT(135.5781 34.7988)	False	6.333333333333333	False
8acefa		55.0	Safari	MacOS X	South Korea	POINT(126.9278 37.6185)	False	14.0	False
nm5lfs	F	50.0	IE	Windows	Brazil	POINT(-40.2762 -14.5829)	False	13.0	False
smaflr	M	31.0	Chrome	Windows	Japan	POINT(139.69 35.69)	True	14.666666666666666	False
977764	M	50.0	Chrome	Windows	France	POINT(5.4497 43.5283)	True	9.4	True
102272	F	75.0	Chrome	Windows	Malaysia	POINT(103.5011 1.7259)	True	6.0	False
sal794	F	52.0	Chrome	Windows	Japan	POINT(139.7514 35.685)	False	14.0	False
160913	M	50.0	Chrome	Windows			True	6.111111111111111	True
x3eczj	M	44.0	Chrome	Windows	Italy	POINT(12.1097 43.1479)	True	12.0	False
nqbkrx	M	56.0	Edge	Windows	Chile	POINT(-70.5167 -33.3667)	False	11.0	False
387459	F	62.0	Chrome	Windows	France	POINT(2.3387 48.8582)	False	8.666666666666666	False
m302yy	M	47.0	Chrome	MacOS X	United States	POINT(-97.822 37.751)	True	10.666666666666666	False
567272	M	47.0	Firefox	Windows	Japan	POINT(139.69 35.69)	False	10.666666666666666	False
970173	F	32.0	Chrome	MacOS X	United States	POINT(-116.9201 32.8562)	True	8.0	False
700570	M	65.0	Safari	MacOS X	Mexico	POINT(-99.0111 19.4371)	False	11.0	False
061327		16.0	Firefox	MacOS X	Ukraine	POINT(32.0621 49.4285)	False	15.0	False
086354	M	48.0	Chrome	Windows	United States	POINT(-97.822 37.751)	False	9.333333333333334	False
490966	F		Chrome	Windows	United States	POINT(-96.8353 32.9322)	True	13.5	False
159976	M		Chrome	MacOS X	Japan	POINT(139.8795 35.6626)	False	11.666666666666666	True
016473			Chrome	Windows	United States	POINT(-97.822 37.751)	False	8.333333333333334	False
xtqbqu	M	31.0	Chrome	Windows	United Kingdom	POINT(-0.1224 51.4964)	False	9.0	False
351208	M	28.0	Chrome	Windows	China	POINT(108.3167 22.8167)	False	16.0	False
184037	F	65.0	Firefox	Windows	United States	POINT(-97.822 37.751)	True	11.5	True
dvrrrv		36.0	Chrome	Windows	United States	POINT(-97.822 37.751)	False	11.0	False
113433	M	41.0	Chrome	Windows	China	POINT(113.7266 34.7725)	False	10.0	False
v93283	F	71.0	Chrome	Windows	United States	POINT(-95.5326 30.0377)	False	7.0	False
628276	M	55.0	Chrome	MacOS X	South Korea	POINT(126.8592 37.4979)	True	13.666666666666666	False
161103	F	64.0	Edge	Windows	China	POINT(116.3883 39.9289)	False	13.0	False
cc2goc	M	61.0	Chrome	MacOS X	China	POINT(120.3694 36.066)	True	12.333333333333334	False
rb0y2c	M	60.0	Chrome	Windows	United States	POINT(-73.9239 40.6205)	False	8.5	False
774534	M	72.0	Chrome	MacOS X	Switzerland	POINT(8.1551 47.1449)	False	11.5	False
x3o85k	M	48.0	Chrome	MacOS X	Australia	POINT(151.0333 -33.85)	False	14.0	False
132831	F	47.0	Firefox	Linux	United States	POINT(-97.822 37.751)	False	12.0	False
670077	F	45.0	Chrome	MacOS X	Canada	POINT(-79.3716 43.6319)	False	10.0	False
538329	M	36.0	Chrome	Windows	United States	POINT(-97.822 37.751)	False	10.5	False
191079	M	63.0	Chrome	Windows	South Korea	POINT(126.9741 37.5112)	False	9.0	False
256541	F	53.0	Edge	Windows	Germany	POINT(9.491 51.2993)	True	12.333333333333334	False
6035zf		38.0	Chrome	Windows	United States	POINT(-97.822 37.751)	True	10.333333333333334	False
346023		22.0	Firefox	Linux	United States	POINT(-85.5483 42.928)	True	9.0	False
nokbky	M	70.0	Chrome	Windows	France	POINT(2.3387 48.8582)	False	10.0	False
346630	F		Chrome	Windows	Japan	POINT(139.69 35.69)	False	9.25	False
sz6irh	M	38.0	Chrome	MacOS X	Japan	POINT(139.69 35.69)	True	12.0	False
efcbm5	F	76.0	Chrome	Windows	United Kingdom	POINT(-0.3974 51.5765)	True	11.5	False
196168	M		Firefox	Windows	China	POINT(113.7266 34.7725)	True	8.166666666666666	True
182349	M	66.0	Chrome	Windows	United States	POINT(-76.5014 39.3361)	False	9.5	False
t5rfz5	M	54.0	Chrome	MacOS X	India	POINT(81.6333 21.2333)	True	11.333333333333334	False
jsnmpj	F	68.0	Chrome	Windows	United States	POINT(-73.1409 40.9257)	True	10.333333333333334	False
944146	M	56.0	Safari	MacOS X	Canada	POINT(-79.3716 43.6319)	False	11.0	False
751614	F	53.0	Chrome	Windows	United States	POINT(-86.2123 39.8682)	False	12.0	False
404455	M	52.0	Chrome	MacOS X	United States	POINT(-121.8914 37.3388)	False	10.5	False
uhwqie	F	26.0	Chrome	MacOS X	Mexico	POINT(-99.1439 19.4357)	True	10.0	False
555115	M	47.0	Firefox	Windows	South Africa	POINT(24 -29)	False	17.5	False
416522	F		Chrome	Windows	United Kingdom	POINT(-4.3057 55.8708)	True	13.5	False
571844	F	65.0	Chrome	Windows	Japan	POINT(136.5667 35.3)	False	12.25	False
716bv7	M	71.0	Chrome	MacOS X	United States	POINT(-97.822 37.751)	True	11.0	False
740289	F	28.0	Chrome	Windows	United States	POINT(-97.822 37.751)	True	16.0	False
031278	F		Chrome	Windows	Guatemala	POINT(-90.25 15.5)	True	10.5	False
njxfmd	M	57.0	Chrome	Windows	United States	POINT(-70.5671 41.5968)	False	9.0	False
478624	M	48.0	Chrome	Windows	United States	POINT(-97.822 37.751)	False	12.0	False
112739	F	58.0	Firefox	Windows	France	POINT(2.3387 48.8582)	False	9.333333333333334	True
062078	M	27.0	Safari	MacOS X	United States	POINT(-97.822 37.751)	False	14.0	False
754931	F	69.0	Chrome	Windows	Australia	POINT(143.2104 -33.494)	False	16.0	False
d6oyjz	M	62.0	Chrome	Windows	United States	POINT(-77.4728 39.0481)	False	12.0	False
065414	M	42.0	Chrome	MacOS X	Taiwan	POINT(121.6044 23.9769)	True	10.5	False
481734	F	35.0	Safari	MacOS X		POINT(0 0)	False	13.0	False
453671	M	33.0	Chrome	MacOS X	India	POINT(72.6167 23.0333)	False	17.0	False
493572		53.0	Chrome	Windows	India	POINT(77 20)	False	6.666666666666667	False
wcdqwa	M	62.0	Safari	MacOS X	Australia	POINT(149.0909 -35.3978)	True	10.333333333333334	False
956699	M	53.0	Chrome	MacOS X	United States	POINT(-97.822 37.751)	True	8.0	False
l32gwt	M	28.0	Chrome	Windows	Belarus	POINT(27.5667 53.9)	True	9.0	False
510274			Chrome	Windows	United States	POINT(-97.822 37.751)	False	14.0	False
yple12	M		Chrome	MacOS X	Germany	POINT(9.491 51.2993)	True	10.0	False
3u82ng	F		Safari	MacOS X	Brazil	POINT(-48.6566 -19.6926)	False	10.0	False
689192	M	56.0	Safari	MacOS X	South Africa	POINT(24 -29)	False	8.666666666666666	False
307474	M	40.0	Chrome	Linux	United Kingdom	POINT(-0.1224 51.4964)	True	9.142857142857142	False
751922	F	55.0	Chrome	MacOS X	United States	POINT(-97.822 37.751)	False	8.0	False
616169	F	52.0	Chrome	Windows	Australia	POINT(143.2104 -33.494)	False	9.0	False
490953	F	66.0	Chrome	Windows	United States	POINT(-97.822 37.751)	False	7.0	False
717315	F	22.0	Firefox	Linux	United States	POINT(-97.822 37.751)	False	10.0	False
454317	M	69.0	Chrome	Windows	China	POINT(117.1767 39.1422)	False	7.0	False
010839	F	26.0	Chrome	Windows	France	POINT(2.3387 48.8582)	False	20.0	False
298266	M	52.0	Chrome	MacOS X	United States	POINT(-97.822 37.751)	True	10.0	False
3izw2p		39.0	Firefox	Windows	United States	POINT(-97.822 37.751)	False	7.0	False
hzh8yf	M	63.0	Chrome	MacOS X	Angola	POINT(18.5 -12.5)	False	10.0	False
630703	M	49.0	Chrome	Windows	China	POINT(116.3105 37.4513)	True	11.0	False
k3oxyz	F	64.0	Chrome	Linux	United States	POINT(-97.822 37.751)	False	16.0	False
606616	F	24.0	Chrome	Windows	China	POINT(116.3883 39.9289)	True	11.0	False
297061		24.0	Chrome	MacOS X	United States	POINT(-157.9269 21.3532)	False	17.0	False
821396	M	47.0	Safari	MacOS X	Mexico	POINT(-99.0111 19.4371)	True	11.75	False
5j3r5q	F	41.0	Chrome	Windows	France	POINT(6.3286 47.7991)	False	12.0	False
m1h408	F		Chrome	Windows	Japan	POINT(139.69 35.69)	False	12.5	False
460401	M	50.0	Firefox	Windows	United States	POINT(-97.822 37.751)	False	13.0	False
7bb707	M	24.0	Chrome	Windows	United States	POINT(-97.822 37.751)	False	10.0	False
623063	F	34.0	Chrome	Windows	United States	POINT(-97.822 37.751)	False	11.0	False
5m4c70	F	51.0	Chrome	Linux	Canada	POINT(-79.3716 43.6319)	False	9.0	False
641295	F	70.0	Chrome	Windows	Japan	POINT(139.6837 35.7068)	True	12.2	False
723457	F	65.0	Chrome	MacOS X	Vietnam	POINT(106 16)	True	9.0	True
694881	F	17.0	Firefox	Windows	France	POINT(0.0833 48.4333)	False	10.0	False
078494	M	50.0	Chrome	Windows	China	POINT(113.7266 34.7725)	True	10.0	False
vskl4p	F	63.0	Chrome	Linux	Italy	POINT(7.6868 45.0705)	True	11.333333333333334	False
279650	M	52.0	Firefox	Windows	Germany	POINT(10.1691 53.5893)	False	13.0	False
738599	F	54.0	Firefox	MacOS X	United States	POINT(-85.2243 38.2162)	False	13.666666666666666	False
682422	M	24.0	Chrome	Windows	India	POINT(76.9614 10.9925)	False	8.5	False
443445	M		Chrome	Windows	Germany	POINT(9.491 51.2993)	False	10.25	False
481306	F	29.0	Chrome	MacOS X	China	POINT(113.444 29.4718)	True	7.5	False
365978		27.0	Chrome	Windows	United States	POINT(-97.822 37.751)	False	18.0	False
sh2vo0	F	31.0	Chrome	Windows	United States	POINT(-97.822 37.751)	False	12.0	False
qbqslq	M	37.0	Safari	MacOS X	United States	POINT(-97.822 37.751)	True	12.333333333333334	False
847648		30.0	Chrome	Windows	Nigeria	POINT(8 10)	False	10.0	False
074562		66.0	Edge	Windows	United States	POINT(-97.822 37.751)	True	10.0	False
608839	F	37.0	Chrome	MacOS X	South Korea	POINT(126.9741 37.5112)	True	8.333333333333334	False
57q9w1	M	20.0	Chrome	Windows	Japan	POINT(139.69 35.69)	False	20.0	False
160073	F	49.0	Chrome	MacOS X	United Kingdom	POINT(-0.6785 52.3637)	False	23.0	False
580763	F	71.0	Chrome	Windows	Finland	POINT(24.9375 60.1708)	True	9.0	False
qifgva	F	51.0	Chrome	Windows	United States	POINT(-97.822 37.751)	False	12.5	False
oto3s4	M	56.0	Chrome	Windows	Egypt	POINT(31.2859 30.0771)	False	9.0	False
829263	F	60.0	Chrome	MacOS X	Australia	POINT(151.2644 -33.8943)	False	9.0	False
p8pm0i	F		Chrome	Windows	Brazil	POINT(-43.2192 -22.8305)	False	9.0	False
0it266	F	66.0	Chrome	Windows	Australia	POINT(151.1028 -33.9125)	False	9.0	False
921750	F	15.0	Chrome	Windows	United States	POINT(-97.822 37.751)	True	9.0	False
g4ardi	M	28.0	Safari	MacOS X	United States	POINT(-97.822 37.751)	True	13.0	False
nzjjr3	F	26.0	Chrome	Windows	China	POINT(116.3883 39.9289)	False	17.0	False
082726	M	71.0	Chrome	Windows	United States	POINT(-121.8914 37.3388)	False	8.0	False
qgd23u	F	63.0	Safari	MacOS X	United States	POINT(-97.822 37.751)	False	8.5	False
tsp29g	M	26.0	Firefox	Windows	Netherlands	POINT(5.1342 52.0904)	False	18.0	False
8z7b4v	M	46.0	Chrome	MacOS X	Ireland	POINT(-6.2489 53.3331)	False	12.0	False
qwd3ch	F	75.0	Chrome	Windows	United States	POINT(-97.822 37.751)	True	5.5	False
q4pziy	F	40.0	Firefox	Windows	France	POINT(2.3387 48.8582)	False	11.0	False
476903	M	59.0	Chrome	MacOS X	South Korea	POINT(126.9741 37.5112)	False	9.0	False
140004	F	31.0	Chrome	Windows	United States	POINT(-73.9975 40.7308)	False	11.0	False
pudd8t	F	51.0	IE	Windows	Brazil	POINT(-43.2192 -22.8305)	True	9.666666666666666	False
913877		46.0	Chrome	Windows	China	POINT(112.4708 37.7269)	False	11.0	False
044nxo	M	57.0	Chrome	MacOS X	China	POINT(113.25 23.1167)	True	9.5	False
773175	F	19.0	Chrome	MacOS X	Netherlands	POINT(4.8995 52.3824)	True	12.0	False
9eyn3w	F	65.0	Chrome	Windows	France	POINT(2.3387 48.8582)	False	11.0	False
185902	M	40.0	Chrome	Windows	China	POINT(113.5325 34.6836)	True	10.0	False
wq0vxn	M	50.0	Chrome	Windows	United States	POINT(-97.822 37.751)	False	12.0	False
184256	F	68.0	Chrome	Windows	Sweden	POINT(11.9424 58.3478)	False	5.5	False
cojbp5	F	45.0	Chrome	MacOS X	United States	POINT(-97.822 37.751)	True	14.0	False
ib7gc1	M	72.0	Chrome	Linux	China	POINT(113.1136 28.1792)	False	14.0	False
284923	F	34.0	Firefox	Windows	Germany	POINT(13.4112 52.5378)	False	9.0	False
259532		51.0	Chrome	Windows	United States	POINT(-84.3859 34.0408)	False	9.0	False
33i4wx	F	54.0	Chrome	Windows	Belgium	POINT(4.35 50.85)	False	12.0	False
813234		20.0	Chrome	Windows	Portugal	POINT(-8.4884 41.5395)	True	10.0	False
prrt6t	M		Chrome	MacOS X	China	POINT(121.4331 28.6627)	True	13.0	False
180406	F	27.0	Chrome	MacOS X	Japan	POINT(139.69 35.69)	False	14.0	False
1789a2	F	76.0	Chrome	MacOS X	United States	POINT(-97.822 37.751)	True	12.333333333333334	False
444716	F	35.0	Chrome	Windows	United States	POINT(-117.0885 33.6243)	True	11.0	False
825623	F	43.0	Chrome	Windows	Norway	POINT(10.75 59.95)	False	11.25	False
063450	F	52.0	Firefox	Windows	United States	POINT(-97.822 37.751)	True	9.0	False
492482	M	67.0	IE	Windows	United States	POINT(-97.822 37.751)	False	13.5	True
660119	F	53.0	Firefox	Windows	United States	POINT(-71.1042 42.3647)	False	8.75	False
265862	F	68.0	Chrome	Windows	United States	POINT(-97.822 37.751)	True	8.25	False
w8dah7	F	32.0	Chrome	Windows	Ireland	POINT(-6.6814 53.6528)	False	9.0	False
7uruq8	M	19.0	Firefox	Windows	United States	POINT(-97.822 37.751)	False	11.0	False
k1nv2c	M	60.0	Chrome	Windows	United States	POINT(-97.822 37.751)	False	12.333333333333334	False
873185	F	17.0	Chrome	MacOS X	Germany	POINT(8.5134 50.1789)	False	17.0	False
gw6yzi	F	61.0	Chrome	Windows	United States	POINT(-97.822 37.751)	False	10.5	True
u3u8q3	F	16.0	Chrome	Windows	China	POINT(120.5954 31.3041)	False	15.0	False
106403			Chrome	Windows	Portugal	POINT(-9.1394 38.7139)	False	19.0	False
091675	F		Chrome	MacOS X	United States	POINT(-84.3248 33.7952)	False	12.0	False
352236	F	68.0	Firefox	Linux	Denmark	POINT(12.0564 55.7123)	False	10.5	False
6k308t		19.0	Chrome	Windows	China	POINT(125.3228 43.88)	True	13.0	False
451687	M	23.0	Chrome	Windows	United States	POINT(-122.3129 47.5413)	False	9.5	False
jbjjke	F	65.0	Chrome	Windows	Costa Rica	POINT(-84.1366 9.9499)	True	7.5	True
300802	M	67.0	Chrome	Windows	United States	POINT(-97.822 37.751)	True	9.75	False
53mjnm	F	48.0	Chrome	Windows	France	POINT(-0.7275 45.6781)	False	12.0	False
613170	M	47.0	Chrome	Windows	United States	POINT(-71.1355 42.1645)	False	10.0	False
358447	F	46.0	Chrome	MacOS X	United States	POINT(-97.822 37.751)	False	11.0	False
bm4jzj	F	46.0	Firefox	Windows	Thailand	POINT(100.65 13.7667)	True	8.8	False
tysrke	F	68.0	Chrome	Windows	United States	POINT(-122.2166 37.7806)	False	10.5	False
0f8330	M	49.0	Chrome	Windows	Brazil	POINT(-43.3307 -22.9201)	False	13.0	False
pmwi0e	F	20.0	Chrome	MacOS X	United States	POINT(-118.244 34.0544)	True	15.0	False
418749	M	23.0	Chrome	Windows	United States	POINT(-97.822 37.751)	False	8.0	False
039113	F	51.0	Chrome	MacOS X	Taiwan	POINT(121 23.5)	False	14.0	False
478113	F	20.0	Firefox	MacOS X	Sweden	POINT(19.1667 63.3333)	True	11.0	False
786182	M	67.0	Chrome	Windows	Argentina	POINT(-60.5333 -31.7333)	False	11.0	False
362722	M	40.0	Firefox	Windows	United States	POINT(-97.822 37.751)	False	10.0	False
424000	M	63.0	Chrome	Windows	Japan	POINT(139.6738 35.695)	False	8.0	False
112998	M	68.0	Chrome	Windows	Netherlands	POINT(4.8995 52.3824)	False	14.0	False
208372	F	48.0	Chrome	Windows	Argentina	POINT(-59.0833 -35.15)	True	15.0	False
215224	F	40.0	Chrome	MacOS X	Russia	POINT(30.2642 59.8944)	False	10.5	False
p1yslt	M	74.0	Chrome	Windows	United States	POINT(-97.822 37.751)	True	9.0	False
362514	F	53.0	Chrome	MacOS X	Japan	POINT(132.5379 34.1843)	False	13.0	False
167451	F	66.0	Chrome	Windows	Poland	POINT(21.0362 52.2394)	False	10.0	False
xtmdw9	F	52.0	Chrome	Windows	Japan	POINT(139.69 35.69)	False	11.0	False
191639	F	45.0	IE	Windows	Germany	POINT(9.491 51.2993)	False	9.0	False
009910	F	62.0	Chrome	Windows	United States	POINT(-97.822 37.751)	True	7.8	False
yxrn75	F	66.0	Chrome	Windows	United States	POINT(-97.822 37.751)	False	12.0	False
210090	M	38.0	Chrome	MacOS X	United States	POINT(-97.822 37.751)	False	8.0	False
639398	F	38.0	Chrome	Windows	United States	POINT(-76.6321 39.3507)	True	8.714285714285714	True
575191	M	17.0	Firefox	Windows	United States	POINT(-97.822 37.751)	False	12.0	False
581066	M	60.0	Chrome	Windows	Brazil	POINT(-43.2192 -22.8305)	False	11.0	False
lkykq4	F	39.0	Chrome	MacOS X	United Kingdom	POINT(0.5333 51.4)	False	9.0	False
065846	M	38.0	Chrome	MacOS X	China	POINT(120.952 31.3835)	True	8.5	False
i7baeu		57.0	Chrome	Windows	Italy	POINT(13.8347 42.8272)	False	7.0	False
694165	F	49.0	Chrome	Windows	China	POINT(106.7167 26.5833)	False	10.333333333333334	True
882757	M	48.0	Chrome	Windows	United States	POINT(-97.822 37.751)	False	20.0	False
559414	F	32.0	IE	Windows	United States	POINT(-73.9913 42.88)	False	10.0	False
msmyps	M	17.0	Chrome	MacOS X	Colombia	POINT(-76.6132 2.4382)	False	19.0	False
099611	M	46.0	Chrome	Windows	United States	POINT(-97.822 37.751)	False	18.0	False
276074	M	47.0	Chrome	Windows	United States	POINT(-97.822 37.751)	False	14.666666666666666	False
760197	F	68.0	Firefox	Windows	United States	POINT(-97.822 37.751)	False	9.5	False
636741	M	69.0	Chrome	Windows	United States	POINT(-97.822 37.751)	False	10.0	False
hcav2l		71.0	Safari	MacOS X	Brazil	POINT(-43.3307 -22.9201)	True	13.5	False
571540	F	15.0	Firefox	Linux	Poland	POINT(21.0362 52.2394)	False	9.5	False
819763	F	34.0	Chrome	Windows	China	POINT(113.7266 34.7725)	False	13.0	False
396794	F	53.0	Chrome	Windows	United States	POINT(-97.822 37.751)	True	10.6	True
898648	M	17.0	Chrome	Windows	China	POINT(113.7266 34.7725)	False	14.0	False
170335	F	33.0	Firefox	Windows	United States	POINT(-97.822 37.751)	False	13.0	False
f65gli	M	66.0	IE	Windows	United Kingdom	POINT(-1.7739 51.0209)	True	12.0	True
254946	F	71.0	Safari	MacOS X	United States	POINT(-121.8914 37.3388)	False	17.0	False
truqm1		41.0	Chrome	Windows	United States	POINT(-97.822 37.751)	True	8.0	False
4qi6td	F	60.0	Edge	Windows	United States	POINT(-97.822 37.751)	True	9.0	False
z3l73f	F	23.0	Chrome	MacOS X	United Kingdom	POINT(-0.156 51.6357)	False	16.0	False
132520	M	39.0	Chrome	Windows	Japan	POINT(139.69 35.69)	False	14.0	False
025714	F	56.0	Chrome	Windows	Hungary	POINT(18.2068 46.0967)	False	10.0	False
xk89bw	M	71.0	Chrome	Windows	United States	POINT(-97.822 37.751)	False	8.0	False
255155		47.0	Chrome	Windows	Argentina	POINT(-58.6725 -34.5875)	True	9.75	True
280876	F	31.0	Chrome	Windows	United States	POINT(-97.822 37.751)	True	11.75	False
961324	F	35.0	Chrome	MacOS X	China	POINT(106.5528 29.5628)	True	9.2	False
570589	F	52.0	Chrome	Windows	United States	POINT(-97.822 37.751)	False	11.5	False
fxatb1	F	63.0	Chrome	Linux	Belgium	POINT(5.4833 50.6)	False	13.0	False
667800	M		Safari	MacOS X	Germany	POINT(9.491 51.2993)	True	10.0	False
m2kwxv	M	66.0	Chrome	MacOS X	Germany	POINT(8.6712 50.4339)	False	10.0	False
517057	F	31.0	Firefox	Linux	United States	POINT(-97.822 37.751)	False	7.0	False
lf592o	F	61.0	Chrome	Windows	France	POINT(7.3784 48.1258)	True	10.5	False
007955	F	71.0	Chrome	Windows	United States	POINT(-97.822 37.751)	False	13.0	False
87rdq9	M	19.0	Chrome	Windows	Japan	POINT(139.69 35.69)	True	12.0	False
463450	M	55.0	Chrome	Windows			True	11.0	False
752039	F	54.0	Chrome	Windows	Brazil	POINT(-43.2192 -22.8305)	False	11.0	False
761299	M	31.0	Chrome	Windows	United States	POINT(-97.822 37.751)	False	13.0	False
idtmti	F	48.0	Chrome	MacOS X	United States	POINT(-97.822 37.751)	True	14.666666666666666	False
353964	M	56.0	Chrome	Windows	Australia	POINT(144.9544 -37.8103)	False	10.666666666666666	False
123244	M	53.0	Chrome	Windows	United States	POINT(-98.6109 30.7151)	True	10.75	False
k0batl	M	57.0	Chrome	MacOS X	United States	POINT(-97.822 37.751)	False	11.0	False
436392	M	56.0	Chrome	Windows	Morocco	POINT(-5 32)	True	11.2	True
036847	F	42.0	Chrome	Windows	United States	POINT(-79.9644 40.5375)	False	17.0	False
463199		48.0	Chrome	Windows	Germany	POINT(9.491 51.2993)	True	9.428571428571429	False
116876	F	53.0	Chrome	Windows	Czechia	POINT(14.4112 50.0848)	False	13.5	False
296336	M	68.0	Chrome	Windows	United Arab Emirates	POINT(54 24)	False	8.0	False
586899	M	75.0	Chrome	Windows	United States	POINT(-97.822 37.751)	False	10.333333333333334	False
857366	F	20.0	Chrome	Windows	United States	POINT(-99.4211 35.4104)	True	7.5	False
820560	M	59.0	Chrome	MacOS X	South Korea	POINT(126.9892 37.4289)	False	12.0	False
307875	F	69.0	Firefox	Windows	United States	POINT(-97.822 37.751)	False	8.0	False
196966	F	29.0	Chrome	Windows	United States	POINT(-97.822 37.751)	False	10.0	False
872622	F	63.0	Chrome	Windows	Guatemala	POINT(-90.5269 14.6211)	True	12.25	True
zh19tu	M	38.0	Chrome	Windows	Germany	POINT(9.491 51.2993)	False	15.0	False
pob3e5	F	39.0	Chrome	MacOS X	United States	POINT(-74.0566 41.4724)	False	15.0	False
rpx064	F		Chrome	Windows	Malaysia	POINT(112.5 2.5)	True	12.0	True
lelku6	F	65.0	Chrome	MacOS X	South Korea	POINT(126.9741 37.5112)	False	9.0	False
618987		40.0	Chrome	Linux	Japan	POINT(139.69 35.69)	True	10.75	False
161996	F	60.0	Firefox	Windows	Spain	POINT(-4.4852 37.4088)	True	9.0	True
069675	M	32.0	Chrome	Windows	Italy	POINT(12.1097 43.1479)	False	8.0	False
035287	F		Chrome	Windows	Brazil	POINT(-52.1934 -7.2134)	False	13.0	False
fqxinx	F	34.0	Firefox	MacOS X	Japan	POINT(139.69 35.69)	False	18.0	False
f1tvsv	F	71.0	Chrome	Windows	India	POINT(80.2833 13.0833)	True	14.5	False
795076	F	30.0	Chrome	Windows	United States	POINT(-97.822 37.751)	False	16.0	False
927016	F	50.0	Chrome	Windows	Netherlands	POINT(4.8995 52.3824)	False	12.333333333333334	False
kasmc3	F	52.0	Firefox	Windows	China	POINT(116.3889 39.9288)	False	7.0	False
290962	F	45.0	Chrome	MacOS X	United States	POINT(-97.822 37.751)	True	10.25	False
177501	M		Chrome	Windows	United States	POINT(-79.244 42.0928)	False	8.0	False
208761	F	18.0	Safari	MacOS X	United States	POINT(-104.6933 39.0237)	False	10.0	False
145076	M	75.0	Chrome	Windows	China	POINT(113.25 23.1167)	False	17.0	False
391576	F	35.0	Safari	MacOS X	Italy	POINT(12.1097 43.1479)	False	7.285714285714286	True
557912	F	16.0	Chrome	MacOS X	United States	POINT(-97.822 37.751)	False	14.0	False
vn3zi9	F		Chrome	Windows	Brazil	POINT(-52.9833 -27.0833)	False	7.5	False
wy37pl	F		Firefox	Windows	Germany	POINT(9.491 51.2993)	False	17.0	False
333809	M	31.0	Firefox	Windows	United States	POINT(-97.822 37.751)	False	15.0	False
xadrf5	F	70.0	Chrome	MacOS X	Italy	POINT(14.7933 40.6755)	True	17.5	False
103700	F	24.0	Chrome	Windows	Canada	POINT(-79.3716 43.6319)	True	10.2	False
500847	M	44.0	Chrome	Windows	United Kingdom	POINT(-2 51.9833)	False	8.25	False
062460	F	22.0	Chrome	Windows	United States	POINT(-97.822 37.751)	True	9.25	False
zdf8ji	M	70.0	Chrome	Windows	Taiwan	POINT(121.5318 25.0478)	False	12.5	True
936686	M	37.0	Chrome	Windows	United States	POINT(-97.822 37.751)	False	9.0	False
314488	M	58.0	Chrome	Windows	United Kingdom	POINT(-0.1224 51.4964)	False	9.333333333333334	False
855971	F		Chrome	Windows	France	POINT(-1.6484 47.2176)	False	12.0	False
118045	F	32.0	Chrome	Windows	Germany	POINT(8.6823 50.1153)	False	13.0	False
201876	F	53.0	Safari	MacOS X	United States	POINT(-97.822 37.751)	False	10.0	False
790536	F	63.0	Safari	MacOS X	Taiwan	POINT(121 23.5)	False	11.0	False
wkcwg7	F	20.0	Chrome	Windows	China	POINT(120.1614 30.2936)	False	13.0	False
299244	M	30.0	Chrome	Windows	United States	POINT(-93.3188 44.9124)	False	13.0	False
536496	M	31.0	Chrome	Windows	United States	POINT(-97.822 37.751)	False	13.0	False
526384	M	76.0	Chrome	Windows	China	POINT(113.5325 34.6836)	False	14.0	False
741192	F	48.0	Chrome	MacOS X	Kuwait	POINT(47.6581 29.3375)	False	14.0	False
nmp6hv	M	40.0	Chrome	Linux	France	POINT(3.0421 50.7745)	True	13.0	False
4izr1z	F	27.0	Chrome	Windows	United States	POINT(-97.822 37.751)	True	11.333333333333334	False
s6i3dx	M	70.0	Firefox	Windows	Uruguay	POINT(-56 -33)	False	6.5	False
678957	F	43.0	Chrome	Linux	Algeria	POINT(2.9131 36.1367)	False	11.25	True
186536	F		Chrome	MacOS X	United States	POINT(-97.822 37.751)	True	13.0	False
631jrf		60.0	Chrome	Windows	South Africa	POINT(26.1662 -29.123)	False	10.0	True
105246		70.0	Chrome	Windows	United States	POINT(-88.7548 41.9008)	False	7.5	False
wsxw1v	M	38.0	Chrome	MacOS X	South Africa	POINT(28.0583 -26.2309)	True	9.0	False
064714		44.0	Firefox	Windows	Japan	POINT(136.1686 34.9809)	False	14.0	False
2nfsdh	F	66.0	Chrome	Windows	Iran	POINT(51.4231 35.6961)	False	9.5	True
826211	M		Firefox	Windows	United States	POINT(-97.822 37.751)	True	15.0	False
260445	M	16.0	Chrome	MacOS X	United States	POINT(-97.822 37.751)	False	10.0	False
lrbpos	F	63.0	Chrome	MacOS X	Brazil	POINT(-43.2192 -22.8305)	False	11.5	False
976109	M	35.0	Chrome	Windows	Italy	POINT(12.1097 43.1479)	False	16.0	False
0y2238		63.0	Chrome	Windows	United States	POINT(-78.8654 40.285)	False	14.5	False
810413	F	27.0	Chrome	Windows	United States	POINT(-97.822 37.751)	False	9.0	False
318585	F	53.0	Chrome	Windows	Spain	POINT(-3.684 40.4172)	True	10.0	True
517213	F	24.0	Chrome	Windows	United States	POINT(-97.822 37.751)	False	12.5	False
2ilhd2	M	66.0	Chrome	Windows	India	POINT(77 20)	False	10.666666666666666	False
369171	F	23.0	Chrome	Windows	United States	POINT(-97.822 37.751)	False	9.0	False
hiumu7			Chrome	Windows	Taiwan	POINT(121 23.5)	False	7.0	False
619725	M	42.0	Firefox	Linux	United States	POINT(-97.822 37.751)	True	12.333333333333334	False
773579	M	64.0	Safari	MacOS X	India	POINT(76.5917 8.8806)	True	7.571428571428571	True
055833	F	60.0	Chrome	Windows	United States	POINT(-98.4967 29.6562)	False	11.0	False
167710	M	66.0	IE	Windows	France	POINT(2.3615 48.8637)	True	11.0	False
295464	M	67.0	Chrome	MacOS X	United Kingdom	POINT(-2.841 53.3407)	False	11.0	False
936359	F	43.0	Chrome	Windows	South Korea	POINT(126.9741 37.5112)	False	12.0	False
796846	F	34.0	Edge	Windows	Russia	POINT(41.5158 57.4586)	True	10.75	False
ohcw3q	M	32.0	Chrome	Windows	Italy	POINT(12.1097 43.1479)	True	19.0	False
226156	F	64.0	Chrome	Windows	United States	POINT(-76.7331 40.2041)	False	11.75	False
512327	M	30.0	Chrome	MacOS X	Japan	POINT(139.69 35.69)	True	9.125	True
379819	M	20.0	Safari	MacOS X	Austria	POINT(14.2346 48.2266)	False	9.5	False
242568	F	40.0	Chrome	Windows	Italy	POINT(11.7117 45.1874)	False	10.0	False
888585		25.0	Safari	MacOS X	United States	POINT(-97.822 37.751)	False	12.0	False
0jqz32	F	28.0	Chrome	Windows		POINT(0 0)	False	17.0	False
742744	F	25.0	Firefox	Windows	Switzerland	POINT(8.1551 47.1449)	False	10.0	False
325794	M	29.0	Firefox	Linux	United States	POINT(-97.822 37.751)	False	14.0	False
545790	M	61.0	Chrome	Windows	United States	POINT(-97.822 37.751)	True	7.75	True
278313	M	55.0	Firefox	Windows	United States	POINT(-80.3889 25.9098)	True	10.0	True
482847	F	36.0	Chrome	MacOS X	United States	POINT(-97.822 37.751)	True	11.666666666666666	False
ee8fw8	M	66.0	Chrome	Windows	United States	POINT(-80.6015 35.4848)	True	10.333333333333334	False
573422	F	70.0	Firefox	Windows	South Korea	POINT(126.9741 37.5112)	False	13.0	False
317454	F	38.0	Chrome	Windows	Canada	POINT(-66.6763 45.8119)	True	11.2	True
833626	F	25.0	Chrome	Windows	China	POINT(112.3861 25.477)	False	12.0	False
909164	M	46.0	Chrome	Windows	United States	POINT(-112.0474 33.465)	False	11.333333333333334	False
w88u4a	F	28.0	Firefox	Windows	United States	POINT(-97.822 37.751)	False	17.0	False
547028	M	49.0	Chrome	Windows	United States	POINT(-97.5873 40.6404)	False	9.0	False
qacgy8	M	39.0	Chrome	MacOS X	Morocco	POINT(-5 32)	False	7.0	False
564328	M		Safari	MacOS X	China	POINT(111.3167 23.4833)	False	22.0	False
410409	M	40.0	Chrome	Windows	Japan	POINT(139.69 35.69)	False	10.0	False
932166	M	72.0	Chrome	Windows	China	POINT(118.5858 24.9139)	True	8.6	True
x2re38	F	51.0	Chrome	Windows	China	POINT(121.3997 31.0456)	False	12.666666666666666	True
025281	M	58.0	Firefox	Windows	Greece	POINT(21.7344 38.2444)	True	11.5	False
603800	M	31.0	Firefox	Windows	United States	POINT(-97.822 37.751)	True	9.0	False
041619	M	21.0	Chrome	Windows	China	POINT(103.7922 36.0564)	False	11.0	False
200214	M	75.0	Chrome	Windows	United States	POINT(-74.0303 40.6251)	True	10.666666666666666	False
320239	M	16.0	Chrome	Windows	Italy	POINT(12.1097 43.1479)	False	16.0	False
379909	M	38.0	Chrome	Windows	United States	POINT(-97.822 37.751)	False	10.0	False
330492	F	29.0	Chrome	Windows	United States	POINT(-97.822 37.751)	True	14.0	False
669290		60.0	Chrome	MacOS X	United States	POINT(-122.0862 37.3547)	True	10.75	False
978309	F	61.0	Safari	MacOS X	United Kingdom	POINT(-0.1224 51.4964)	False	11.0	False
652999	F	31.0	Chrome	MacOS X	United States	POINT(-97.822 37.751)	False	11.666666666666666	False
047168	F	55.0	Chrome	Windows	Italy	POINT(12.1097 43.1479)	False	10.25	True
815917	M	24.0	Firefox	Linux	Japan	POINT(139.3548 35.5951)	False	7.0	False
868200	M	46.0	Chrome	MacOS X	United States	POINT(-97.822 37.751)	True	9.0	False
cca99v	F	56.0	Chrome	MacOS X	Germany	POINT(7.4998 51.5044)	True	10.0	True
370170	F	61.0	Firefox	Windows	Brazil	POINT(-43.2192 -22.8305)	False	11.0	False
743253	M	60.0	Firefox	Windows	France	POINT(2.3387 48.8582)	False	10.0	False
qwnfhx	M	62.0	Chrome	MacOS X	South Korea	POINT(126.9741 37.5112)	False	13.5	False
320383		43.0	Safari	MacOS X	United States	POINT(-89.4094 43.0769)	True	12.0	False
rwkyav		62.0	Chrome	Windows	France	POINT(7.05 48.7333)	False	14.0	False
0e82ij	M	22.0	Chrome	Windows	India	POINT(72.8258 18.975)	False	18.0	False
5x2wyw	M	46.0	Chrome	Windows	United States	POINT(-112.0774 33.4511)	False	11.0	False
777255	M	15.0	Chrome	MacOS X	United States	POINT(-97.822 37.751)	False	12.0	False
508008	M	46.0	Firefox	Linux	Australia	POINT(143.2104 -33.494)	False	9.75	True
312970	F	28.0	Chrome	MacOS X	United States	POINT(-97.822 37.751)	False	14.0	False
420003	M	37.0	Chrome	Windows	Japan	POINT(139.69 35.69)	False	13.0	False
s3dfbn	M	47.0	Chrome	Windows	Poland	POINT(19.5387 50.0627)	True	12.0	False
903499	M	53.0	Chrome	Windows	United States	POINT(-97.822 37.751)	False	8.0	False
8c5mxw	F	47.0	Chrome	Windows	Japan	POINT(139.69 35.69)	False	16.5	False
t02bu8	F	70.0	Chrome	Windows	United States	POINT(-89.7054 41.8055)	False	13.0	False
i7i7xb	F		Firefox	Windows	Japan	POINT(139.6472 35.8598)	False	11.666666666666666	False
i9l501	M		Chrome	Windows	China	POINT(120.3719 36.0986)	True	14.0	False
v534lm	M	47.0	Chrome	MacOS X	United States	POINT(-97.822 37.751)	True	11.5	False
460684		53.0	Firefox	Linux	Italy	POINT(9.1895 45.4643)	False	13.0	False
037662	F	76.0	Chrome	MacOS X	Japan	POINT(138.8333 35.8)	False	12.5	False
0lnho4	M	55.0	Chrome	Windows	Argentina	POINT(-67.7 -34.9667)	False	7.0	True
761333	M	72.0	Chrome	MacOS X	United States	POINT(-89.0298 42.4837)	False	9.5	True
767016	F	38.0	Chrome	Windows	China	POINT(116.9969 32.6264)	True	11.0	False
w99by7		54.0	Firefox	Windows	Egypt	POINT(31.223 30.0355)	True	11.666666666666666	False
742957	M	46.0	Chrome	Windows	United States	POINT(-97.822 37.751)	False	8.5	False
1w1fme		70.0	Firefox	Windows	United Kingdom	POINT(-0.1224 51.4964)	True	11.666666666666666	False
758704	F	56.0	Safari	MacOS X	Japan	POINT(139.69 35.69)	False	14.0	False
193056	M	44.0	Chrome	Windows	United States	POINT(-95.6358 29.9766)	True	14.0	False
696260	F	25.0	Chrome	Windows	Russia	POINT(87.1 53.75)	False	12.0	False
245009	F	57.0	IE	Windows	Thailand	POINT(100.9333 13.05)	True	9.857142857142858	True
rro4mr	M		Chrome	MacOS X	United Kingdom	POINT(-0.1224 51.4964)	False	15.0	False
242593			Safari	MacOS X	Morocco	POINT(-5 32)	False	10.666666666666666	False
674381	M	18.0	Chrome	MacOS X	Hungary	POINT(19.2519 46.5253)	True	12.0	False
634658	F	23.0	Safari	MacOS X	Indonesia	POINT(106.8286 -6.175)	False	12.0	False
5tmksn	F	21.0	Chrome	Windows	Czechia	POINT(15.1681 50.7292)	True	11.0	False
914788		52.0	Chrome	Windows	China	POINT(113.7266 34.7725)	False	13.5	False
753719	F	67.0	Chrome	Windows	United States	POINT(-116.5848 43.5834)	False	7.0	False
840395	F	66.0	Chrome	Windows	United States	POINT(-97.822 37.751)	True	10.0	False
052814	M		Chrome	Windows	Germany	POINT(9.491 51.2993)	True	8.0	True
249839	M	53.0	Chrome	Windows	Germany	POINT(11.3263 50.9804)	False	10.333333333333334	False
656493	F	36.0	Chrome	Windows	United States	POINT(-97.822 37.751)	True	11.25	False
989419	F	64.0	Chrome	Windows	Switzerland	POINT(8.1551 47.1449)	False	9.666666666666666	False
fsmwyv	M	78.0	Chrome	MacOS X	China	POINT(113.7266 34.7725)	False	13.0	False
861627	M	60.0	Safari	MacOS X	United States	POINT(-97.822 37.751)	False	10.666666666666666	False
887986	F	39.0	Safari	MacOS X	United States	POINT(-97.822 37.751)	False	9.0	False
mxg55q	F	74.0	Safari	MacOS X	China	POINT(113.7266 34.7725)	True	8.333333333333334	False
019747	F	32.0	Chrome	Windows	United States	POINT(-97.822 37.751)	False	9.0	False
106964	F		Chrome	MacOS X	United States	POINT(-97.822 37.751)	False	13.0	False
662921	F	41.0	Chrome	Windows	Japan	POINT(139.69 35.69)	False	16.0	False
352985	F	37.0	Firefox	Windows	United States	POINT(-97.822 37.751)	False	14.0	False
827400	F	54.0	Safari	MacOS X	China	POINT(113.25 23.1167)	True	11.5	False
423182	F	39.0	Firefox	Windows	Czechia	POINT(14.4112 50.0848)	False	13.0	False
pn8ah9	F	50.0	Chrome	Windows	United States	POINT(-97.822 37.751)	False	10.0	False
627976	F	66.0	Chrome	Windows	Japan	POINT(139.7514 35.685)	False	10.0	False
989056	M	50.0	Chrome	Windows	United States	POINT(-122.2472 47.9017)	False	16.0	False
739901	M	58.0	Chrome	Windows	United States	POINT(-97.822 37.751)	False	14.0	False
ud6shf	M	45.0	Firefox	Windows	Japan	POINT(139.69 35.69)	True	10.5	False
0cmt0r	F	38.0	Chrome	Windows	Colombia	POINT(-74.0758 4.5981)	True	12.333333333333334	False
185383	M	45.0	Edge	Windows			False	10.0	False
739801		57.0	Firefox	Windows	United States	POINT(-97.822 37.751)	True	9.571428571428571	False
277471	M	44.0	Chrome	Windows	South Korea	POINT(126.7727 37.761)	False	17.0	False
385984	M	68.0	Safari	MacOS X	China	POINT(113.5325 34.6836)	False	11.0	False
079581	F	16.0	Chrome	Windows	Switzerland	POINT(8.1551 47.1449)	False	14.0	False
793790	M	54.0	Chrome	MacOS X	United States	POINT(-97.822 37.751)	False	9.6	False
829383	M	48.0	Chrome	MacOS X	Kenya	POINT(38 1)	True	9.333333333333334	False
f4lko4	M		Chrome	Windows	United States	POINT(-97.822 37.751)	False	16.0	False
tbodb8		18.0	Chrome	Windows	South Korea	POINT(126.9741 37.5112)	False	6.0	False
efnwv2	F		IE	Windows	Hong Kong	POINT(114.1667 22.25)	False	9.0	False
177167	M	38.0	Chrome	MacOS X	Canada	POINT(-76.1974 45.2289)	False	16.0	False
0qb0t3	M	53.0	Firefox	Windows	India	POINT(77 20)	False	11.5	True
054349	M	47.0	Chrome	Windows	Argentina	POINT(-58.9292 -34.4633)	False	9.75	False
040425	F	71.0	Safari	MacOS X	South Africa	POINT(24 -29)	True	12.5	False
hqnhkg	M	32.0	Chrome	Linux	South Korea	POINT(126.9741 37.5112)	True	11.0	False
852188	M	52.0	Firefox	Windows	United States	POINT(-92.1998 46.8147)	True	10.75	False
644939		15.0	Chrome	MacOS X	United States	POINT(-97.822 37.751)	True	12.0	False
602543		62.0	Chrome	Windows	Brazil	POINT(-60.4942 -13.0825)	True	10.5	False
313030	F	37.0	Chrome	Windows	Croatia	POINT(15.5 45.1667)	False	11.0	False
478878	M	68.0	Chrome	Windows	United States	POINT(-97.822 37.751)	False	14.25	False
578515	M	49.0	Chrome	Windows	South Africa	POINT(24 -29)	True	13.666666666666666	False
i7746o	M	48.0	Chrome	Windows	United Kingdom	POINT(-4.2328 57.4833)	False	16.0	False
873991		54.0	Chrome	MacOS X	Canada	POINT(-71.25 46.8)	True	10.4	True
002431	M	45.0	Chrome	Windows	Malaysia	POINT(101.9435 2.7486)	False	11.5	False
228776	F		Chrome	Linux	Uruguay	POINT(-56 -33)	True	10.6	True
0l95ic	F	52.0	Edge	Windows	United Kingdom	POINT(-2.5966 51.4552)	False	16.0	False
710433	F	62.0	Chrome	Windows	United States	POINT(-122.3342 37.9265)	False	11.0	False
023864	M	51.0	Chrome	MacOS X	United States	POINT(-84.8198 35.6935)	False	14.0	False
073789	M	43.0	Firefox	Windows	Germany	POINT(9.491 51.2993)	False	14.0	False
10rd7k	F	28.0	Chrome	Windows	Saudi Arabia	POINT(46.7152 24.6537)	False	13.0	False
147563	M	62.0	Chrome	Windows	Australia	POINT(143.2104 -33.494)	False	11.0	False
264449	F	48.0	Chrome	Windows	Russia	POINT(37.6068 55.7386)	False	9.0	False
435509		58.0	Chrome	Windows	South Korea	POINT(126.9741 37.5112)	False	14.0	False
f27jbs	F	31.0	Chrome	Windows	Venezuela	POINT(-66 8)	True	14.0	False
822405	F	60.0	Chrome	MacOS X	Algeria	POINT(5.0833 36.3333)	False	10.5	False
903871	M	45.0	Chrome	Windows	China	POINT(116.9972 36.6683)	True	9.0	True
296966		65.0	Chrome	Windows	United States	POINT(-80.9568 35.2072)	False	15.0	False
nppkjs		65.0	Chrome	Windows	Japan	POINT(139.69 35.69)	True	12.0	False
362134	M	66.0	Chrome	Windows	China	POINT(113.7266 34.7725)	False	8.0	True
897161		35.0	Firefox	Windows	Russia	POINT(50.1182 53.1835)	False	8.75	False
xlvg3w			Firefox	Windows	Spain	POINT(2.3574 41.6398)	False	11.0	False
727844	F	49.0	Chrome	Windows	United States	POINT(-72.9318 41.3184)	False	12.0	False
lexp7m	M	49.0	Chrome	Windows	United States	POINT(-97.822 37.751)	True	12.0	False
132539	M	46.0	Safari	MacOS X	United Kingdom	POINT(-0.1224 51.4964)	True	9.333333333333334	False
841767		41.0	Chrome	Windows	United States	POINT(-73.1304 41.216)	False	10.0	False
413929	M	62.0	Chrome	Windows	United States	POINT(-97.822 37.751)	False	12.0	False
703967	F	35.0	Chrome	Windows	United States	POINT(-97.822 37.751)	False	10.0	False
jn2ron	M	54.0	Firefox	MacOS X			True	9.5	False
1bhyje	M	31.0	Chrome	Linux	Australia	POINT(153.0215 -27.4732)	True	12.0	False
syggzk	F	44.0	Firefox	Windows	Germany	POINT(9.491 51.2993)	True	10.333333333333334	False
993137	F	38.0	Firefox	Windows	Venezuela	POINT(-70.4333 9.3667)	True	11.5	False
xtrnyv		17.0	Chrome	Windows	United States	POINT(-97.822 37.751)	False	13.0	False
uwslxz	F	63.0	Chrome	Windows	Sweden	POINT(17.6454 59.8585)	False	11.0	False
1j1cbo	F	60.0	Chrome	Windows	United Kingdom	POINT(-2.1214 57.1865)	True	14.5	False
wfcav3	M	38.0	Chrome	MacOS X	New Zealand	POINT(174.7635 -36.8485)	False	12.0	False
626078	M	57.0	Edge	Windows	Sweden	POINT(18.056 59.3247)	True	10.4	False
292644	F	41.0	Safari	MacOS X	Switzerland	POINT(8.1551 47.1449)	False	11.5	False
143248	F	62.0	Chrome	Windows	United States	POINT(-97.822 37.751)	True	10.333333333333334	False
yi8cyj	M	70.0	Firefox	Linux	United States	POINT(-115.1454 36.126)	True	12.666666666666666	False
599561	M	36.0	Chrome	Windows	Germany	POINT(9.491 51.2993)	False	15.0	False
028307	F	45.0	Safari	MacOS X	Bosnia and Herzegovina	POINT(18.3833 43.85)	False	7.0	False
446484	M	27.0	Chrome	MacOS X	China	POINT(113.5325 34.6836)	False	13.0	False
710049	F	68.0	Chrome	Windows	United States	POINT(-97.822 37.751)	False	16.0	False
6ic7ni	F		Firefox	Windows	France	POINT(2.3387 48.8582)	True	10.0	False
794070	F	36.0	Chrome	MacOS X	United States	POINT(-84.4455 42.0484)	False	10.0	False
158236		68.0	Chrome	Windows	Norway	POINT(10.75 59.95)	False	11.666666666666666	False
146114	F	41.0	Chrome	Windows	France	POINT(2.3387 48.8582)	True	10.0	False
jq8v13	M	56.0	Chrome	Windows	Netherlands	POINT(4.8995 52.3824)	True	13.666666666666666	True
8sv2vq		64.0	Chrome	MacOS X	China	POINT(113.7266 34.7725)	False	15.0	True
775601	M	47.0	Chrome	Linux	China	POINT(116.3883 39.9289)	False	13.0	False
549706	F	45.0	Firefox	Windows			True	7.2	False
789389	M	33.0	Firefox	Linux	United States	POINT(-97.822 37.751)	True	10.0	False
369763	F		Safari	MacOS X	New Zealand	POINT(174.7635 -36.8485)	True	6.166666666666667	False
jromea	M	71.0	Chrome	MacOS X	United States	POINT(-97.822 37.751)	False	16.0	False
388843	M	38.0	Chrome	Windows	United States	POINT(-71.0922 42.3427)	True	6.8	False
772zgp		46.0	Firefox	Windows	Taiwan	POINT(121.3187 24.9896)	True	13.0	False
pjt9hp	M	41.0	Safari	MacOS X	China	POINT(108.9286 34.2583)	False	8.0	False
382064	F	53.0	Safari	MacOS X	Colombia	POINT(-74.0758 4.5981)	True	7.5	False
592191	F	49.0	Chrome	Windows	China	POINT(116.3883 39.9289)	False	9.333333333333334	False
453695	F	71.0	Safari	MacOS X	Brazil	POINT(-44.3322 -23.0276)	False	12.0	False
kh1dxb		62.0	Chrome	MacOS X	France	POINT(2.3387 48.8582)	False	9.0	False
686735	F	77.0	Chrome	Windows	United States	POINT(-91.1671 30.3795)	False	10.0	False
862974	F	70.0	Chrome	Windows	United States	POINT(-97.822 37.751)	True	8.0	True
621183		43.0	Chrome	Windows	United States	POINT(-86.7821 36.165)	True	9.833333333333334	False
309957	F	29.0	Chrome	Windows	Brazil	POINT(-54.6372 -16.4332)	False	15.0	False
987838			Chrome	Windows	Italy	POINT(11.3387 44.4938)	True	13.0	False
668973	F	33.0	Chrome	Windows	United States	POINT(-91.1339 30.3863)	True	11.333333333333334	False
991968		46.0	Chrome	Windows	United States	POINT(-81.4211 40.9637)	False	8.5	False
319003	F	31.0	Chrome	Windows	Switzerland	POINT(8.1551 47.1449)	False	10.0	False
666092	M	19.0	Chrome	Windows	Canada	POINT(-111.1357 56.664)	False	17.0	False
s4yhhh	M	24.0	Chrome	Windows	United Kingdom	POINT(-0.1224 51.4964)	False	13.0	False
076520	M	54.0	Safari	MacOS X	United States	POINT(-85.4293 30.4753)	True	12.5	True
292635	M	54.0	Firefox	Windows	South Korea	POINT(126.9741 37.5112)	False	12.0	False
tm8sl5		69.0	Chrome	Windows	Norway	POINT(10.8667 60.0833)	False	11.0	True
61wmus	M	17.0	Chrome	MacOS X	Finland	POINT(24.7327 60.3126)	False	12.0	False
pq6146	F	25.0	Chrome	Windows	China	POINT(113.7167 23.0333)	True	11.0	False
522141	M	68.0	Chrome	Windows	Brazil	POINT(-37.1102 -10.7269)	True	8.833333333333334	False
547731	M	46.0	Chrome	Windows	Mexico	POINT(-98.9427 19.3308)	False	10.5	False
424958	F	70.0	Chrome	Windows	China	POINT(113.7266 34.7725)	False	11.0	False
441110	F	70.0	Chrome	Windows	China	POINT(113.8015 35.1903)	False	18.0	False
z4hh3x	F	65.0	Safari	MacOS X	China	POINT(112.4708 37.7269)	False	12.0	False
hqqs9d	F	18.0	Firefox	Windows	United States	POINT(-97.822 37.751)	False	11.0	False
532900	M	47.0	Chrome	Windows	United States	POINT(-97.822 37.751)	False	10.333333333333334	False
pyvzrd		71.0	Chrome	Windows	United States	POINT(-97.822 37.751)	False	14.0	False
yj0786	F	55.0	Firefox	Windows	Japan	POINT(139.69 35.69)	False	11.0	True
368240		40.0	Chrome	MacOS X	United States	POINT(-97.822 37.751)	False	8.25	False
quwydr		52.0	Chrome	Windows	Vietnam	POINT(105.85 21.0333)	False	14.0	False
746266	M		Chrome	MacOS X	United States	POINT(-97.822 37.751)	False	11.0	False
095967	M	59.0	Chrome	MacOS X	Finland	POINT(24.9375 60.1708)	True	7.833333333333333	True
892611	F	69.0	Firefox	Windows	Canada	POINT(-110.9119 54.4436)	False	11.0	False
076466	M		Firefox	Windows	China	POINT(116.3883 39.9289)	False	6.5	False
794929	F	21.0	Chrome	Windows	United States	POINT(-97.822 37.751)	False	8.0	False
655087	M		Chrome	MacOS X	United States	POINT(-97.822 37.751)	True	9.5	False
098675	F		Chrome	Windows	France	POINT(2.3292 48.8628)	True	8.75	True
910022	M	44.0	Firefox	Windows	United States	POINT(-97.822 37.751)	False	13.0	False
612298	M	56.0	Chrome	Windows	United States	POINT(-81.0492 32.0543)	False	8.666666666666666	False
u5vyyk	F	17.0	Chrome	Windows	United States	POINT(-97.822 37.751)	False	14.0	False
61lbbt		53.0	Chrome	Windows	United States	POINT(-97.822 37.751)	False	6.5	False
567923	M	62.0	Chrome	Windows	United States	POINT(-83.1801 42.3349)	True	11.0	False
611464	M	68.0	Chrome	Windows	United States	POINT(-97.822 37.751)	False	6.0	False
894901	F	55.0	Chrome	Windows	Luxembourg	POINT(6.0986 49.8306)	False	9.5	False
333798	F	64.0	Chrome	MacOS X	Brazil	POINT(-43.957 -19.8993)	False	18.0	False
942106	M	59.0	Chrome	Windows	Denmark	POINT(9.941 57.2702)	False	13.0	False
634030	F	67.0	Chrome	Windows	United States	POINT(-88.1009 30.6729)	True	9.8	True
280797	F	47.0	Chrome	MacOS X	United States	POINT(-97.822 37.751)	False	16.0	False
352641	F	61.0	Chrome	MacOS X	France	POINT(4.1374 48.0592)	True	12.2	True
841615	F	23.0	Chrome	Windows	Canada	POINT(-79.4534 43.8156)	False	12.0	False
434039	M		Chrome	Windows	Romania	POINT(25 46)	True	7.857142857142857	False
8jevr7	M	34.0	Chrome	Windows	United States	POINT(-97.822 37.751)	True	9.333333333333334	False
626336	F	48.0	Firefox	Windows	United States	POINT(-95.9526 36.1464)	False	14.0	False
nu94ii	M	62.0	Chrome	MacOS X	United States	POINT(-97.822 37.751)	False	7.0	False
0et6wt	F	23.0	Chrome	Windows	United States	POINT(-118.4525 33.9779)	True	21.0	False
887453	F	44.0	Safari	MacOS X	United States	POINT(-81.4787 28.5289)	True	11.0	True
60nltt	F	67.0	Chrome	Windows	Germany	POINT(9.491 51.2993)	True	9.0	True
387997	F	68.0	Chrome	MacOS X	Albania	POINT(20 41)	False	14.5	False
068693	M	69.0	Chrome	Windows	United States	POINT(-97.822 37.751)	False	11.0	False
931208	M		Firefox	Windows	United States	POINT(-97.822 37.751)	True	10.5	False
gmklip	F	60.0	Firefox	Windows	United States	POINT(-119.8371 34.4329)	True	14.0	False
120424	F	55.0	Chrome	Windows	France	POINT(7.2661 43.7031)	False	15.0	False
445103	F	66.0	Safari	MacOS X	United States	POINT(-97.822 37.751)	True	12.6	True
500759	M	23.0	Chrome	Windows	Argentina	POINT(-58.3817 -34.6033)	False	8.0	False
187179	F	20.0	Chrome	MacOS X	Netherlands	POINT(4.8995 52.3824)	True	12.0	False
pg6buz	F	46.0	IE	Windows	United States	POINT(-97.822 37.751)	True	9.25	False
a345ol	M	68.0	Chrome	Windows	Japan	POINT(139.69 35.69)	False	12.5	False
pjh7co	F		Chrome	Windows	United States	POINT(-97.822 37.751)	False	10.666666666666666	False
428625	M	71.0	Chrome	Windows	United States	POINT(-97.822 37.751)	False	13.0	False
208951	M	46.0	Safari	MacOS X	Algeria	POINT(8.1242 35.4042)	False	14.0	False
993504	M	60.0	Chrome	Windows	Japan	POINT(139.69 35.69)	False	9.75	False
846374	F	37.0	Chrome	Windows	United States	POINT(-97.822 37.751)	False	11.0	False
893920	F	18.0	Chrome	MacOS X	Philippines	POINT(120.9721 14.5955)	True	9.0	False
312108	M	53.0	Chrome	Windows	Japan	POINT(139.69 35.69)	False	12.0	False
duk0k0	M	23.0	IE	Windows	Japan	POINT(139.69 35.69)	False	15.0	False
248417	F	59.0	IE	Windows	China	POINT(116.3883 39.9289)	True	12.2	False
484091	F	25.0	Firefox	Windows	United States	POINT(-86.1386 39.8268)	False	9.0	False
237292	F	22.0	Chrome	Windows	Germany	POINT(9.491 51.2993)	True	11.0	False
133166	F	58.0	Chrome	Windows	Portugal	POINT(-9.1394 38.7139)	False	8.0	False
320967	M	57.0	Chrome	Windows	Netherlands	POINT(6.8324 52.2856)	False	12.0	False
123294	M	60.0	Chrome	Windows	United States	POINT(-97.822 37.751)	False	12.0	False
805571		17.0	Firefox	MacOS X	United States	POINT(-97.822 37.751)	True	10.5	False
386307	F	39.0	Chrome	Windows	United States	POINT(-97.822 37.751)	False	10.5	False
990231	M	59.0	Chrome	Windows	United States	POINT(-97.822 37.751)	False	4.0	False
627y8t	F	71.0	Chrome	Windows	United States	POINT(-73.9858 40.7651)	False	9.0	False
xwrwb3	F	69.0	Safari	MacOS X			False	7.0	False
92qd2r	M	29.0	Safari	MacOS X	United Kingdom	POINT(-0.1224 51.4964)	True	8.333333333333334	False
779076	M	45.0	Chrome	MacOS X	Japan	POINT(135.5667 34.8167)	True	10.75	True
yzbigs	F	34.0	IE	Windows	United Kingdom	POINT(-0.1578 51.5232)	False	9.0	False
848635	F	69.0	Chrome	MacOS X	Iran	POINT(51.4231 35.6961)	False	13.0	False
411983	M	53.0	Chrome	MacOS X	United States	POINT(-97.822 37.751)	False	11.4	False
142584	F		Firefox	Windows	Japan	POINT(139.69 35.69)	False	13.0	False
852981	F	49.0	Chrome	Windows	Greece	POINT(24.1394 41.1544)	True	12.25	False
885900	F	31.0	Chrome	Windows	South Korea	POINT(126.9741 37.5112)	False	10.0	False
281210	M	54.0	Chrome	Windows	United States	POINT(-97.822 37.751)	False	12.0	False
559796	F	26.0	Chrome	Linux	Japan	POINT(139.69 35.69)	True	10.5	False
854272	F	43.0	Chrome	Windows	United States	POINT(-97.822 37.751)	True	9.25	False
410737	F	34.0	Firefox	Windows	Taiwan	POINT(121 23.5)	True	10.0	False
490322	F	17.0	Chrome	Windows	China	POINT(113.7266 34.7725)	False	12.0	False
922212		65.0	Chrome	Windows	United States	POINT(-97.822 37.751)	False	12.333333333333334	False
sli70p	M	65.0	Chrome	Windows	Hong Kong	POINT(114.1667 22.25)	False	14.0	False
889910	F	52.0	Chrome	Windows	Brazil	POINT(-43.2192 -22.8305)	True	9.75	False
kgolxs	M	74.0	Chrome	Windows	United States	POINT(-97.822 37.751)	False	10.5	False
621270	F		Chrome	Windows	France	POINT(2.45 48.6333)	False	9.666666666666666	False
2sngnl	M	67.0	Chrome	Windows	Sweden	POINT(18.056 59.3247)	True	9.0	False
tx26zb	F	44.0	Chrome	Windows	France	POINT(1.9039 47.9029)	False	12.0	True
936944	F		Chrome	MacOS X	United States	POINT(-97.822 37.751)	True	9.6	False
796428	M	57.0	Chrome	Windows	Japan	POINT(136.2055 36.0923)	False	10.333333333333334	False
zjt03i	F	72.0	Chrome	Windows	United States	POINT(-97.822 37.751)	False	13.0	False
021174	F	33.0	Chrome	MacOS X	China	POINT(114.2734 30.5801)	False	12.0	False
038040	F	68.0	Chrome	Windows	United States	POINT(-97.822 37.751)	False	11.0	False
846789		59.0	Chrome	Windows	Italy	POINT(12.1097 43.1479)	False	8.75	False
437560	F	25.0	Chrome	Windows	United States	POINT(-97.822 37.751)	False	16.0	False
188093	F	52.0	Chrome	Windows	United States	POINT(-97.822 37.751)	False	9.5	False
014830	M	34.0	Chrome	Windows	United States	POINT(-81.4119 40.768)	False	12.0	False
619585	F		Chrome	Windows	United States	POINT(-77.1395 38.8836)	False	12.0	False
974864	M		Firefox	Windows	United States	POINT(-72.9664 41.3293)	False	11.0	False
x1hwwq	M		Chrome	Windows	United States	POINT(-111.0431 45.6693)	False	11.0	False
730497	F	54.0	Chrome	Windows	Canada	POINT(-79.3716 43.6319)	False	13.666666666666666	False
539441	F	62.0	Chrome	Windows	United States	POINT(-122.3276 37.5507)	True	9.666666666666666	True
742948		70.0	Chrome	Windows	Germany	POINT(9.491 51.2993)	False	12.0	False
f898u5	M	51.0	Chrome	MacOS X	United States	POINT(-80.1758 25.8934)	False	15.0	False
994593	M	32.0	Safari	MacOS X	United States	POINT(-97.822 37.751)	True	10.5	True
997959	F	68.0	Chrome	Windows	France	POINT(2.3488 48.8534)	False	18.0	False
081562	M	64.0	Chrome	Windows	United States	POINT(-97.822 37.751)	False	10.666666666666666	False
520673	F	56.0	Chrome	Windows	Japan	POINT(139.69 35.69)	False	11.0	False
145818	M	68.0	Chrome	MacOS X	United States	POINT(-97.822 37.751)	False	13.0	False
554203	F	41.0	Chrome	MacOS X	France	POINT(2.15 48.4333)	True	8.833333333333334	False
212920	F	40.0	Chrome	Windows	Italy	POINT(10.9844 45.4299)	False	16.0	False
u9ihqb	M	48.0	Chrome	Windows	Ivory Coast	POINT(-5 8)	False	7.0	False
253896	M	26.0	Chrome	Windows	United States	POINT(-97.822 37.751)	True	11.5	False
091847	F		Chrome	Windows			False	12.0	False
u11505	M	71.0	Chrome	Windows	United States	POINT(-97.822 37.751)	False	11.0	False
jgu76w	F	53.0	Chrome	MacOS X	United States	POINT(-97.822 37.751)	False	10.5	False
u2y676	M	48.0	Chrome	MacOS X	United States	POINT(-74.459 40.5515)	False	10.0	False
765981	F	29.0	Chrome	Windows	United States	POINT(-97.822 37.751)	True	15.0	False
8ot31k	F	51.0	Safari	MacOS X	Canada	POINT(-79.3716 43.6319)	True	11.0	False
694099		43.0	Chrome	Windows	Germany	POINT(9.9198 53.592)	False	11.5	False
beutz0		24.0	Edge	Windows	United States	POINT(-122.3276 37.5507)	False	11.0	False
344489	F	55.0	Chrome	Windows	China	POINT(113.7266 34.7725)	False	8.0	False
046330	F	28.0	Chrome	Windows	United States	POINT(-97.822 37.751)	True	9.5	False
698306	M	53.0	Chrome	Windows	United States	POINT(-97.822 37.751)	False	11.25	True
732178	F	56.0	Chrome	Linux	Canada	POINT(-104.6163 50.4855)	False	14.0	False
186350	M	52.0	Chrome	MacOS X	United Kingdom	POINT(-0.1224 51.4964)	False	12.0	False
j6403u	F	58.0	Chrome	MacOS X	United States	POINT(-77.4728 39.0481)	False	6.0	False
182946			Chrome	Windows	India	POINT(76.2833 9.9833)	False	7.0	False
g9auym	M	44.0	Firefox	Linux	Taiwan	POINT(121 23.5)	True	11.666666666666666	False
178056	M	18.0	Chrome	MacOS X	United States	POINT(-96.6766 40.8233)	False	15.0	False
610976	F	46.0	Chrome	Windows	South Korea	POINT(126.9783 37.5985)	False	9.75	False
070936	F		Chrome	MacOS X	South Africa	POINT(18.4167 -33.9167)	False	9.0	False
nz2nen	F		IE	Windows	Japan	POINT(135.5037 34.627)	True	9.0	False
y5ncku	M		Chrome	Windows	Netherlands	POINT(4.8995 52.3824)	False	15.0	False
514243	M	67.0	Chrome	Windows	Ukraine	POINT(32.2597 48.5132)	False	12.666666666666666	False
is6csd	M	65.0	Chrome	Windows	Japan	POINT(139.69 35.69)	False	14.0	False
vjfwqb	M	75.0	Chrome	Windows	South Korea	POINT(126.9783 37.5985)	True	16.0	False
7q9bl8	F	35.0	Chrome	Windows	France	POINT(2.3387 48.8582)	True	10.0	False
962783	M	18.0	Firefox	Windows	United States	POINT(-97.822 37.751)	True	11.0	False
366771	F	49.0	Chrome	Windows	United States	POINT(-87.6873 41.8805)	False	10.0	False
7s1aes	F	45.0	Chrome	Windows	Japan	POINT(136.875 35.1833)	True	17.0	False
dvt4ov	M	68.0	Chrome	MacOS X	Belgium	POINT(4.4333 50.9333)	True	13.0	False
2osl9i	M	52.0	Chrome	Windows	Finland	POINT(24.8083 60.7316)	False	13.0	False
955300	M	76.0	Firefox	Windows	Brazil	POINT(-34.9529 -8.0117)	True	11.0	False
0c7e97	F	71.0	Chrome	Windows	Czechia	POINT(14.4112 50.0848)	False	8.0	False
59m5mz	M	57.0	IE	Windows	Netherlands	POINT(4.8995 52.3824)	False	12.0	False
270743	M	68.0	Chrome	Windows	United States	POINT(-84.5982 38.7741)	False	10.25	False
712802	F	63.0	Safari	MacOS X	China	POINT(117.1767 39.1422)	False	10.333333333333334	False
536448	M	41.0	Chrome	Windows	China	POINT(113.0333 23.7)	False	10.333333333333334	False
673766	F	68.0	Chrome	Windows	United States	POINT(-73.9912 40.2992)	False	20.0	False
919487	F		Firefox	Windows	United States	POINT(-97.822 37.751)	False	9.0	False
911871	M	60.0	Chrome	Windows	Poland	POINT(21.0362 52.2394)	False	12.0	False
676921	F	38.0	Chrome	MacOS X	China	POINT(120.1614 30.2936)	False	10.5	False
020398	F	61.0	Chrome	Windows	Australia	POINT(143.2104 -33.494)	False	12.5	False
xxcjk1	F	37.0	Chrome	MacOS X	Colombia	POINT(-74.0758 4.5981)	False	5.0	False
715768	M	70.0	Chrome	MacOS X	Taiwan	POINT(121 23.5)	True	10.5	False
jqaneq	M	69.0	Chrome	Windows	United States	POINT(-97.822 37.751)	False	9.666666666666666	False
817910		71.0	Chrome	Windows	United States	POINT(-97.822 37.751)	False	11.0	False
453se5	M	54.0	Chrome	MacOS X	China	POINT(116.3889 39.9288)	True	11.0	False
071858	M	69.0	Chrome	Windows	United States	POINT(-93.3829 44.955)	False	13.333333333333334	False
coaumv	M	71.0	Chrome	Windows	Spain	POINT(-3.684 40.4172)	True	12.0	False
2864mf	M	30.0	Firefox	Windows	United States	POINT(-97.822 37.751)	False	13.0	False
364853	F	69.0	Chrome	Windows	United States	POINT(-97.822 37.751)	False	9.0	False
606234	M	43.0	Chrome	MacOS X	Spain	POINT(-3.684 40.4172)	False	7.0	False
867545	M	26.0	Firefox	Linux			True	7.666666666666667	False
518818	F	22.0	Chrome	MacOS X	United States	POINT(-83.0235 39.9653)	True	10.0	False
102124	F	62.0	Chrome	MacOS X	South Korea	POINT(126.7317 37.4536)	False	8.0	False
658048		53.0	Safari	MacOS X	Hashemite Kingdom of Jordan	POINT(35.9333 31.95)	True	9.0	True
577114	F		Chrome	Windows	United States	POINT(-97.822 37.751)	False	8.0	False
7lo2ri	M	66.0	Safari	MacOS X	South Africa	POINT(24 -29)	False	9.5	False
705922	F	28.0	Chrome	Windows	China	POINT(118.7778 32.0617)	False	7.0	False
995742	M		Chrome	Windows	Argentina	POINT(-58.6725 -34.5875)	False	12.5	False
377459	F		Chrome	Windows	Iran	POINT(51.4231 35.6961)	True	14.0	False
bnjizg	M	58.0	Chrome	MacOS X	Ireland	POINT(-6.2439 53.3472)	False	11.0	False
z47gq1	F	42.0	Chrome	Windows	China	POINT(113.1136 28.1792)	True	11.0	False
373815	M	44.0	Chrome	Windows	South Korea	POINT(126.9741 37.5112)	True	9.5	False
800697	F	48.0	Chrome	MacOS X	France	POINT(2.4893 48.9018)	True	10.2	False
385254	M		Safari	MacOS X	United States	POINT(-97.822 37.751)	True	10.0	True
923895	M	29.0	Chrome	Linux	United States	POINT(-97.822 37.751)	False	8.25	True
187416	F	66.0	Firefox	Windows	China	POINT(121.6022 38.9122)	False	10.75	False
364087	F	36.0	Safari	MacOS X			False	15.0	False
fzpzqy	M	55.0	Chrome	MacOS X	India	POINT(73.8667 18.5333)	False	12.0	False
gvxv24	F		Chrome	Windows	China	POINT(113.7266 34.7725)	False	12.5	False
942044	M	64.0	Chrome	Windows	United States	POINT(-77.4378 37.5463)	False	8.75	False
ozy1ed	M	64.0	Chrome	Windows	Japan	POINT(139.3894 36.2844)	False	11.0	False
604230	F	46.0	Chrome	MacOS X	Japan	POINT(137.3833 34.7833)	False	9.75	False
000440	M	44.0	Chrome	Windows	Ghana	POINT(-2 8)	True	14.2	True
pmyran	F	45.0	Firefox	Windows	United Kingdom	POINT(-1.1027 53.5334)	True	14.0	False
264547	F	55.0	Chrome	MacOS X	United States	POINT(-97.822 37.751)	False	10.666666666666666	True
299830	F	65.0	Chrome	MacOS X	Kenya	POINT(38 1)	False	19.0	False
90x4tg	F	70.0	Chrome	Windows	Poland	POINT(19.1326 50.7711)	True	12.0	False
122700	M	73.0	Safari	MacOS X	Slovenia	POINT(15 46)	False	12.0	False
422639	M	15.0	Chrome	Windows	United States	POINT(-97.822 37.751)	False	15.5	False
wjgb3h	M	43.0	IE	Windows	China	POINT(120.3694 36.066)	False	6.5	False
288232	M	71.0	Chrome	Windows	Brazil	POINT(-46.4466 -23.6636)	False	13.0	False
830951	F	40.0	Safari	MacOS X	Canada	POINT(-79.3716 43.6319)	False	13.0	False
692754	F	32.0	Chrome	Windows	United States	POINT(-97.822 37.751)	True	6.2	True
695177	F		Safari	MacOS X	United States	POINT(-73.9745 40.8503)	True	11.666666666666666	False
440515	M	44.0	Chrome	MacOS X	United States	POINT(-79.9552 40.444)	False	12.0	False
rhpavp	F		Firefox	Windows	China	POINT(112.5328 32.9947)	False	12.5	True
dn8rgd	F	47.0	Firefox	Windows	Argentina	POINT(-58.6667 -34.6667)	False	11.0	False
343893		56.0	Safari	MacOS X	Sweden	POINT(18.056 59.3247)	False	14.0	False
ilj9kh	F	36.0	Chrome	MacOS X	United States	POINT(-97.822 37.751)	True	12.5	False
773811	F	77.0	Chrome	Windows	Malaysia	POINT(102.2585 2.2218)	False	16.0	False
510969	M	48.0	Edge	Windows	Russia	POINT(82.9344 55.0411)	True	9.5	True
388412	F	46.0	Safari	MacOS X	Ireland	POINT(-6.2439 53.3472)	False	11.5	False
8vbxh4	F	71.0	Safari	MacOS X	Japan	POINT(139.69 35.69)	True	13.0	False
f5ri73	M	54.0	Chrome	MacOS X	Canada	POINT(-117.2855 49.4999)	True	11.333333333333334	False
zgtkq7	M	64.0	Firefox	Windows	Germany	POINT(7.3054 52.081)	True	8.333333333333334	False
060927	F	47.0	Safari	MacOS X	United States	POINT(-118.244 34.0544)	False	10.0	False
206778	F	66.0	Chrome	MacOS X	United States	POINT(-97.822 37.751)	False	12.666666666666666	True
173164	M	39.0	Safari	MacOS X	China	POINT(113.25 23.1167)	False	10.5	False
874352	M	17.0	Chrome	Windows			True	14.0	False
rmrpag		64.0	Chrome	MacOS X	United States	POINT(-97.822 37.751)	True	15.5	False
931259	F	54.0	Chrome	Windows	United States	POINT(-122.3129 47.5413)	True	11.0	True
892430	M	33.0	Chrome	Windows	Japan	POINT(139.69 35.69)	False	5.0	False
am6vfn	M	63.0	Chrome	Windows	United States	POINT(-97.822 37.751)	False	13.0	False
195740	F	35.0	Firefox	Windows	United States	POINT(-83.157 42.519)	False	8.0	False
aydehr	F	42.0	Firefox	Windows	United States	POINT(-97.822 37.751)	True	12.5	True
203683		34.0	Chrome	Windows	China	POINT(113.7266 34.7725)	True	12.0	False
836746	F	76.0	Chrome	Windows	Italy	POINT(12.1097 43.1479)	False	16.0	False
770103	M		IE	Windows	China	POINT(104.0667 30.6667)	False	7.0	False
a3du5p	M	36.0	Firefox	MacOS X	United States	POINT(-77.0177 38.9122)	True	14.0	False
069803	M	30.0	Chrome	Windows	India	POINT(77 20)	True	7.444444444444445	True
438063	M	45.0	Chrome	Windows	Brazil	POINT(-46.635 -23.627)	True	7.5	True
229445	F	52.0	Chrome	Windows	Italy	POINT(10.25 46.2833)	False	8.666666666666666	False
000747	M	49.0	Chrome	Windows	United States	POINT(-97.822 37.751)	False	14.5	False
321624	M	51.0	Firefox	MacOS X	China	POINT(113.7266 34.7725)	True	10.6	True
uwl62n	M	55.0	Chrome	MacOS X	Egypt	POINT(31.223 30.0355)	False	13.0	False
895692	F	26.0	Chrome	MacOS X	United Kingdom	POINT(-0.1224 51.4964)	False	20.0	False
9cuan5		19.0	Chrome	Windows	Japan	POINT(139.69 35.69)	True	11.5	False
5d1q61	M	73.0	Safari	MacOS X	United States	POINT(-97.822 37.751)	False	11.0	False
345131	F	23.0	Chrome	Windows	United States	POINT(-97.822 37.751)	True	10.0	False
868276	M	34.0	Chrome	Windows	Germany	POINT(9.491 51.2993)	False	9.0	False
952805		68.0	Firefox	Windows	United Kingdom	POINT(-0.1224 51.4964)	False	9.666666666666666	False
810517		23.0	Chrome	Windows	Ukraine	POINT(24.0232 49.8383)	True	8.0	False
mm8kiy	M	45.0	Safari	MacOS X	United States	POINT(-93.385 43.1406)	True	13.5	False
167734	M	64.0	Chrome	Windows	Argentina	POINT(-58.8333 -27.4667)	False	9.333333333333334	False
377993	M	42.0	Chrome	Windows	United States	POINT(-97.822 37.751)	False	15.0	False
elq967	F	42.0	Chrome	Windows	France	POINT(-0.5477 47.4738)	True	15.5	False
411447	F	53.0	Chrome	MacOS X	United States	POINT(-97.822 37.751)	True	14.75	False
qesbi2	M	47.0	Chrome	MacOS X	United States	POINT(-97.822 37.751)	False	13.0	False
apdu99	F	25.0	Chrome	Windows	United States	POINT(-97.822 37.751)	False	14.0	False
007494	F	43.0	Firefox	Windows	United States	POINT(-97.822 37.751)	False	11.5	False
998090	M	44.0	Chrome	Windows	Sweden	POINT(11.9668 57.7072)	False	9.0	False
793898		48.0	Firefox	Linux	Australia	POINT(143.2104 -33.494)	False	13.0	False
981299	F	40.0	Chrome	Windows	Brazil	POINT(-46.9449 -22.3687)	True	7.0	False
930967	M	31.0	Safari	MacOS X	Belarus	POINT(28 53)	True	10.2	False
558035	M	25.0	Safari	MacOS X	United States	POINT(-119.7143 45.8491)	False	9.0	False
369814		71.0	Chrome	Windows	South Africa	POINT(24 -29)	False	10.0	False
546045		41.0	Chrome	Windows	Algeria	POINT(3.0506 36.7631)	True	6.777777777777778	True
d9yo6g		31.0	Chrome	Windows	United States	POINT(-111.8142 40.7043)	True	10.0	False
848935	M	70.0	Chrome	MacOS X	United States	POINT(-97.822 37.751)	False	14.0	False
156236	F	67.0	Chrome	Windows	Russia	POINT(49.4125 53.5233)	False	9.0	False
352319	F		Firefox	Windows	Argentina	POINT(-58.3817 -34.6033)	False	14.0	False
176509	F	54.0	Firefox	Windows	Japan	POINT(139.69 35.69)	True	9.166666666666666	True
miujmq	M		Safari	MacOS X	Canada	POINT(-73.6049 45.77)	False	11.5	False
074460	F	46.0	Chrome	Windows	Brazil	POINT(-43.2192 -22.8305)	True	14.0	False
ga65hh	M	72.0	Edge	Windows	United States	POINT(-97.822 37.751)	False	13.0	False
lnao29	M	33.0	Chrome	Windows	Hong Kong	POINT(114.1667 22.25)	False	17.0	False
xd3vs1	F	74.0	Chrome	Windows	United States	POINT(-97.9301 31.2029)	False	11.0	False
363588	M	63.0	Chrome	Windows	South Korea	POINT(126.9156 35.1547)	True	7.4	True
062752	M	61.0	Safari	MacOS X	Hong Kong	POINT(114.1667 22.25)	False	9.5	False
811107		53.0	Chrome	MacOS X	United States	POINT(-87.6873 41.8805)	False	9.5	False
893152		66.0	Safari	MacOS X	Sweden	POINT(18.056 59.3247)	False	8.666666666666666	False
137180	M	52.0	Chrome	Linux	Australia	POINT(143.2104 -33.494)	False	10.666666666666666	False
598882	M	34.0	Chrome	Windows	United Kingdom	POINT(-0.2649 52.0865)	True	11.8	False
yfj6uw	M	70.0	Chrome	Windows	France	POINT(1.0505 44.273)	True	8.0	False
042869	M		Chrome	Windows	Japan	POINT(139.69 35.69)	True	15.0	False
43zp31	M	48.0	Chrome	MacOS X	United States	POINT(-97.822 37.751)	True	10.0	False
749869	F	20.0	Chrome	Windows	China	POINT(113.7266 34.7725)	False	15.0	False
424194	M		Chrome	MacOS X	Germany	POINT(13.4 52.5167)	True	10.0	False
pbh4o5		45.0	Chrome	Windows	China	POINT(113.7266 34.7725)	True	7.75	False
62u6nu	F	22.0	Chrome	Windows	Germany	POINT(8.7631 49.625)	False	9.0	False
976992	M	21.0	Firefox	MacOS X	China	POINT(113.7266 34.7725)	False	5.0	False
665166	M	17.0	Chrome	MacOS X			False	6.0	False
cjf9lk	M	71.0	Chrome	Windows	United States	POINT(-104.9946 39.7491)	False	9.0	False
3d4qrf	F		Chrome	Linux	China	POINT(106.5528 29.5628)	True	8.5	False
620426	M	75.0	Firefox	Linux	Japan	POINT(139.69 35.69)	False	9.0	False
982295	F	66.0	Chrome	Windows	Russia	POINT(37.6156 55.7522)	False	11.666666666666666	False
069637	F	36.0	Chrome	Windows	Canada	POINT(-79.3716 43.6319)	False	7.0	False
847716	F	52.0	Firefox	Windows	United States	POINT(-97.822 37.751)	False	7.0	False
10lgps	F	54.0	Chrome	Windows	United States	POINT(-79.8568 40.2656)	False	14.0	False
698756	F	61.0	Chrome	Windows	China	POINT(116.3889 39.9288)	False	14.0	False
412756	M	45.0	Chrome	Windows	United States	POINT(-97.822 37.751)	True	12.0	False
651528	M	58.0	Chrome	Windows	Finland	POINT(24.9375 60.1708)	False	11.0	False
287051	M	51.0	Chrome	MacOS X	United States	POINT(-97.822 37.751)	False	11.0	False
926626	F	24.0	Safari	MacOS X	Austria	POINT(16.3667 48.2)	False	15.0	False
u902be	M	61.0	Chrome	Windows	Republic of Lithuania	POINT(25.317 54.6841)	False	10.0	True
ccql2s	F		Chrome	Windows	Brazil	POINT(-43.2192 -22.8305)	True	14.0	False
856539	F	32.0	Chrome	Windows	Argentina	POINT(-63.25 -32.4167)	False	12.333333333333334	False
rkvenk	M	67.0	Chrome	Windows	Nigeria	POINT(8 10)	False	17.0	False
702966	M		Chrome	Windows	United States	POINT(-97.822 37.751)	False	10.0	False
4zfvqp	F	66.0	Chrome	Windows	Japan	POINT(139.7514 35.685)	False	12.0	False
440501	F	23.0	Chrome	Windows	Japan	POINT(139.5076 35.6471)	False	12.0	False
727670	M	51.0	Chrome	Windows	Sweden	POINT(18.056 59.3247)	False	12.5	False
456699	M	17.0	Chrome	Linux	United States	POINT(-97.822 37.751)	False	15.0	False
7dczpo	M	69.0	Chrome	MacOS X	United States	POINT(-158.0435 21.5006)	False	11.5	False
c6cl2t	M	45.0	Chrome	Windows	Brazil	POINT(-43.2192 -22.8305)	False	14.0	False
318334	F	36.0	Chrome	Windows	Belgium	POINT(4.35 50.85)	True	8.75	False
887528	F	31.0	Chrome	Windows	Australia	POINT(151.1562 -33.8834)	False	15.0	False
ncelx4	M	48.0	Firefox	Windows	Turkey	POINT(28.9948 41.0214)	True	9.0	False
916471	M	26.0	Chrome	Windows	Russia	POINT(37.6068 55.7386)	False	5.0	False
949381	M		Firefox	Windows	Mexico	POINT(-98.2019 19.0433)	False	9.0	False
960405	F	46.0	Safari	MacOS X	China	POINT(106.5528 29.5628)	True	11.8	False
h6md3w	M	71.0	Chrome	Windows	United States	POINT(-118.244 34.0544)	True	8.0	False
027128	F	54.0	Chrome	Windows	South Africa	POINT(28.0583 -26.2309)	False	6.5	False
x9yld5	F	62.0	Chrome	Windows	South Korea	POINT(126.9741 37.5112)	False	20.0	False
a268bc	F	62.0	Chrome	Windows	China	POINT(106.5528 29.5628)	True	13.0	False
432140	M	70.0	Safari	MacOS X	Mexico	POINT(-92.6298 16.7163)	False	11.5	False
780059	F	69.0	Chrome	Windows	Italy	POINT(12.1097 43.1479)	False	8.0	False
565122		60.0	Chrome	MacOS X	China	POINT(116.3883 39.9289)	True	12.75	False
053094	M	18.0	Chrome	Windows	India	POINT(77 20)	False	9.0	False
904369	F	17.0	Chrome	Windows	Egypt	POINT(31.223 30.0355)	False	10.25	False
008680	F	47.0	Chrome	Windows	Japan	POINT(139.69 35.69)	False	14.25	False
513913	F	60.0	Chrome	Windows	China	POINT(113.7266 34.7725)	True	7.8	True
133207	M	41.0	Chrome	MacOS X	Poland	POINT(21.0362 52.2394)	True	9.0	False
219477	F	24.0	Chrome	Windows	China	POINT(118.7778 32.0617)	False	21.0	False
289336	F	34.0	Chrome	Windows	Belgium	POINT(4.35 50.85)	False	8.666666666666666	True
272971		50.0	Chrome	Windows			False	14.0	False
213288	F	53.0	Chrome	Windows			False	10.5	False
wrimxo	F	43.0	Safari	MacOS X	Greece	POINT(23.7167 37.9667)	False	10.0	False
hjrteq	M	72.0	Chrome	Windows	United States	POINT(-97.822 37.751)	False	14.0	False
890599	M	26.0	Chrome	Windows	Republic of Lithuania	POINT(23.9 54.9)	False	20.0	False
704344	M	65.0	Firefox	Windows	United States	POINT(-97.822 37.751)	False	11.0	False
324954		41.0	Chrome	Windows	Australia	POINT(143.2104 -33.494)	True	8.666666666666666	False
179244	M	40.0	Safari	MacOS X	United States	POINT(-97.822 37.751)	False	15.0	False
330538	M	69.0	Firefox	Windows	United States	POINT(-97.822 37.751)	False	13.666666666666666	False
994126	F	63.0	Chrome	MacOS X	France	POINT(2.3292 48.8628)	True	8.0	False
765656	F	18.0	Chrome	MacOS X	United States	POINT(-87.9779 43.7526)	True	19.0	False
069665	F	28.0	IE	Windows	United States	POINT(-121.4922 38.5804)	True	11.5	False
619662		43.0	Chrome	Windows	United States	POINT(-82.8726 40.0347)	False	12.0	False
dqw4a9	F	54.0	Safari	MacOS X	Brazil	POINT(-43.2775 -22.8751)	False	9.666666666666666	False
6cvk62		74.0	Chrome	MacOS X	United States	POINT(-97.822 37.751)	False	18.0	False
630209	F	60.0	Firefox	Windows	Ukraine	POINT(30.5167 50.4333)	True	9.0	True
obmbi4	M		Chrome	Windows	Germany	POINT(11.0699 47.8047)	False	16.0	False
521515	M	60.0	Safari	MacOS X	Venezuela	POINT(-66 8)	False	10.0	False
ww380p	M	47.0	Chrome	MacOS X	United States	POINT(-78.8871 42.7684)	True	12.333333333333334	False
544435		16.0	Safari	MacOS X	United States	POINT(-95.7326 29.745)	False	12.0	False
798926	F	40.0	Chrome	MacOS X	United States	POINT(-97.822 37.751)	True	11.5	False
lwfszl	M	53.0	Chrome	Windows	Germany	POINT(9.491 51.2993)	True	13.5	False
956659	M		Chrome	Windows	Brazil	POINT(-46.635 -23.627)	True	11.0	False
257778	F	65.0	Safari	MacOS X	United States	POINT(-97.822 37.751)	False	10.5	True
330257	F	69.0	Chrome	Windows	Taiwan	POINT(121 23.5)	True	11.0	True
439758	F	52.0	Chrome	Windows	South Korea	POINT(126.9156 35.1547)	True	9.166666666666666	True
223368	M	35.0	Firefox	MacOS X	Taiwan	POINT(121.5318 25.0478)	False	17.0	False
943812	M	53.0	Edge	Windows	Germany	POINT(9.491 51.2993)	True	9.0	False
760109	M	60.0	Chrome	Windows	China	POINT(112.5328 32.9947)	False	10.333333333333334	False
915570	F	14.0	Firefox	MacOS X	United States	POINT(-97.822 37.751)	True	12.0	False
609386	M	30.0	Chrome	Linux	Israel	POINT(34.8672 32.1808)	False	6.0	False
688983	F	42.0	Chrome	Windows	Spain	POINT(-4.5241 42.0096)	True	10.666666666666666	False
393370	M	50.0	Firefox	Windows	United States	POINT(-90.0959 30.4876)	False	12.0	False
fsunvm	F	42.0	Firefox	Linux	Japan	POINT(139.69 35.69)	False	10.0	False
xgxp0f	F	36.0	Chrome	Linux	United States	POINT(-97.822 37.751)	False	12.0	False
063808	M	41.0	Chrome	Windows	Canada	POINT(-79.3716 43.6319)	False	9.0	False
448943	M	74.0	Chrome	Windows	Italy	POINT(12.1097 43.1479)	False	11.0	False
950357	M	53.0	Chrome	Windows	United States	POINT(-97.822 37.751)	False	8.333333333333334	False
627030	M	32.0	Chrome	Windows	South Africa	POINT(28.1443 -25.757)	False	11.5	False
795677	M	26.0	Chrome	MacOS X	China	POINT(113.5678 22.2769)	False	8.0	False
754986	F	20.0	Chrome	Linux	United States	POINT(-97.822 37.751)	False	12.5	False
465908	F		Firefox	Windows	United States	POINT(-97.822 37.751)	False	14.0	False
668154	M	70.0	Firefox	Windows	Japan	POINT(139.0386 36.3936)	True	10.666666666666666	False
1pjr5x	F	66.0	Chrome	MacOS X	China	POINT(116.3889 39.9288)	False	9.5	False
fjskv6	M		Safari	MacOS X	Colombia	POINT(-74.199 11.2408)	True	10.0	False
745907	F	61.0	Chrome	Windows	China	POINT(98.5183 39.7379)	True	11.5	False
697904	F	21.0	Chrome	Linux	South Africa	POINT(24 -29)	False	17.0	False
072730	F	66.0	Chrome	Windows	United Kingdom	POINT(-0.1224 51.4964)	True	14.5	False
871643	M	14.0	Chrome	Windows	Japan	POINT(139.69 35.69)	True	12.0	False
040413	F	46.0	Chrome	Windows	United States	POINT(-96.8217 32.7787)	False	13.333333333333334	False
873069		19.0	Safari	MacOS X	Japan	POINT(139.5761 35.6405)	False	11.0	False
372032	F	46.0	Chrome	Windows	Tunisia	POINT(9 34)	False	15.0	False
583929	M	70.0	Chrome	Windows	United States	POINT(-97.822 37.751)	False	14.0	False
983hio	M	60.0	Chrome	Windows	United States	POINT(-97.822 37.751)	False	10.0	False
193583	F	68.0	Chrome	Windows	United States	POINT(-97.822 37.751)	False	9.333333333333334	True
113107	M	55.0	Chrome	Windows	United States	POINT(-72.4464 42.1245)	False	11.0	False
pc93p7	M	77.0	Chrome	MacOS X	United States	POINT(-97.822 37.751)	True	9.0	False
153711	M	59.0	Chrome	Windows	United States	POINT(-73.9683 40.7975)	False	9.666666666666666	False
937252	F	46.0	Edge	Windows	United States	POINT(-97.822 37.751)	False	14.0	False
751447	M		Chrome	Windows	United States	POINT(-97.822 37.751)	False	14.0	False
m4fgtu	F	62.0	Firefox	Windows	Italy	POINT(10.3262 43.5443)	True	12.333333333333334	False
hr1igq			Chrome	Windows	United States	POINT(-97.822 37.751)	True	11.25	False
952341		69.0	Chrome	MacOS X	United States	POINT(-112.1694 33.6539)	True	11.75	True
142686	F	70.0	Chrome	Windows	United States	POINT(-104.7223 38.7457)	True	12.5	False
gu5wmt	M	51.0	Chrome	Linux	France	POINT(2.3387 48.8582)	False	7.0	False
d5xxgb	F	37.0	Chrome	MacOS X	United States	POINT(-75.041 40.0903)	False	16.0	False
289027	M	49.0	Chrome	Windows	Mexico	POINT(-115.4545 32.6278)	False	14.0	False
596906		70.0	Chrome	Windows	Italy	POINT(12.1097 43.1479)	False	9.0	False
541329	F	30.0	Chrome	MacOS X	United States	POINT(-97.822 37.751)	False	14.0	False
fj99z5	F	49.0	Chrome	Windows	Brazil	POINT(-46.635 -23.627)	True	14.5	False
25l6iw	F	58.0	Firefox	Windows	United States	POINT(-97.822 37.751)	False	11.5	False
494445	F	34.0	Chrome	Windows	Spain	POINT(0.0272 40.2108)	False	11.0	False
bd63s3	M	58.0	Chrome	Windows	France	POINT(2.3387 48.8582)	False	9.5	False
396491	M		Chrome	Windows	China	POINT(113.7266 34.7725)	False	17.0	False
9vhgj9	F	62.0	Chrome	MacOS X	Italy	POINT(13.5184 42.2044)	False	10.0	False
p4hyy9	M	31.0	Chrome	Windows	Norway	POINT(10.75 59.95)	True	13.5	False
c5oldh	F	49.0	Safari	MacOS X	China	POINT(104.7542 31.4593)	False	12.5	True
445981	F	65.0	Chrome	Windows	United States	POINT(-97.822 37.751)	True	13.666666666666666	False
382959	F	63.0	Chrome	Windows	Zambia	POINT(30 -15)	False	11.0	False
z8xxgb	M	38.0	Chrome	MacOS X	United States	POINT(-97.822 37.751)	False	16.0	False
andz6n	F	45.0	Chrome	Windows	United States	POINT(-97.822 37.751)	False	16.0	False
051399	M	59.0	Chrome	Windows	Switzerland	POINT(7.5973 47.471)	False	9.25	False
698500	F	61.0	Chrome	Windows	Canada	POINT(-79.7098 43.4881)	False	11.0	False
o55m00	F	78.0	Chrome	MacOS X	United States	POINT(-84.187 30.4156)	False	15.0	False
753492	F	58.0	Firefox	Linux	United States	POINT(-97.822 37.751)	False	12.0	False
zo974h	M	77.0	Safari	MacOS X	United States	POINT(-85.6219 42.8894)	False	8.0	False
106629	M	31.0	Chrome	Windows	South Korea	POINT(126.9741 37.5112)	False	16.0	False
232888	M	65.0	Chrome	Windows	United States	POINT(-95.4263 29.7179)	False	14.333333333333334	True
vnp260	F	40.0	Chrome	Windows	China	POINT(116.3889 39.9288)	False	9.5	True
931327	F	57.0	Chrome	MacOS X	Australia	POINT(143.2104 -33.494)	False	7.0	False
x7a0ph	M		Chrome	Linux	South Africa	POINT(28.0583 -26.2309)	False	12.0	False
297258	F	63.0	Chrome	Windows	Turkey	POINT(28.9948 41.0214)	False	11.0	False
966745		49.0	Chrome	Windows	Germany	POINT(9.491 51.2993)	False	6.0	False
768078	M	33.0	Edge	Windows			False	12.0	False
71z6bp	F	48.0	Chrome	MacOS X	United States	POINT(-98.2303 26.2556)	True	8.5	False
745410	M	30.0	Chrome	Windows	United States	POINT(-97.822 37.751)	False	17.0	False
tjep2b	M	27.0	Chrome	Windows	South Korea	POINT(126.9741 37.5112)	False	10.0	False
752534	F	64.0	Firefox	Linux	United States	POINT(-97.822 37.751)	False	11.0	False
ad5pj4	F	65.0	Chrome	Windows	United Kingdom	POINT(-0.8333 51.2833)	True	9.666666666666666	False
610587	F	55.0	Chrome	Linux	United States	POINT(-73.5166 40.7254)	False	7.25	False
327198	F		IE	Windows	China	POINT(103.7922 36.0564)	False	8.0	False
197857	M	47.0	Chrome	MacOS X	United States	POINT(-71.0375 42.3347)	True	9.25	False
102570	M	73.0	Chrome	Windows			False	13.0	False
825859	M	77.0	Chrome	MacOS X	Finland	POINT(24.9375 60.1708)	False	12.0	False
981767	M	19.0	Chrome	Windows	India	POINT(79.83 11.93)	False	11.5	False
l6sxbr	M	25.0	Chrome	Windows	United States	POINT(-97.822 37.751)	True	11.0	False
792107	F	35.0	Chrome	Windows	United States	POINT(-97.822 37.751)	True	12.333333333333334	False
229712	M	31.0	Chrome	Windows	Colombia	POINT(-74.0628 4.6492)	False	7.0	False
314000	F	43.0	Safari	MacOS X	United States	POINT(-97.822 37.751)	False	10.0	False
8gyofv	F	40.0	Firefox	Windows	United States	POINT(-97.822 37.751)	False	10.0	False
921085		53.0	Edge	Windows	Japan	POINT(131.9946 34.1634)	False	8.0	False
cznd7h	F	35.0	Safari	MacOS X	United States	POINT(-97.822 37.751)	True	8.666666666666666	False
631306	F	49.0	Chrome	Windows	Kuwait	POINT(47.9783 29.3697)	False	12.0	False
o49kui	M	71.0	Chrome	Windows	South Korea	POINT(126.9741 37.5112)	True	12.0	False
666316	F	27.0	Firefox	Windows	United Kingdom	POINT(-0.0948 51.5198)	False	12.0	False
3x9h7a	F	34.0	Chrome	Linux	Germany	POINT(9.491 51.2993)	True	9.333333333333334	False
832265			Chrome	Windows	Brazil	POINT(-51.1362 -29.7425)	True	12.25	False
