{
    "age_first_order": {
        "scale": [
            24.5,
            32.5,
            39.0,
            44.5,
            49.5,
            54.0,
            59.0,
            64.5,
            69.5,
            75.0
        ],
        "distribution": [
            0.10217046056114346,
            0.10005293806246691,
            0.10799364743250398,
            0.09581789306511382,
            0.1111699311805188,
            0.09422975119110641,
            0.11805187930121758,
            0.10481736368448914,
            0.1127580730545262,
            0.05293806246691371
        ]
    },
    "ip_address_geopoint": {
        "scale": [
            "POINT(-0.0948 51.5198)",
            "POINT(-0.1224 51.4964)",
            "POINT(-0.156 51.6357)",
            "POINT(-0.1578 51.5232)",
            "POINT(-0.2649 52.0865)",
            "POINT(-0.3974 51.5765)",
            "POINT(-0.5477 47.4738)",
            "POINT(-0.6785 52.3637)",
            "POINT(-0.7275 45.6781)",
            "POINT(-0.8333 51.2833)",
            "POINT(-1.1027 53.5334)",
            "POINT(-1.6484 47.2176)",
            "POINT(-1.7739 51.0209)",
            "POINT(-104.6163 50.4855)",
            "POINT(-104.6933 39.0237)",
            "POINT(-104.7223 38.7457)",
            "POINT(-104.9946 39.7491)",
            "POINT(-110.9119 54.4436)",
            "POINT(-111.0431 45.6693)",
            "POINT(-111.1357 56.664)",
            "POINT(-111.8142 40.7043)",
            "POINT(-112.0474 33.465)",
            "POINT(-112.0774 33.4511)",
            "POINT(-112.1694 33.6539)",
            "POINT(-115.1454 36.126)",
            "POINT(-115.4545 32.6278)",
            "POINT(-116.5848 43.5834)",
            "POINT(-116.9201 32.8562)",
            "POINT(-117.0885 33.6243)",
            "POINT(-117.2855 49.4999)",
            "POINT(-117.8493 33.811)",
            "POINT(-118.244 34.0544)",
            "POINT(-118.4525 33.9779)",
            "POINT(-119.7143 45.8491)",
            "POINT(-119.8371 34.4329)",
            "POINT(-121.4922 38.5804)",
            "POINT(-121.8914 37.3388)",
            "POINT(-122.0862 37.3547)",
            "POINT(-122.2166 37.7806)",
            "POINT(-122.2472 47.9017)",
            "POINT(-122.3129 47.5413)",
            "POINT(-122.3276 37.5507)",
            "POINT(-122.3342 37.9265)",
            "POINT(-157.9269 21.3532)",
            "POINT(-158.0435 21.5006)",
            "POINT(-2 51.9833)",
            "POINT(-2 8)",
            "POINT(-2.1214 57.1865)",
            "POINT(-2.5966 51.4552)",
            "POINT(-2.841 53.3407)",
            "POINT(-3.684 40.4172)",
            "POINT(-34.9529 -8.0117)",
            "POINT(-37.1102 -10.7269)",
            "POINT(-4.2328 57.4833)",
            "POINT(-4.3057 55.8708)",
            "POINT(-4.4852 37.4088)",
            "POINT(-4.5241 42.0096)",
            "POINT(-40.2762 -14.5829)",
            "POINT(-43.2192 -22.8305)",
            "POINT(-43.2775 -22.8751)",
            "POINT(-43.3307 -22.9201)",
            "POINT(-43.365 -22.7993)",
            "POINT(-43.957 -19.8993)",
            "POINT(-44.3322 -23.0276)",
            "POINT(-46.4466 -23.6636)",
            "POINT(-46.635 -23.627)",
            "POINT(-46.9449 -22.3687)",
            "POINT(-48.6566 -19.6926)",
            "POINT(-5 32)",
            "POINT(-5 8)",
            "POINT(-51.1362 -29.7425)",
            "POINT(-52.1934 -7.2134)",
            "POINT(-52.9833 -27.0833)",
            "POINT(-54.6372 -16.4332)",
            "POINT(-56 -33)",
            "POINT(-58.3817 -34.6033)",
            "POINT(-58.6667 -34.6667)",
            "POINT(-58.6725 -34.5875)",
            "POINT(-58.8333 -27.4667)",
            "POINT(-58.9292 -34.4633)",
            "POINT(-59.0833 -35.15)",
            "POINT(-6.2439 53.3472)",
            "POINT(-6.2489 53.3331)",
            "POINT(-6.6814 53.6528)",
            "POINT(-60.4942 -13.0825)",
            "POINT(-60.5333 -31.7333)",
            "POINT(-63.25 -32.4167)",
            "POINT(-66 8)",
            "POINT(-66.6763 45.8119)",
            "POINT(-67.7 -34.9667)",
            "POINT(-70.4333 9.3667)",
            "POINT(-70.5167 -33.3667)",
            "POINT(-70.5671 41.5968)",
            "POINT(-71.0375 42.3347)",
            "POINT(-71.0922 42.3427)",
            "POINT(-71.1042 42.3647)",
            "POINT(-71.1355 42.1645)",
            "POINT(-71.25 46.8)",
            "POINT(-72.4464 42.1245)",
            "POINT(-72.9318 41.3184)",
            "POINT(-72.9664 41.3293)",
            "POINT(-73.1304 41.216)",
            "POINT(-73.1409 40.9257)",
            "POINT(-73.5166 40.7254)",
            "POINT(-73.6049 45.77)",
            "POINT(-73.9239 40.6205)",
            "POINT(-73.9683 40.7975)",
            "POINT(-73.9745 40.8503)",
            "POINT(-73.9858 40.7651)",
            "POINT(-73.9912 40.2992)",
            "POINT(-73.9913 42.88)",
            "POINT(-73.9975 40.7308)",
            "POINT(-74.0303 40.6251)",
            "POINT(-74.0566 41.4724)",
            "POINT(-74.0628 4.6492)",
            "POINT(-74.0758 4.5981)",
            "POINT(-74.199 11.2408)",
            "POINT(-74.2165 40.8131)",
            "POINT(-74.459 40.5515)",
            "POINT(-75.041 40.0903)",
            "POINT(-76.1974 45.2289)",
            "POINT(-76.5014 39.3361)",
            "POINT(-76.6132 2.4382)",
            "POINT(-76.6321 39.3507)",
            "POINT(-76.7331 40.2041)",
            "POINT(-77.0177 38.9122)",
            "POINT(-77.0364 38.8951)",
            "POINT(-77.1395 38.8836)",
            "POINT(-77.3418 38.9615)",
            "POINT(-77.4378 37.5463)",
            "POINT(-77.4728 39.0481)",
            "POINT(-77.6419 37.4815)",
            "POINT(-78.7112 35.7645)",
            "POINT(-78.7492 42.9685)",
            "POINT(-78.8654 40.285)",
            "POINT(-78.8871 42.7684)",
            "POINT(-79.244 42.0928)",
            "POINT(-79.3716 43.6319)",
            "POINT(-79.4534 43.8156)",
            "POINT(-79.7098 43.4881)",
            "POINT(-79.8568 40.2656)",
            "POINT(-79.9552 40.444)",
            "POINT(-79.9644 40.5375)",
            "POINT(-8.4884 41.5395)",
            "POINT(-8.7956 52.5619)",
            "POINT(-80.1758 25.8934)",
            "POINT(-80.3889 25.9098)",
            "POINT(-80.6015 35.4848)",
            "POINT(-80.9568 35.2072)",
            "POINT(-81.0492 32.0543)",
            "POINT(-81.4119 40.768)",
            "POINT(-81.4211 40.9637)",
            "POINT(-81.4787 28.5289)",
            "POINT(-82.3198 34.8661)",
            "POINT(-82.8726 40.0347)",
            "POINT(-83.0235 39.9653)",
            "POINT(-83.157 42.519)",
            "POINT(-83.1801 42.3349)",
            "POINT(-84.1366 9.9499)",
            "POINT(-84.187 30.4156)",
            "POINT(-84.3248 33.7952)",
            "POINT(-84.3859 34.0408)",
            "POINT(-84.4385 33.9679)",
            "POINT(-84.4455 42.0484)",
            "POINT(-84.5038 34.0378)",
            "POINT(-84.5982 38.7741)",
            "POINT(-84.8198 35.6935)",
            "POINT(-85.2243 38.2162)",
            "POINT(-85.4293 30.4753)",
            "POINT(-85.5483 42.928)",
            "POINT(-85.6219 42.8894)",
            "POINT(-86.1386 39.8268)",
            "POINT(-86.2123 39.8682)",
            "POINT(-86.7821 36.165)",
            "POINT(-87.6873 41.8805)",
            "POINT(-87.9779 43.7526)",
            "POINT(-88.1009 30.6729)",
            "POINT(-88.7548 41.9008)",
            "POINT(-89.0298 42.4837)",
            "POINT(-89.4094 43.0769)",
            "POINT(-89.7054 41.8055)",
            "POINT(-9.1394 38.7139)",
            "POINT(-90.0959 30.4876)",
            "POINT(-90.25 15.5)",
            "POINT(-90.5269 14.6211)",
            "POINT(-91.1339 30.3863)",
            "POINT(-91.1671 30.3795)",
            "POINT(-92.1998 46.8147)",
            "POINT(-92.6298 16.7163)",
            "POINT(-93.3188 44.9124)",
            "POINT(-93.3829 44.955)",
            "POINT(-93.385 43.1406)",
            "POINT(-95.4263 29.7179)",
            "POINT(-95.5326 30.0377)",
            "POINT(-95.6358 29.9766)",
            "POINT(-95.7326 29.745)",
            "POINT(-95.9526 36.1464)",
            "POINT(-96.6766 40.8233)",
            "POINT(-96.8217 32.7787)",
            "POINT(-96.8353 32.9322)",
            "POINT(-97.5873 40.6404)",
            "POINT(-97.7166 30.2638)",
            "POINT(-97.822 37.751)",
            "POINT(-97.9301 31.2029)",
            "POINT(-98.2019 19.0433)",
            "POINT(-98.2303 26.2556)",
            "POINT(-98.4967 29.6562)",
            "POINT(-98.6109 30.7151)",
            "POINT(-98.9427 19.3308)",
            "POINT(-99.0111 19.4371)",
            "POINT(-99.1439 19.4357)",
            "POINT(-99.4211 35.4104)",
            "POINT(0 0)",
            "POINT(0.0272 40.2108)",
            "POINT(0.0833 48.4333)",
            "POINT(0.5333 51.4)",
            "POINT(1.0505 44.273)",
            "POINT(1.9039 47.9029)",
            "POINT(10.1691 53.5893)",
            "POINT(10.25 46.2833)",
            "POINT(10.3262 43.5443)",
            "POINT(10.75 59.95)",
            "POINT(10.8667 60.0833)",
            "POINT(10.9844 45.4299)",
            "POINT(100.65 13.7667)",
            "POINT(100.9333 13.05)",
            "POINT(101.9435 2.7486)",
            "POINT(102.2585 2.2218)",
            "POINT(102.2875 -3.8125)",
            "POINT(103.5011 1.7259)",
            "POINT(103.7922 36.0564)",
            "POINT(104.0667 30.6667)",
            "POINT(104.7542 31.4593)",
            "POINT(105.85 21.0333)",
            "POINT(106 16)",
            "POINT(106.5528 29.5628)",
            "POINT(106.7167 26.5833)",
            "POINT(106.8286 -6.175)",
            "POINT(108.3167 22.8167)",
            "POINT(108.9286 34.2583)",
            "POINT(11.0699 47.8047)",
            "POINT(11.3263 50.9804)",
            "POINT(11.3387 44.4938)",
            "POINT(11.7117 45.1874)",
            "POINT(11.9424 58.3478)",
            "POINT(11.9668 57.7072)",
            "POINT(111.3167 23.4833)",
            "POINT(112.3861 25.477)",
            "POINT(112.4708 37.7269)",
            "POINT(112.5 2.5)",
            "POINT(112.5328 32.9947)",
            "POINT(113.0333 23.7)",
            "POINT(113.1136 28.1792)",
            "POINT(113.25 23.1167)",
            "POINT(113.444 29.4718)",
            "POINT(113.5325 34.6836)",
            "POINT(113.5678 22.2769)",
            "POINT(113.7167 23.0333)",
            "POINT(113.7266 34.7725)",
            "POINT(113.8015 35.1903)",
            "POINT(114.1667 22.25)",
            "POINT(114.2734 30.5801)",
            "POINT(116.3105 37.4513)",
            "POINT(116.3883 39.9289)",
            "POINT(116.3889 39.9288)",
            "POINT(116.9969 32.6264)",
            "POINT(116.9972 36.6683)",
            "POINT(117.1767 39.1422)",
            "POINT(118.5858 24.9139)",
            "POINT(118.7778 32.0617)",
            "POINT(12.0564 55.7123)",
            "POINT(12.1097 43.1479)",
            "POINT(12.3301 51.2187)",
            "POINT(120.1614 30.2936)",
            "POINT(120.2886 31.5689)",
            "POINT(120.3694 36.066)",
            "POINT(120.3719 36.0986)",
            "POINT(120.5954 31.3041)",
            "POINT(120.952 31.3835)",
            "POINT(120.9721 14.5955)",
            "POINT(121 23.5)",
            "POINT(121.3187 24.9896)",
            "POINT(121.3997 31.0456)",
            "POINT(121.4331 28.6627)",
            "POINT(121.5318 25.0478)",
            "POINT(121.6022 38.9122)",
            "POINT(121.6044 23.9769)",
            "POINT(123.4328 41.7922)",
            "POINT(123.9604 47.3409)",
            "POINT(125.3228 43.88)",
            "POINT(126.7317 37.4536)",
            "POINT(126.7727 37.761)",
            "POINT(126.8592 37.4979)",
            "POINT(126.9156 35.1547)",
            "POINT(126.9278 37.6185)",
            "POINT(126.9741 37.5112)",
            "POINT(126.9783 37.5985)",
            "POINT(126.9892 37.4289)",
            "POINT(13.4 52.5167)",
            "POINT(13.4112 52.5378)",
            "POINT(13.5184 42.2044)",
            "POINT(13.8347 42.8272)",
            "POINT(13.9319 47.5556)",
            "POINT(131.9946 34.1634)",
            "POINT(132.5379 34.1843)",
            "POINT(135.5037 34.627)",
            "POINT(135.5667 34.8167)",
            "POINT(135.5781 34.7988)",
            "POINT(136.1686 34.9809)",
            "POINT(136.2055 36.0923)",
            "POINT(136.5667 35.3)",
            "POINT(136.875 35.1833)",
            "POINT(137.3833 34.7833)",
            "POINT(138.8333 35.8)",
            "POINT(139.0386 36.3936)",
            "POINT(139.3548 35.5951)",
            "POINT(139.3894 36.2844)",
            "POINT(139.5076 35.6471)",
            "POINT(139.5761 35.6405)",
            "POINT(139.6472 35.8598)",
            "POINT(139.6738 35.695)",
            "POINT(139.6837 35.7068)",
            "POINT(139.69 35.69)",
            "POINT(139.7514 35.685)",
            "POINT(139.8795 35.6626)",
            "POINT(14.2346 48.2266)",
            "POINT(14.4112 50.0848)",
            "POINT(14.7933 40.6755)",
            "POINT(143.2104 -33.494)",
            "POINT(144.9544 -37.8103)",
            "POINT(149.0909 -35.3978)",
            "POINT(15 46)",
            "POINT(15.1681 50.7292)",
            "POINT(15.5 45.1667)",
            "POINT(151.0333 -33.85)",
            "POINT(151.1028 -33.9125)",
            "POINT(151.1562 -33.8834)",
            "POINT(151.2644 -33.8943)",
            "POINT(153.0215 -27.4732)",
            "POINT(16.3667 48.2)",
            "POINT(17.6454 59.8585)",
            "POINT(174.7635 -36.8485)",
            "POINT(18.056 59.3247)",
            "POINT(18.2068 46.0967)",
            "POINT(18.3833 43.85)",
            "POINT(18.4167 -33.9167)",
            "POINT(18.5 -12.5)",
            "POINT(18.6776 50.1501)",
            "POINT(19.1326 50.7711)",
            "POINT(19.1667 63.3333)",
            "POINT(19.2519 46.5253)",
            "POINT(19.5387 50.0627)",
            "POINT(2.15 48.4333)",
            "POINT(2.3292 48.8628)",
            "POINT(2.3387 48.8582)",
            "POINT(2.3488 48.8534)",
            "POINT(2.3574 41.6398)",
            "POINT(2.3615 48.8637)",
            "POINT(2.45 48.6333)",
            "POINT(2.4893 48.9018)",
            "POINT(2.9131 36.1367)",
            "POINT(20 41)",
            "POINT(21.0362 52.2394)",
            "POINT(21.7344 38.2444)",
            "POINT(23.7167 37.9667)",
            "POINT(23.9 54.9)",
            "POINT(24 -29)",
            "POINT(24.0232 49.8383)",
            "POINT(24.1394 41.1544)",
            "POINT(24.7327 60.3126)",
            "POINT(24.8083 60.7316)",
            "POINT(24.9375 60.1708)",
            "POINT(25 46)",
            "POINT(25.317 54.6841)",
            "POINT(26.1662 -29.123)",
            "POINT(27.5667 53.9)",
            "POINT(28 53)",
            "POINT(28.0583 -26.2309)",
            "POINT(28.1443 -25.757)",
            "POINT(28.9948 41.0214)",
            "POINT(3.0421 50.7745)",
            "POINT(3.0506 36.7631)",
            "POINT(30 -15)",
            "POINT(30.2642 59.8944)",
            "POINT(30.5167 50.4333)",
            "POINT(31.223 30.0355)",
            "POINT(31.2859 30.0771)",
            "POINT(32.0621 49.4285)",
            "POINT(32.2597 48.5132)",
            "POINT(34.8672 32.1808)",
            "POINT(35.9333 31.95)",
            "POINT(37.6068 55.7386)",
            "POINT(37.6156 55.7522)",
            "POINT(38 1)",
            "POINT(4.1374 48.0592)",
            "POINT(4.35 50.85)",
            "POINT(4.4333 50.9333)",
            "POINT(4.8995 52.3824)",
            "POINT(41.5158 57.4586)",
            "POINT(46.7152 24.6537)",
            "POINT(47.6581 29.3375)",
            "POINT(47.9783 29.3697)",
            "POINT(49.4125 53.5233)",
            "POINT(5.0833 36.3333)",
            "POINT(5.1342 52.0904)",
            "POINT(5.3314 51.9729)",
            "POINT(5.4497 43.5283)",
            "POINT(5.4833 50.6)",
            "POINT(50.1182 53.1835)",
            "POINT(51.4231 35.6961)",
            "POINT(54 24)",
            "POINT(6.0986 49.8306)",
            "POINT(6.3286 47.7991)",
            "POINT(6.8324 52.2856)",
            "POINT(7.05 48.7333)",
            "POINT(7.2661 43.7031)",
            "POINT(7.3054 52.081)",
            "POINT(7.3784 48.1258)",
            "POINT(7.4998 51.5044)",
            "POINT(7.5973 47.471)",
            "POINT(7.6868 45.0705)",
            "POINT(72.6167 23.0333)",
            "POINT(72.8258 18.975)",
            "POINT(73.8667 18.5333)",
            "POINT(76.2833 9.9833)",
            "POINT(76.5917 8.8806)",
            "POINT(76.9614 10.9925)",
            "POINT(77 20)",
            "POINT(79.83 11.93)",
            "POINT(8 10)",
            "POINT(8.1242 35.4042)",
            "POINT(8.1551 47.1449)",
            "POINT(8.5134 50.1789)",
            "POINT(8.6712 50.4339)",
            "POINT(8.6823 50.1153)",
            "POINT(8.7631 49.625)",
            "POINT(80.2833 13.0833)",
            "POINT(81.6333 21.2333)",
            "POINT(82.9344 55.0411)",
            "POINT(87.1 53.75)",
            "POINT(9 34)",
            "POINT(9.1895 45.4643)",
            "POINT(9.4147 42.6581)",
            "POINT(9.491 51.2993)",
            "POINT(9.9198 53.592)",
            "POINT(9.941 57.2702)",
            "POINT(98.5183 39.7379)",
            "__DKU_N/A__"
        ],
        "distribution": [
            0.001,
            0.013,
            0.001,
            0.001,
            0.001,
            0.001,
            0.001,
            0.001,
            0.001,
            0.001,
            0.001,
            0.001,
            0.001,
            0.001,
            0.001,
            0.001,
            0.001,
            0.001,
            0.001,
            0.001,
            0.001,
            0.001,
            0.001,
            0.001,
            0.001,
            0.001,
            0.001,
            0.001,
            0.001,
            0.001,
            0.001,
            0.003,
            0.001,
            0.001,
            0.001,
            0.001,
            0.003,
            0.001,
            0.001,
            0.001,
            0.002,
            0.002,
            0.001,
            0.001,
            0.001,
            0.001,
            0.001,
            0.001,
            0.001,
            0.001,
            0.003,
            0.001,
            0.001,
            0.001,
            0.001,
            0.001,
            0.001,
            0.001,
            0.011,
            0.001,
            0.002,
            0.001,
            0.001,
            0.001,
            0.001,
            0.003,
            0.001,
            0.001,
            0.003,
            0.001,
            0.001,
            0.001,
            0.001,
            0.001,
            0.002,
            0.002,
            0.001,
            0.002,
            0.001,
            0.001,
            0.001,
            0.002,
            0.002,
            0.001,
            0.001,
            0.001,
            0.001,
            0.002,
            0.001,
            0.001,
            0.001,
            0.001,
            0.001,
            0.001,
            0.001,
            0.001,
            0.001,
            0.001,
            0.001,
            0.001,
            0.001,
            0.001,
            0.001,
            0.001,
            0.001,
            0.001,
            0.001,
            0.001,
            0.001,
            0.001,
            0.001,
            0.001,
            0.001,
            0.001,
            0.001,
            0.003,
            0.001,
            0.001,
            0.001,
            0.001,
            0.001,
            0.001,
            0.001,
            0.001,
            0.001,
            0.001,
            0.001,
            0.001,
            0.001,
            0.001,
            0.002,
            0.001,
            0.001,
            0.001,
            0.001,
            0.001,
            0.001,
            0.009,
            0.001,
            0.001,
            0.001,
            0.001,
            0.001,
            0.001,
            0.001,
            0.001,
            0.001,
            0.001,
            0.001,
            0.001,
            0.001,
            0.001,
            0.001,
            0.001,
            0.001,
            0.001,
            0.001,
            0.001,
            0.001,
            0.001,
            0.001,
            0.001,
            0.001,
            0.001,
            0.001,
            0.001,
            0.001,
            0.001,
            0.001,
            0.001,
            0.001,
            0.001,
            0.001,
            0.001,
            0.002,
            0.001,
            0.001,
            0.001,
            0.001,
            0.001,
            0.001,
            0.002,
            0.001,
            0.001,
            0.001,
            0.001,
            0.001,
            0.001,
            0.001,
            0.001,
            0.001,
            0.001,
            0.001,
            0.001,
            0.001,
            0.001,
            0.001,
            0.001,
            0.001,
            0.001,
            0.001,
            0.001,
            0.248,
            0.001,
            0.001,
            0.001,
            0.001,
            0.001,
            0.001,
            0.002,
            0.001,
            0.001,
            0.002,
            0.001,
            0.001,
            0.001,
            0.001,
            0.001,
            0.001,
            0.001,
            0.001,
            0.003,
            0.001,
            0.001,
            0.001,
            0.001,
            0.001,
            0.001,
            0.001,
            0.001,
            0.002,
            0.001,
            0.001,
            0.001,
            0.001,
            0.004,
            0.001,
            0.002,
            0.001,
            0.001,
            0.001,
            0.001,
            0.001,
            0.001,
            0.001,
            0.001,
            0.001,
            0.001,
            0.002,
            0.001,
            0.002,
            0.001,
            0.002,
            0.004,
            0.001,
            0.004,
            0.001,
            0.001,
            0.022,
            0.001,
            0.006,
            0.001,
            0.001,
            0.008,
            0.005,
            0.001,
            0.001,
            0.002,
            0.002,
            0.002,
            0.001,
            0.012,
            0.001,
            0.003,
            0.001,
            0.002,
            0.001,
            0.002,
            0.001,
            0.001,
            0.008,
            0.001,
            0.001,
            0.001,
            0.002,
            0.001,
            0.001,
            0.001,
            0.001,
            0.001,
            0.001,
            0.001,
            0.001,
            0.002,
            0.001,
            0.021,
            0.002,
            0.001,
            0.001,
            0.001,
            0.001,
            0.001,
            0.001,
            0.001,
            0.001,
            0.001,
            0.001,
            0.001,
            0.001,
            0.001,
            0.001,
            0.001,
            0.001,
            0.001,
            0.001,
            0.001,
            0.001,
            0.001,
            0.001,
            0.001,
            0.001,
            0.001,
            0.04,
            0.003,
            0.001,
            0.001,
            0.004,
            0.001,
            0.009,
            0.001,
            0.001,
            0.001,
            0.001,
            0.001,
            0.001,
            0.001,
            0.001,
            0.001,
            0.001,
            0.001,
            0.001,
            0.002,
            0.005,
            0.001,
            0.001,
            0.001,
            0.001,
            0.001,
            0.001,
            0.001,
            0.001,
            0.001,
            0.001,
            0.002,
            0.013,
            0.001,
            0.001,
            0.001,
            0.001,
            0.001,
            0.001,
            0.001,
            0.004,
            0.001,
            0.001,
            0.001,
            0.007,
            0.001,
            0.001,
            0.001,
            0.001,
            0.005,
            0.001,
            0.001,
            0.001,
            0.001,
            0.001,
            0.004,
            0.001,
            0.002,
            0.001,
            0.001,
            0.001,
            0.001,
            0.001,
            0.004,
            0.001,
            0.001,
            0.001,
            0.001,
            0.001,
            0.002,
            0.001,
            0.002,
            0.001,
            0.003,
            0.001,
            0.007,
            0.001,
            0.001,
            0.001,
            0.001,
            0.001,
            0.001,
            0.001,
            0.001,
            0.001,
            0.001,
            0.001,
            0.003,
            0.001,
            0.001,
            0.001,
            0.001,
            0.001,
            0.001,
            0.001,
            0.001,
            0.001,
            0.001,
            0.001,
            0.001,
            0.001,
            0.001,
            0.001,
            0.001,
            0.001,
            0.005,
            0.001,
            0.002,
            0.001,
            0.006,
            0.001,
            0.001,
            0.001,
            0.001,
            0.001,
            0.001,
            0.001,
            0.001,
            0.001,
            0.001,
            0.001,
            0.023,
            0.001,
            0.001,
            0.001,
            0.015
        ]
    },
    "gender": {
        "scale": [
            "F",
            "M",
            "__DKU_N/A__"
        ],
        "distribution": [
            0.46164446485989896,
            0.4405144694533762,
            0.09784106568672485
        ]
    },
    "user_agent_brand": {
        "scale": [
            "Chrome",
            "Edge",
            "Firefox",
            "IE",
            "Safari"
        ],
        "distribution": [
            0.737253100597152,
            0.014699127239320165,
            0.1465319246669729,
            0.01929260450160772,
            0.08222324299494717
        ]
    },
    "user_agent_os": {
        "scale": [
            "Linux",
            "MacOS X",
            "Windows"
        ],
        "distribution": [
            0.05925585668350942,
            0.2756086357372531,
            0.6651355075792375
        ]
    },
    "ip_address_country": {
        "scale": [
            "Albania",
            "Algeria",
            "Angola",
            "Argentina",
            "Australia",
            "Austria",
            "Belarus",
            "Belgium",
            "Bosnia and Herzegovina",
            "Brazil",
            "Canada",
            "Chile",
            "China",
            "Colombia",
            "Costa Rica",
            "Croatia",
            "Czechia",
            "Denmark",
            "Egypt",
            "Finland",
            "France",
            "Germany",
            "Ghana",
            "Greece",
            "Guatemala",
            "Hashemite Kingdom of Jordan",
            "Hong Kong",
            "Hungary",
            "India",
            "Indonesia",
            "Iran",
            "Ireland",
            "Israel",
            "Italy",
            "Ivory Coast",
            "Japan",
            "Kenya",
            "Kuwait",
            "Luxembourg",
            "Malaysia",
            "Mexico",
            "Morocco",
            "Netherlands",
            "New Zealand",
            "Nigeria",
            "Norway",
            "Philippines",
            "Poland",
            "Portugal",
            "Republic of Lithuania",
            "Romania",
            "Russia",
            "Saudi Arabia",
            "Slovenia",
            "South Africa",
            "South Korea",
            "Spain",
            "Sweden",
            "Switzerland",
            "Taiwan",
            "Thailand",
            "Tunisia",
            "Turkey",
            "Ukraine",
            "United Arab Emirates",
            "United Kingdom",
            "United States",
            "Uruguay",
            "Venezuela",
            "Vietnam",
            "Zambia",
            "__DKU_N/A__"
        ],
        "distribution": [
            0.001,
            0.004,
            0.001,
            0.011,
            0.016,
            0.003,
            0.002,
            0.005,
            0.001,
            0.031,
            0.019,
            0.001,
            0.094,
            0.006,
            0.001,
            0.001,
            0.005,
            0.002,
            0.005,
            0.007,
            0.034,
            0.036,
            0.001,
            0.003,
            0.002,
            0.001,
            0.006,
            0.002,
            0.014,
            0.003,
            0.003,
            0.006,
            0.001,
            0.022,
            0.001,
            0.063,
            0.002,
            0.002,
            0.001,
            0.004,
            0.007,
            0.003,
            0.01,
            0.002,
            0.002,
            0.004,
            0.001,
            0.007,
            0.003,
            0.002,
            0.001,
            0.009,
            0.001,
            0.001,
            0.014,
            0.03,
            0.007,
            0.009,
            0.007,
            0.012,
            0.002,
            0.001,
            0.002,
            0.004,
            0.001,
            0.029,
            0.381,
            0.002,
            0.003,
            0.002,
            0.001,
            0.017
        ]
    },
    "pages_visited_avg": {
        "scale": [
            7.833333333333333,
            9.083333333333332,
            9.75,
            10.375,
            11.0,
            11.625,
            12.5,
            13.5,
            15.0,
            19.5
        ],
        "distribution": [
            0.11914893617021277,
            0.10543735224586288,
            0.055791962174940896,
            0.14988179669030732,
            0.10307328605200945,
            0.06382978723404255,
            0.12955082742316784,
            0.08368794326241134,
            0.1148936170212766,
            0.07470449172576832
        ]
    },
    "campaign": {
        "scale": [
            "False",
            "True"
        ],
        "distribution": [
            0.650895728066146,
            0.3491042719338539
        ]
    }
}