{
    "startedAt": 1629399207957,
    "gridSize": 2,
    "nThreads": 4,
    "nSplits": 5,
    "metric": "ROC_AUC",
    "timeout": null,
    "gridPoints": [
        {
            "finishedAt": 1629399210039,
            "score": 0.7673608107411207,
            "testScoreGibMean": 0.7673608107411207,
            "testScoreMean": 0.7673608107411207,
            "testScoreStd": 0.010892573202967234,
            "trainScoreMean": 0.8162135371868141,
            "trainScoreStd": 0.0026778971051736778,
            "time": 6084,
            "fitTimeMean": 986.6,
            "fitTimeStd": 167.3255509478454,
            "scoreTimeMean": 230.2,
            "scoreTimeStd": 61.08485900777705,
            "best_iteration": null,
            "parameters": {
                "max_depth": 6,
                "max_features": "auto",
                "min_samples_leaf": 1,
                "n_estimators": 100,
                "min_samples_split": 3
            }
        },
        {
            "finishedAt": 1629399210591,
            "score": 0.775713184319361,
            "testScoreGibMean": 0.775713184319361,
            "testScoreMean": 0.775713184319361,
            "testScoreStd": 0.007430058858908274,
            "trainScoreMean": 0.8859196881583089,
            "trainScoreStd": 0.0026675941263715965,
            "time": 3832,
            "fitTimeMean": 569.4,
            "fitTimeStd": 144.39473674618478,
            "scoreTimeMean": 197.0,
            "scoreTimeStd": 96.1103532404288,
            "best_iteration": null,
            "parameters": {
                "max_depth": 13,
                "max_features": "auto",
                "min_samples_leaf": 1,
                "n_estimators": 100,
                "min_samples_split": 3
            }
        }
    ]
}