[
    {
        "test_score_gib": 0.7499150725927124,
        "train_score": 0.8185424453754746,
        "test_score": 0.7499150725927124,
        "num_samples": 1723,
        "fit_time": 1071,
        "score_time": 182,
        "time": 1253,
        "parameters": {
            "max_depth": 6,
            "max_features": "auto",
            "min_samples_leaf": 1,
            "n_estimators": 100,
            "min_samples_split": 3
        },
        "best_iteration": null,
        "done_at": 1629399209211,
        "split_id": 0
    },
    {
        "test_score_gib": 0.7752630186605889,
        "train_score": 0.8118688738455099,
        "test_score": 0.7752630186605889,
        "num_samples": 1722,
        "fit_time": 1066,
        "score_time": 279,
        "time": 1345,
        "parameters": {
            "max_depth": 6,
            "max_features": "auto",
            "min_samples_leaf": 1,
            "n_estimators": 100,
            "min_samples_split": 3
        },
        "best_iteration": null,
        "done_at": 1629399209305,
        "split_id": 1
    },
    {
        "test_score_gib": 0.7598909261105797,
        "train_score": 0.8169688113345717,
        "test_score": 0.7598909261105797,
        "num_samples": 1722,
        "fit_time": 1069,
        "score_time": 190,
        "time": 1259,
        "parameters": {
            "max_depth": 6,
            "max_features": "auto",
            "min_samples_leaf": 1,
            "n_estimators": 100,
            "min_samples_split": 3
        },
        "best_iteration": null,
        "done_at": 1629399209220,
        "split_id": 2
    },
    {
        "test_score_gib": 0.7794468977025295,
        "train_score": 0.814586486715092,
        "test_score": 0.7794468977025295,
        "num_samples": 1722,
        "fit_time": 1075,
        "score_time": 326,
        "time": 1401,
        "parameters": {
            "max_depth": 6,
            "max_features": "auto",
            "min_samples_leaf": 1,
            "n_estimators": 100,
            "min_samples_split": 3
        },
        "best_iteration": null,
        "done_at": 1629399209363,
        "split_id": 3
    },
    {
        "test_score_gib": 0.7723011386775702,
        "train_score": 0.8191013932556875,
        "test_score": 0.7723011386775702,
        "num_samples": 1721,
        "fit_time": 652,
        "score_time": 174,
        "time": 826,
        "parameters": {
            "max_depth": 6,
            "max_features": "auto",
            "min_samples_leaf": 1,
            "n_estimators": 100,
            "min_samples_split": 3
        },
        "best_iteration": null,
        "done_at": 1629399210039,
        "split_id": 4
    },
    {
        "test_score_gib": 0.7645994257289603,
        "train_score": 0.8865574973312316,
        "test_score": 0.7645994257289603,
        "num_samples": 1723,
        "fit_time": 715,
        "score_time": 205,
        "time": 920,
        "parameters": {
            "max_depth": 13,
            "max_features": "auto",
            "min_samples_leaf": 1,
            "n_estimators": 100,
            "min_samples_split": 3
        },
        "best_iteration": null,
        "done_at": 1629399210142,
        "split_id": 0
    },
    {
        "test_score_gib": 0.7846584318593436,
        "train_score": 0.8840905979332527,
        "test_score": 0.7846584318593436,
        "num_samples": 1722,
        "fit_time": 657,
        "score_time": 231,
        "time": 888,
        "parameters": {
            "max_depth": 13,
            "max_features": "auto",
            "min_samples_leaf": 1,
            "n_estimators": 100,
            "min_samples_split": 3
        },
        "best_iteration": null,
        "done_at": 1629399210197,
        "split_id": 1
    },
    {
        "test_score_gib": 0.7750676624407318,
        "train_score": 0.8850765231929297,
        "test_score": 0.7750676624407318,
        "num_samples": 1722,
        "fit_time": 679,
        "score_time": 355,
        "time": 1034,
        "parameters": {
            "max_depth": 13,
            "max_features": "auto",
            "min_samples_leaf": 1,
            "n_estimators": 100,
            "min_samples_split": 3
        },
        "best_iteration": null,
        "done_at": 1629399210401,
        "split_id": 2
    },
    {
        "test_score_gib": 0.7829551698174642,
        "train_score": 0.8907474667321664,
        "test_score": 0.7829551698174642,
        "num_samples": 1722,
        "fit_time": 446,
        "score_time": 96,
        "time": 542,
        "parameters": {
            "max_depth": 13,
            "max_features": "auto",
            "min_samples_leaf": 1,
            "n_estimators": 100,
            "min_samples_split": 3
        },
        "best_iteration": null,
        "done_at": 1629399210582,
        "split_id": 3
    },
    {
        "test_score_gib": 0.7712891165882028,
        "train_score": 0.8831243619112441,
        "test_score": 0.7712891165882028,
        "num_samples": 1721,
        "fit_time": 350,
        "score_time": 98,
        "time": 448,
        "parameters": {
            "max_depth": 13,
            "max_features": "auto",
            "min_samples_leaf": 1,
            "n_estimators": 100,
            "min_samples_split": 3
        },
        "best_iteration": null,
        "done_at": 1629399210591,
        "split_id": 4
    }
]