{
    "modelInputNRows": 8610,
    "modelInputNCols": 226,
    "modelInputIsSparse": false,
    "modelInputMemory": 15566880,
    "usedGridSearch": true,
    "gridSize": 2,
    "gridBestScore": 0.775713184319361,
    "gridCells": [
        {
            "params": {
                "max_depth": 6,
                "max_features": "auto",
                "min_samples_leaf": 1,
                "n_estimators": 100,
                "min_samples_split": 3
            },
            "score": 0.7673608107411207,
            "scoreStd": 0.010892573202967234,
            "fitTime": 0.9866,
            "fitTimeStd": 0.16732555094784538,
            "scoreTime": 0.2302,
            "scoreTimeStd": 0.06108485900777705
        },
        {
            "params": {
                "max_depth": 13,
                "max_features": "auto",
                "min_samples_leaf": 1,
                "n_estimators": 100,
                "min_samples_split": 3
            },
            "score": 0.775713184319361,
            "scoreStd": 0.007430058858908274,
            "fitTime": 0.5694,
            "fitTimeStd": 0.14439473674618478,
            "scoreTime": 0.197,
            "scoreTimeStd": 0.0961103532404288
        }
    ],
    "rawImportance": {
        "variables": [
            "age_first_order",
            "pages_visited_avg",
            "dummy:ip_address_geopoint:POINT(-97.822 37.751)",
            "dummy:ip_address_geopoint:POINT(139.69 35.69)",
            "dummy:ip_address_geopoint:POINT(113.7266 34.7725)",
            "dummy:ip_address_geopoint:POINT(126.9741 37.5112)",
            "dummy:ip_address_geopoint:POINT(-0.1224 51.4964)",
            "dummy:ip_address_geopoint:POINT(9.491 51.2993)",
            "dummy:ip_address_geopoint:POINT(-43.2192 -22.8305)",
            "dummy:ip_address_geopoint:POINT(2.3387 48.8582)",
            "dummy:ip_address_geopoint:POINT(4.8995 52.3824)",
            "dummy:ip_address_geopoint:POINT(-79.3716 43.6319)",
            "dummy:ip_address_geopoint:POINT(116.3883 39.9289)",
            "dummy:ip_address_geopoint:POINT(143.2104 -33.494)",
            "dummy:ip_address_geopoint:POINT(77 20)",
            "dummy:ip_address_geopoint:POINT(121 23.5)",
            "dummy:ip_address_geopoint:POINT(12.1097 43.1479)",
            "dummy:ip_address_geopoint:POINT(31.223 30.0355)",
            "dummy:ip_address_geopoint:POINT(24 -29)",
            "dummy:ip_address_geopoint:POINT(37.6068 55.7386)",
            "dummy:ip_address_geopoint:POINT(18.056 59.3247)",
            "dummy:ip_address_geopoint:POINT(4.35 50.85)",
            "dummy:ip_address_geopoint:POINT(113.25 23.1167)",
            "dummy:ip_address_geopoint:POINT(10.75 59.95)",
            "dummy:ip_address_geopoint:POINT(21.0362 52.2394)",
            "dummy:ip_address_geopoint:POINT(120.3719 36.0986)",
            "dummy:ip_address_geopoint:POINT(139.7514 35.685)",
            "dummy:ip_address_geopoint:POINT(-58.3817 -34.6033)",
            "dummy:ip_address_geopoint:POINT(8.1551 47.1449)",
            "dummy:ip_address_geopoint:POINT(123.4328 41.7922)",
            "dummy:ip_address_geopoint:POINT(121.3997 31.0456)",
            "dummy:ip_address_geopoint:POINT(37.6156 55.7522)",
            "dummy:ip_address_geopoint:POINT(106 16)",
            "dummy:ip_address_geopoint:POINT(-99.0111 19.4371)",
            "dummy:ip_address_geopoint:POINT(-46.635 -23.627)",
            "dummy:ip_address_geopoint:POINT(106.8286 -6.175)",
            "dummy:ip_address_geopoint:POINT(116.3889 39.9288)",
            "dummy:ip_address_geopoint:POINT(-5 32)",
            "dummy:ip_address_geopoint:POINT(-74.0758 4.5981)",
            "dummy:ip_address_geopoint:POINT(121.5318 25.0478)",
            "dummy:ip_address_geopoint:POINT(16.3667 48.2)",
            "dummy:ip_address_geopoint:POINT(28.0583 -26.2309)",
            "dummy:ip_address_geopoint:POINT(120.1614 30.2936)",
            "dummy:ip_address_geopoint:POINT(12.0564 55.7123)",
            "dummy:ip_address_geopoint:POINT(-6.2489 53.3331)",
            "dummy:ip_address_geopoint:POINT(-3.684 40.4172)",
            "dummy:ip_address_geopoint:POINT(24.9375 60.1708)",
            "dummy:ip_address_geopoint:POINT(28.9948 41.0214)",
            "dummy:ip_address_geopoint:POINT(114.1333 22.5333)",
            "dummy:ip_address_geopoint:POINT(104.0667 30.6667)",
            "dummy:ip_address_geopoint:POINT(-77.4728 39.0481)",
            "dummy:ip_address_geopoint:POINT(38 1)",
            "dummy:ip_address_geopoint:POINT(118.7778 32.0617)",
            "dummy:ip_address_geopoint:POINT(103.8558 1.2931)",
            "dummy:ip_address_geopoint:POINT(113.5325 34.6836)",
            "dummy:ip_address_geopoint:POINT(106.5528 29.5628)",
            "dummy:ip_address_geopoint:POINT(9 34)",
            "dummy:ip_address_geopoint:POINT(12.5113 41.8919)",
            "dummy:ip_address_geopoint:POINT(31.2859 30.0771)",
            "dummy:ip_address_geopoint:POINT(-43.3307 -22.9201)",
            "dummy:ip_address_geopoint:POINT(114.1667 22.25)",
            "dummy:ip_address_geopoint:POINT(51.4231 35.6961)",
            "dummy:ip_address_geopoint:POINT(45 25)",
            "dummy:ip_address_geopoint:POINT(-74.0628 4.6492)",
            "dummy:ip_address_geopoint:POINT(112.4708 37.7269)",
            "dummy:ip_address_geopoint:POINT(-70.6667 -33.45)",
            "dummy:ip_address_geopoint:POINT(174 -41)",
            "dummy:ip_address_geopoint:POINT(102.7183 25.0389)",
            "dummy:ip_address_geopoint:POINT(-66 8)",
            "dummy:ip_address_geopoint:POINT(34.75 31.5)",
            "dummy:ip_address_geopoint:POINT(114.2734 30.5801)",
            "dummy:ip_address_geopoint:POINT(-118.244 34.0544)",
            "dummy:ip_address_geopoint:POINT(8 10)",
            "dummy:ip_address_geopoint:POINT(-70.6503 -33.4378)",
            "dummy:ip_address_geopoint:POINT(30.5233 50.45)",
            "dummy:ip_address_geopoint:POINT(-6.2439 53.3472)",
            "dummy:ip_address_geopoint:POINT(126.65 45.75)",
            "dummy:ip_address_geopoint:POINT(117.2808 31.8639)",
            "dummy:ip_address_geopoint:POINT(-121.8914 37.3388)",
            "dummy:ip_address_geopoint:POINT(120.9721 14.5955)",
            "dummy:ip_address_geopoint:POINT(25 46)",
            "dummy:ip_address_geopoint:POINT(-122.3276 37.5507)",
            "dummy:ip_address_geopoint:POINT(115.9333 28.55)",
            "dummy:ip_address_geopoint:POINT(125.3228 43.88)",
            "dummy:ip_address_geopoint:POINT(-119.7143 45.8491)",
            "dummy:ip_address_geopoint:POINT(-121.8914 37.3387)",
            "dummy:ip_address_geopoint:POINT(14.4112 50.0848)",
            "dummy:ip_address_geopoint:POINT(117.1767 39.1422)",
            "dummy:ip_address_geopoint:POINT(-77.5 -2)",
            "dummy:ip_address_geopoint:POINT(-87.6517 41.8483)",
            "dummy:ip_address_geopoint:POINT(120.5954 31.3041)",
            "dummy:ip_address_geopoint:POINT(118.0819 24.4798)",
            "dummy:ip_address_geopoint:POINT(126.9783 37.5985)",
            "dummy:ip_address_geopoint:POINT(100.4667 13.75)",
            "dummy:ip_address_geopoint:POINT(112.5 2.5)",
            "dummy:ip_address_geopoint:POINT(19.0514 47.4925)",
            "dummy:ip_address_geopoint:POINT(8 47)",
            "dummy:ip_address_geopoint:POINT(-122.3305 47.6114)",
            "dummy:ip_address_geopoint:POINT(6.1667 49.75)",
            "dummy:ip_address_geopoint:POINT(-0.0949 51.5161)",
            "dummy:ip_address_geopoint:POINT(-47.9343 -15.7836)",
            "dummy:ip_address_geopoint:POINT(18.4232 -33.9258)",
            "dummy:ip_address_geopoint:N/A",
            "dummy:ip_address_geopoint:__Others__",
            "dummy:gender:M",
            "dummy:gender:F",
            "dummy:gender:N/A",
            "dummy:user_agent_brand:Chrome",
            "dummy:user_agent_brand:Firefox",
            "dummy:user_agent_brand:Safari",
            "dummy:user_agent_brand:IE",
            "dummy:user_agent_brand:Edge",
            "dummy:user_agent_os:Windows",
            "dummy:user_agent_os:MacOS X",
            "dummy:user_agent_os:Linux",
            "dummy:ip_address_country:United States",
            "dummy:ip_address_country:China",
            "dummy:ip_address_country:Japan",
            "dummy:ip_address_country:United Kingdom",
            "dummy:ip_address_country:Germany",
            "dummy:ip_address_country:Brazil",
            "dummy:ip_address_country:France",
            "dummy:ip_address_country:South Korea",
            "dummy:ip_address_country:Canada",
            "dummy:ip_address_country:Netherlands",
            "dummy:ip_address_country:Italy",
            "dummy:ip_address_country:Russia",
            "dummy:ip_address_country:Australia",
            "dummy:ip_address_country:India",
            "dummy:ip_address_country:South Africa",
            "dummy:ip_address_country:Taiwan",
            "dummy:ip_address_country:Spain",
            "dummy:ip_address_country:Mexico",
            "dummy:ip_address_country:Egypt",
            "dummy:ip_address_country:Sweden",
            "dummy:ip_address_country:Poland",
            "dummy:ip_address_country:Argentina",
            "dummy:ip_address_country:Colombia",
            "dummy:ip_address_country:Norway",
            "dummy:ip_address_country:Belgium",
            "dummy:ip_address_country:Turkey",
            "dummy:ip_address_country:Switzerland",
            "dummy:ip_address_country:Denmark",
            "dummy:ip_address_country:Ireland",
            "dummy:ip_address_country:Austria",
            "dummy:ip_address_country:Indonesia",
            "dummy:ip_address_country:Ukraine",
            "dummy:ip_address_country:Vietnam",
            "dummy:ip_address_country:Chile",
            "dummy:ip_address_country:Morocco",
            "dummy:ip_address_country:Finland",
            "dummy:ip_address_country:Czechia",
            "dummy:ip_address_country:Israel",
            "dummy:ip_address_country:Romania",
            "dummy:ip_address_country:Singapore",
            "dummy:ip_address_country:Hong Kong",
            "dummy:ip_address_country:Malaysia",
            "dummy:ip_address_country:Tunisia",
            "dummy:ip_address_country:New Zealand",
            "dummy:ip_address_country:Portugal",
            "dummy:ip_address_country:Saudi Arabia",
            "dummy:ip_address_country:Philippines",
            "dummy:ip_address_country:Algeria",
            "dummy:ip_address_country:Kenya",
            "dummy:ip_address_country:Iran",
            "dummy:ip_address_country:Hungary",
            "dummy:ip_address_country:Thailand",
            "dummy:ip_address_country:Venezuela",
            "dummy:ip_address_country:Nigeria",
            "dummy:ip_address_country:Ecuador",
            "dummy:ip_address_country:Greece",
            "dummy:ip_address_country:Luxembourg",
            "dummy:ip_address_country:Slovenia",
            "dummy:ip_address_country:Pakistan",
            "dummy:ip_address_country:Slovakia",
            "dummy:ip_address_country:United Arab Emirates",
            "dummy:ip_address_country:Bulgaria",
            "dummy:ip_address_country:Republic of Lithuania",
            "dummy:ip_address_country:Sudan",
            "dummy:ip_address_country:Dominican Republic",
            "dummy:ip_address_country:Puerto Rico",
            "dummy:ip_address_country:Panama",
            "dummy:ip_address_country:Angola",
            "dummy:ip_address_country:Serbia",
            "dummy:ip_address_country:Tanzania",
            "dummy:ip_address_country:Republic of Moldova",
            "dummy:ip_address_country:Peru",
            "dummy:ip_address_country:Uruguay",
            "dummy:ip_address_country:Zambia",
            "dummy:ip_address_country:Belarus",
            "dummy:ip_address_country:Kazakhstan",
            "dummy:ip_address_country:Latvia",
            "dummy:ip_address_country:Albania",
            "dummy:ip_address_country:Trinidad and Tobago",
            "dummy:ip_address_country:Hashemite Kingdom of Jordan",
            "dummy:ip_address_country:Croatia",
            "dummy:ip_address_country:Uganda",
            "dummy:ip_address_country:Ivory Coast",
            "dummy:ip_address_country:Armenia",
            "dummy:ip_address_country:Cyprus",
            "dummy:ip_address_country:Georgia",
            "dummy:ip_address_country:Cambodia",
            "dummy:ip_address_country:Honduras",
            "dummy:ip_address_country:Mauritius",
            "dummy:ip_address_country:Estonia",
            "dummy:ip_address_country:Bosnia and Herzegovina",
            "dummy:ip_address_country:Oman",
            "dummy:ip_address_country:Paraguay",
            "dummy:ip_address_country:El Salvador",
            "dummy:ip_address_country:Gabon",
            "dummy:ip_address_country:N/A",
            "dummy:ip_address_country:__Others__",
            "dummy:campaign:False",
            "dummy:campaign:True"
        ],
        "importances": [
            0.23777147749825275,
            0.19805129806736652,
            0.003872442025134866,
            0.002292774007719194,
            0.00309653469768421,
            0.0015872136680495767,
            0.002169012821458162,
            0.0020260161548354447,
            0.0029229653209175486,
            0.0019538103016646007,
            0.0019661972158291526,
            0.002073154983355795,
            0.0007023904977931205,
            0.002445796623377953,
            0.0006729907853818188,
            0.0016475704844289545,
            0.0009761604663637969,
            0.0018258787389973893,
            0.001266244193467954,
            0.0008562195258712707,
            0.000725861358191284,
            0.000692662589231861,
            0.004288648409615195,
            0.0006160660244065218,
            0.00037193899271336875,
            0.0013902755475358596,
            0.0005452036386763752,
            0.001827890993423324,
            0.0009855458203227995,
            0.0004986961840720381,
            0.0008919447548711183,
            0.0005393995631733854,
            0.00032470169723586734,
            0.0013212308438588036,
            0.0007263230697428029,
            0.0007959441242242707,
            0.0005034116812209269,
            0.0008836053468028163,
            0.0003837612403174956,
            0.0012015011651479964,
            0.001242310019374684,
            0.000806604479269047,
            0.000893613345246388,
            0.0008075354829125363,
            0.0003225155987167511,
            0.0004205169070213523,
            0.0011751962383321048,
            0.0006352227586621831,
            0.0007301411796868948,
            0.0006933072452088232,
            0.0008007225811233425,
            0.0005282411935724402,
            0.00047440152329532526,
            0.0008418288057573191,
            0.000290790528246178,
            0.00035835149361603403,
            0.001004252049033325,
            0.0006238877442572343,
            0.0001907739102783932,
            0.0001719621535310504,
            5.323136067331565e-05,
            0.00048882884148025,
            0.0006430030531893509,
            0.0005899033150863503,
            0.00031499625903081503,
            0.00023151250505694862,
            7.401472185056154e-05,
            0.0003462783984525035,
            8.842515271163389e-05,
            0.00025217509560591245,
            0.00026865776741471955,
            0.00010257732118653237,
            0.000444512123648161,
            0.003429827351316347,
            1.3802674437882862e-05,
            0.0004503156077794327,
            0.0003124737009183596,
            0.00022955349347762087,
            0.0004810019386559462,
            0.0001717899972561084,
            0.00013195882238290635,
            0.00014226177377163712,
            0.00011872995013536221,
            9.866071827277822e-05,
            7.109088422298037e-05,
            3.0012315947883514e-05,
            0.0001334703446511318,
            0.0005388300884149955,
            9.429240904533102e-06,
            0.00010916822814579927,
            0.00013955188372931934,
            8.55566419554823e-05,
            9.810665053459332e-05,
            0.0001159029965300065,
            0.000269438849240696,
            0.00012731757767758153,
            2.3607141902699057e-05,
            8.585071195069406e-05,
            0.00012986498659742018,
            0.00027714576186981736,
            0.0011661702573485962,
            2.642059609764731e-05,
            0.0016297820102442121,
            0.007558242239051816,
            0.00918637837532984,
            0.010555880960198417,
            0.006534347469879925,
            0.011838950754658649,
            0.007932851685212154,
            0.00494991600765175,
            0.004589473899901333,
            0.003991936876237065,
            0.008193229572531997,
            0.0071353128633412635,
            0.004867298183691499,
            0.004414978327546991,
            0.004446565245727563,
            0.0023167145279697084,
            0.0036673165898701114,
            0.002508306468762207,
            0.002444201257567445,
            0.001988107610756738,
            0.0016113052017523543,
            0.003146614570999365,
            0.0018730635848586237,
            0.0019593981253171414,
            0.0019435110862603844,
            0.0018515584777151867,
            0.0009283511112859447,
            0.0031435839393600066,
            0.0018865747140375483,
            0.001796424021868797,
            0.0018652098314790766,
            0.0021879375650213574,
            0.0020820720797090036,
            0.00197454645314849,
            0.0021927737756530837,
            0.0015866942181515483,
            0.001698110154267211,
            0.0008094820735269994,
            0.0009271680028655091,
            0.000987999718357552,
            0.001224464128350685,
            0.0010151557058452265,
            0.0014327195669419073,
            0.0010758567397129997,
            0.0005710840302297374,
            0.0003771318088699465,
            0.0014451581817503155,
            0.0011224069166145443,
            0.0013547087334042475,
            0.000918835131978334,
            0.00040773929840134823,
            0.00019069986247193777,
            0.0010202197727112636,
            0.0005676029197721164,
            0.0004837824760329725,
            0.0009052522120244929,
            0.0007452456027997954,
            0.000713151564737271,
            0.0005856949674681401,
            0.00032124148458100666,
            0.002083721698566895,
            0.0009573125993216822,
            0.00010710233008589918,
            0.0002477248042640239,
            0.00018933843394218882,
            1.4659112951420484e-05,
            0.0007081599067940629,
            0.00022405541687447677,
            0.0002004484514248761,
            0.00022607706675449493,
            0.00020945092326609866,
            0.00011095817388248178,
            4.796644583799479e-05,
            0.0011619901238308112,
            6.686867008319032e-05,
            0.000290548041452359,
            5.3069318312950776e-05,
            0.00011445414659041636,
            8.88381506192049e-05,
            2.1914314143218985e-06,
            3.7287024172291885e-05,
            4.060533217486082e-05,
            0.0001015730560374663,
            9.007767990995588e-05,
            6.430804227300828e-06,
            3.238638768342692e-05,
            0.00010006770025971751,
            0.0007115640488387597,
            1.2620074118364436e-07,
            0.00015116894270537372,
            1.7851247095337565e-07,
            3.694864325468226e-05,
            0.00011395468418854776,
            1.6618045189872483e-05,
            0.0021578633289347604,
            8.990482811585981e-06,
            1.844253844860748e-06,
            0.0010564101862419663,
            1.7290621145044452e-05,
            0.00035704082760610483,
            4.1411586800291035e-06,
            7.911404553383421e-08,
            0.0016043395373577882,
            0.0008108509967617697,
            0.0007973324008097943,
            3.54779356437704e-05,
            3.5762881737161013e-06,
            1.9000435585293496e-05,
            0.002399023806003533,
            0.0018136940208257205,
            0.1571558818802116,
            0.14391455621933993
        ]
    },
    "probaAware": true
}