{
    "metrics": {
        "thresholdOptimizationMetric": "F1",
        "evaluationMetric": "ROC_AUC",
        "costMatrixWeights": {
            "tpGain": 1.0,
            "fnGain": 0.0,
            "tnGain": 0.0,
            "fpGain": -0.3
        },
        "liftPoint": 0.4
    },
    "algorithm": "RANDOM_FOREST_CLASSIFICATION",
    "grid_search_params": {
        "nIter": 0,
        "splitRatio": 0.8,
        "nContainers": 4,
        "distributed": false,
        "nIterRandom": 5,
        "bayesianOptimizer": "SCIKIT_OPTIMIZE",
        "strategy": "GRID",
        "randomized": true,
        "shuffleIterations": 1,
        "seed": 0,
        "mode": "KFOLD",
        "timeout": 0,
        "cvSeed": 1337,
        "nJobs": 4,
        "nFolds": 5,
        "stratified": true,
        "foldOffset": true
    },
    "autoOptimizeThreshold": true,
    "gridLength": 2,
    "computeLearningCurves": false,
    "forcedClassifierThreshold": 0.0,
    "rf_classifier_grid": {
        "n_jobs": 4,
        "max_tree_depth": {
            "values": [
                6,
                13
            ],
            "gridMode": "EXPLICIT",
            "randomMode": "RANGE",
            "limit": {
                "min": 1
            },
            "range": {
                "scaling": "LINEAR",
                "max": 20,
                "nbValues": 3,
                "min": 6
            }
        },
        "selection_mode": "sqrt",
        "enabled": true,
        "min_samples_leaf": {
            "values": [
                1
            ],
            "gridMode": "EXPLICIT",
            "randomMode": "RANGE",
            "limit": {
                "min": 1
            },
            "range": {
                "scaling": "LINEAR",
                "max": 20,
                "nbValues": 3,
                "min": 1
            }
        },
        "n_estimators": {
            "values": [
                100
            ],
            "gridMode": "EXPLICIT",
            "randomMode": "RANGE",
            "limit": {
                "min": 1
            },
            "range": {
                "scaling": "LINEAR",
                "max": 200,
                "nbValues": 3,
                "min": 80
            }
        },
        "max_feature_prop": {
            "values": [
                0.3
            ],
            "gridMode": "EXPLICIT",
            "randomMode": "RANGE",
            "limit": {
                "max": 1.0,
                "min": 1e-23
            },
            "range": {
                "scaling": "LINEAR",
                "max": 0.7,
                "nbValues": 3,
                "min": 0.1
            }
        },
        "max_features": {
            "values": [
                5
            ],
            "gridMode": "EXPLICIT",
            "randomMode": "RANGE",
            "limit": {
                "min": 1
            },
            "range": {
                "scaling": "LINEAR",
                "max": 20,
                "nbValues": 3,
                "min": 1
            }
        }
    },
    "max_ensemble_nodes_serialized": 6000,
    "pluginAlgoCustomGridSearch": false,
    "skipExpensiveReports": false
}