{
  "state": "DONE",
  "preSearchDescription": {
    "gridLength": 2,
    "searchStrategy": "GRID",
    "importantParams": [
      {
        "name": "trees",
        "vals": [
          "100"
        ]
      },
      {
        "name": "depth",
        "vals": [
          "6",
          "13"
        ]
      },
      {
        "name": "min_samples",
        "vals": [
          "1"
        ]
      }
    ]
  },
  "postSearchDescription": {
    "importantParams": [
      {
        "name": "trees",
        "val": "100"
      },
      {
        "name": "depth",
        "val": "13"
      },
      {
        "name": "min_samples",
        "val": "1"
      }
    ]
  },
  "resumed": false,
  "timeOrderingEnabled": false,
  "sampleWeightsEnabled": false,
  "modelId": "m1",
  "progress": {
    "top_level_todo": [],
    "stack": [],
    "top_level_done": [
      {
        "name": "Loading train set",
        "time": 50
      },
      {
        "name": "Loading test set",
        "time": 24
      },
      {
        "name": "Collecting statistics",
        "time": 20
      },
      {
        "name": "Preprocessing train set",
        "time": 157
      },
      {
        "name": "Preprocessing test set",
        "time": 79
      },
      {
        "name": "Hyperparameter searching",
        "time": 3054
      },
      {
        "name": "Fitting model",
        "time": 978
      },
      {
        "name": "Saving model",
        "time": 39
      },
      {
        "name": "Scoring model",
        "time": 1249
      }
    ]
  },
  "startTime": 1629399207571,
  "endTime": 1629399213320,
  "preprocessingTime": 336,
  "trainingTime": 5413,
  "hyperparamsSearchTime": 3054
}