gsp384	F	71.0	Firefox	Windows	Panama	POINT(-80 9)	False	11.0	False
385254	M		Safari	MacOS X	United States	POINT(-97.822 37.751)	True	10.0	True
747692	F	32.0	Chrome	Windows	China	POINT(121.3997 31.0456)	False	9.0	False
287051	M	51.0	Chrome	MacOS X	United States	POINT(-97.822 37.751)	False	11.0	False
449849	M	33.0	Chrome	Windows	United States	POINT(-97.822 37.751)	True	16.0	False
avsnjq	F	59.0	Chrome	Windows	United States	POINT(-97.822 37.751)	False	9.5	True
040413	F	46.0	Chrome	Windows	United States	POINT(-96.8217 32.7787)	False	13.333333333333334	False
116876	F	53.0	Chrome	Windows	Czechia	POINT(14.4112 50.0848)	False	13.5	False
wrimxo	F	43.0	Safari	MacOS X	Greece	POINT(23.7167 37.9667)	False	10.0	False
305320	F	59.0	Chrome	Windows	Brazil	POINT(-43.2192 -22.8305)	False	10.5	False
184827	F		Safari	MacOS X	China	POINT(115.9333 28.55)	True	9.0	False
zgtkq7	M	64.0	Firefox	Windows	Germany	POINT(7.3054 52.081)	True	8.333333333333334	False
685664	M	58.0	Chrome	Windows	United States	POINT(-97.822 37.751)	True	9.75	False
161141	F	45.0	Chrome	Windows	Colombia	POINT(-74.0758 4.5981)	True	9.666666666666666	False
389723	F	27.0	Chrome	Windows	United States	POINT(-97.822 37.751)	True	10.0	False
863940	M	22.0	Firefox	Windows	Ireland	POINT(-6.2489 53.3331)	False	18.0	False
639398	F	38.0	Chrome	Windows	United States	POINT(-76.6321 39.3507)	True	8.714285714285714	True
486140	M	32.0	Chrome	Windows	Austria	POINT(16.3667 48.2)	True	11.333333333333334	False
305254		56.0	Chrome	Windows	Canada	POINT(-79.3716 43.6319)	False	13.0	False
029650	M	21.0	Firefox	Windows	United States	POINT(-97.822 37.751)	False	7.0	False
0e82ij	M	22.0	Chrome	Windows	India	POINT(72.8258 18.975)	False	18.0	False
613727	F	45.0	Chrome	MacOS X	United States	POINT(-97.822 37.751)	True	9.142857142857142	True
w88u4a	F	28.0	Firefox	Windows	United States	POINT(-97.822 37.751)	False	17.0	False
699341	F	38.0	Chrome	Windows	United States	POINT(-97.822 37.751)	False	19.0	False
60nltt	F	67.0	Chrome	Windows	Germany	POINT(9.491 51.2993)	True	9.0	True
669869			Chrome	Windows	United States	POINT(-84.4385 33.9679)	True	10.0	False
377993	M	42.0	Chrome	Windows	United States	POINT(-97.822 37.751)	False	15.0	False
337168	F	18.0	Safari	MacOS X	United States	POINT(-76.8156 38.8682)	False	10.0	False
011363	M	55.0	Chrome	MacOS X	Germany	POINT(12.3301 51.2187)	False	7.0	False
251794	M	47.0	Chrome	Windows	Australia	POINT(153.3933 -28.0707)	True	8.571428571428571	True
841767		41.0	Chrome	Windows	United States	POINT(-73.1304 41.216)	False	10.0	False
qsuipc	F		Chrome	Windows	United States	POINT(-97.822 37.751)	True	9.666666666666666	False
749869	F	20.0	Chrome	Windows	China	POINT(113.7266 34.7725)	False	15.0	False
t1jev4	F	52.0	Chrome	MacOS X	United States	POINT(-97.822 37.751)	False	10.0	False
829263	F	60.0	Chrome	MacOS X	Australia	POINT(151.2644 -33.8943)	False	9.0	False
585204	M	50.0	Chrome	MacOS X	Netherlands	POINT(4.216 51.9934)	False	12.0	False
641193	M	59.0	Chrome	Windows	Poland	POINT(18.6776 50.1501)	True	7.5	False
241682	M	45.0	Chrome	MacOS X	Japan	POINT(139.69 35.69)	False	9.5	False
g93aws	F	22.0	Chrome	Windows	Canada	POINT(-122.7649 49.274)	True	8.0	False
027873	F	51.0	Firefox	Windows	China	POINT(123.4328 41.7922)	True	9.5	False
sn8t0i	F	41.0	Chrome	Windows	France	POINT(2.6844 42.6299)	True	9.0	False
522203	F	52.0	IE	Windows	United States	POINT(-97.822 37.751)	True	9.2	False
956659	M		Chrome	Windows	Brazil	POINT(-46.635 -23.627)	True	11.0	False
jromea	M	71.0	Chrome	MacOS X	United States	POINT(-97.822 37.751)	False	16.0	False
219949	M	40.0	Chrome	Windows	Sweden	POINT(18.056 59.3247)	False	10.5	False
709306	M	56.0	Chrome	Windows	France	POINT(2.3488 48.8534)	False	9.25	False
736759		59.0	Chrome	Windows	South Korea	POINT(126.9741 37.5112)	False	12.0	False
767016	F	38.0	Chrome	Windows	China	POINT(116.9969 32.6264)	True	11.0	False
hbdqpe	F	60.0	IE	Windows	Germany	POINT(8.2453 50.045)	True	15.5	False
qwd3ch	F	75.0	Chrome	Windows	United States	POINT(-97.822 37.751)	True	5.5	False
btom5o	M	47.0	Chrome	Windows	United States	POINT(-97.822 37.751)	True	12.0	False
575976	F	66.0	Chrome	Windows	Indonesia	POINT(106.8286 -6.175)	False	10.0	False
862458	M	17.0	IE	Windows	United States	POINT(-68.6334 45.0028)	False	18.0	False
801907	M	17.0	Chrome	Windows	United States	POINT(-97.822 37.751)	True	13.0	False
005100		72.0	Chrome	Windows	China	POINT(113.7266 34.7725)	False	12.0	False
qwwge7	F	73.0	Firefox	Windows	United States	POINT(-97.822 37.751)	True	13.5	True
564328	M		Safari	MacOS X	China	POINT(111.3167 23.4833)	False	22.0	False
732206	M	56.0	Safari	MacOS X	Japan	POINT(139.69 35.69)	False	10.5	False
xczgqc		55.0	Chrome	Windows	Germany	POINT(9.491 51.2993)	False	11.0	False
091847	F		Chrome	Windows			False	12.0	False
w99by7		54.0	Firefox	Windows	Egypt	POINT(31.223 30.0355)	True	11.666666666666666	False
8a27u6	F		Chrome	Windows	United Kingdom	POINT(-2.444 53.193)	False	15.0	False
nik897		75.0	Firefox	MacOS X	Chile	POINT(-72.4167 -35.3333)	True	12.0	False
sid1u9	F	25.0	Firefox	Windows	United States	POINT(-93.2481 36.669)	True	8.0	False
976951	F	24.0	Chrome	Windows	Poland	POINT(17.0532 51.1153)	False	7.0	False
102270	M	72.0	Chrome	MacOS X	United States	POINT(-82.8035 39.9551)	True	10.5	False
s58hen	M	29.0	Chrome	Windows	China	POINT(121.3997 31.0456)	True	16.0	False
160073	F	49.0	Chrome	MacOS X	United Kingdom	POINT(-0.6785 52.3637)	False	23.0	False
x3eczj	M	44.0	Chrome	Windows	Italy	POINT(12.1097 43.1479)	True	12.0	False
npo860	F	38.0	Chrome	Windows	United States	POINT(-97.822 37.751)	False	12.0	False
386307	F	39.0	Chrome	Windows	United States	POINT(-97.822 37.751)	False	10.5	False
m1h408	F		Chrome	Windows	Japan	POINT(139.69 35.69)	False	12.5	False
565122		60.0	Chrome	MacOS X	China	POINT(116.3883 39.9289)	True	12.75	False
967412	M	49.0	Firefox	Windows	Japan	POINT(137.15 35.0833)	False	11.0	False
6wnhpz	F	50.0	IE	Windows	United States	POINT(-84.1128 30.4651)	True	11.333333333333334	False
060927	F	47.0	Safari	MacOS X	United States	POINT(-118.244 34.0544)	False	10.0	False
085053	M	33.0	Chrome	MacOS X	United States	POINT(-85.124 32.4781)	True	7.333333333333333	False
490966	F		Chrome	Windows	United States	POINT(-96.8353 32.9322)	True	13.5	False
159202	F	60.0	Chrome	Windows	Indonesia	POINT(106.8286 -6.175)	False	14.0	False
016473			Chrome	Windows	United States	POINT(-97.822 37.751)	False	8.333333333333334	False
xtqbqu	M	31.0	Chrome	Windows	United Kingdom	POINT(-0.1224 51.4964)	False	9.0	False
349234		30.0	Chrome	Windows	Italy	POINT(11.2283 43.2803)	True	8.0	False
182946			Chrome	Windows	India	POINT(76.2833 9.9833)	False	7.0	False
dqw4a9	F	54.0	Safari	MacOS X	Brazil	POINT(-43.2775 -22.8751)	False	9.666666666666666	False
112998	M	68.0	Chrome	Windows	Netherlands	POINT(4.8995 52.3824)	False	14.0	False
v534lm	M	47.0	Chrome	MacOS X	United States	POINT(-97.822 37.751)	True	11.5	False
627y8t	F	71.0	Chrome	Windows	United States	POINT(-73.9858 40.7651)	False	9.0	False
160588	M		Chrome	Windows	United States	POINT(-77.4728 39.0481)	False	10.0	False
c6cl2t	M	45.0	Chrome	Windows	Brazil	POINT(-43.2192 -22.8305)	False	14.0	False
qxy2i3	F	45.0	Chrome	Linux	Brazil	POINT(-43.365 -22.7993)	True	7.0	False
773811	F	77.0	Chrome	Windows	Malaysia	POINT(102.2585 2.2218)	False	16.0	False
x3o85k	M	48.0	Chrome	MacOS X	Australia	POINT(151.0333 -33.85)	False	14.0	False
132539	M	46.0	Safari	MacOS X	United Kingdom	POINT(-0.1224 51.4964)	True	9.333333333333334	False
670077	F	45.0	Chrome	MacOS X	Canada	POINT(-79.3716 43.6319)	False	10.0	False
537155	M		Edge	Windows	United States	POINT(-97.822 37.751)	False	16.0	False
190676	F	51.0	Chrome	MacOS X	China	POINT(114.2734 30.5801)	True	10.6	False
254946	F	71.0	Safari	MacOS X	United States	POINT(-121.8914 37.3388)	False	17.0	False
5x2wyw	M	46.0	Chrome	Windows	United States	POINT(-112.0774 33.4511)	False	11.0	False
345131	F	23.0	Chrome	Windows	United States	POINT(-97.822 37.751)	True	10.0	False
nm5lfs	F	50.0	IE	Windows	Brazil	POINT(-40.2762 -14.5829)	False	13.0	False
346023		22.0	Firefox	Linux	United States	POINT(-85.5483 42.928)	True	9.0	False
syggzk	F	44.0	Firefox	Windows	Germany	POINT(9.491 51.2993)	True	10.333333333333334	False
ealo4s	F	27.0	Chrome	Windows	New Caledonia	POINT(166.4488 -22.2741)	False	11.0	False
194288	F	54.0	Chrome	MacOS X	United States	POINT(-90.3698 40.9521)	False	9.4	False
180996	F	47.0	Chrome	Windows	Germany	POINT(9.491 51.2993)	False	7.0	False
t4o7ca	F	17.0	Chrome	Linux	Hong Kong	POINT(114.15 22.2833)	False	7.0	False
jqaneq	M	69.0	Chrome	Windows	United States	POINT(-97.822 37.751)	False	9.666666666666666	False
943892	M	58.0	Chrome	MacOS X	United States	POINT(-97.822 37.751)	True	8.142857142857142	True
751447	M		Chrome	Windows	United States	POINT(-97.822 37.751)	False	14.0	False
402818	M		Chrome	Windows	Israel	POINT(34.9892 32.8156)	True	13.0	False
ud6shf	M	45.0	Firefox	Windows	Japan	POINT(139.69 35.69)	True	10.5	False
554203	F	41.0	Chrome	MacOS X	France	POINT(2.15 48.4333)	True	8.833333333333334	False
415252	M	42.0	Chrome	Windows	United States	POINT(-97.822 37.751)	True	14.0	False
571540	F	15.0	Firefox	Linux	Poland	POINT(21.0362 52.2394)	False	9.5	False
716041	F	21.0	IE	Windows	Brazil	POINT(-48.296 -16.0807)	True	13.333333333333334	False
739901	M	58.0	Chrome	Windows	United States	POINT(-97.822 37.751)	False	14.0	False
028478	F	27.0	Chrome	Linux	United Kingdom	POINT(-1.5047 52.3123)	False	16.0	False
nhnj4z	F	70.0	Chrome	MacOS X	United States	POINT(-97.822 37.751)	False	15.0	False
478624	M	48.0	Chrome	Windows	United States	POINT(-97.822 37.751)	False	12.0	False
111241	F		Chrome	Windows	United States	POINT(-97.822 37.751)	False	10.5	False
061327		16.0	Firefox	MacOS X	Ukraine	POINT(32.0621 49.4285)	False	15.0	False
754881	F	30.0	Chrome	Windows	India	POINT(77 20)	True	10.2	False
d2ca5u	M	69.0	Firefox	Windows	India	POINT(77 20)	False	15.0	False
064909	F	19.0	Safari	MacOS X	Belgium	POINT(4.35 50.85)	False	8.0	False
481734	F	35.0	Safari	MacOS X		POINT(0 0)	False	13.0	False
453671	M	33.0	Chrome	MacOS X	India	POINT(72.6167 23.0333)	False	17.0	False
493572		53.0	Chrome	Windows	India	POINT(77 20)	False	6.666666666666667	False
waoxz8	F	73.0	Chrome	Windows	Australia	POINT(143.2104 -33.494)	False	11.0	False
956016		58.0	Chrome	Windows	Spain	POINT(2.159 41.3888)	False	7.8	True
kh1dxb		62.0	Chrome	MacOS X	France	POINT(2.3387 48.8582)	False	9.0	False
510274			Chrome	Windows	United States	POINT(-97.822 37.751)	False	14.0	False
ymagqv	M	55.0	Chrome	MacOS X	United States	POINT(-97.822 37.751)	False	23.0	False
3u82ng	F		Safari	MacOS X	Brazil	POINT(-48.6566 -19.6926)	False	10.0	False
688983	F	42.0	Chrome	Windows	Spain	POINT(-4.5241 42.0096)	True	10.666666666666666	False
304878	M	60.0	Chrome	Windows			False	9.75	True
751614	F	53.0	Chrome	Windows	United States	POINT(-86.2123 39.8682)	False	12.0	False
614322	M	59.0	Chrome	Windows	Germany	POINT(7.85 48)	True	8.6	False
490953	F	66.0	Chrome	Windows	United States	POINT(-97.822 37.751)	False	7.0	False
716bv7	M	71.0	Chrome	MacOS X	United States	POINT(-97.822 37.751)	True	11.0	False
454317	M	69.0	Chrome	Windows	China	POINT(117.1767 39.1422)	False	7.0	False
010839	F	26.0	Chrome	Windows	France	POINT(2.3387 48.8582)	False	20.0	False
296966		65.0	Chrome	Windows	United States	POINT(-80.9568 35.2072)	False	15.0	False
3izw2p		39.0	Firefox	Windows	United States	POINT(-97.822 37.751)	False	7.0	False
hr1igq			Chrome	Windows	United States	POINT(-97.822 37.751)	True	11.25	False
630209	F	60.0	Firefox	Windows	Ukraine	POINT(30.5167 50.4333)	True	9.0	True
k0batl	M	57.0	Chrome	MacOS X	United States	POINT(-97.822 37.751)	False	11.0	False
604230	F	46.0	Chrome	MacOS X	Japan	POINT(137.3833 34.7833)	False	9.75	False
295859	M	44.0	Safari	MacOS X	United States	POINT(-97.822 37.751)	False	10.0	False
820559	M	19.0	Chrome	Windows	Japan	POINT(139.69 35.69)	False	7.0	False
5d1q61	M	73.0	Safari	MacOS X	United States	POINT(-97.822 37.751)	False	11.0	False
lso9lt	F	59.0	Chrome	MacOS X	Philippines	POINT(120.9721 14.5955)	False	13.5	False
460401	M	50.0	Firefox	Windows	United States	POINT(-97.822 37.751)	False	13.0	False
797693	F	65.0	Chrome	Windows	Japan	POINT(139.69 35.69)	True	10.0	True
621834	F	23.0	Chrome	Windows	Sweden	POINT(18.056 59.3247)	True	9.666666666666666	False
5e1tyw	M	32.0	Chrome	MacOS X	United States	POINT(-97.822 37.751)	True	12.0	False
641295	F	70.0	Chrome	Windows	Japan	POINT(139.6837 35.7068)	True	12.2	False
721851		58.0	Chrome	Windows	United States	POINT(-97.822 37.751)	False	12.5	False
694594	F	20.0	Chrome	Windows	United States	POINT(-97.822 37.751)	False	20.0	False
076949	M	42.0	Chrome	Windows	Brazil	POINT(-44.2795 -19.4363)	True	12.75	False
voc4uj	F	75.0	Chrome	Windows	Germany	POINT(9.491 51.2993)	True	11.333333333333334	False
276074	M	47.0	Chrome	Windows	United States	POINT(-97.822 37.751)	False	14.666666666666666	False
736925	F	36.0	Safari	MacOS X	Ukraine	POINT(33.5224 44.5888)	False	16.0	False
680457	F	73.0	Chrome	Windows	United States	POINT(-77.4728 39.0481)	False	11.0	False
441495	F	65.0	Firefox	MacOS X	Palestine	POINT(35.2 31.9)	False	12.0	False
481306	F	29.0	Chrome	MacOS X	China	POINT(113.444 29.4718)	True	7.5	False
365311	M	33.0	Firefox	Linux	United Kingdom	POINT(-0.1224 51.4964)	True	13.0	False
sdvw9m	F	35.0	Chrome	Windows	Japan	POINT(139.69 35.69)	True	11.333333333333334	False
q8q4ye	M	19.0	Firefox	Windows	United States	POINT(-97.822 37.751)	True	15.0	False
846789		59.0	Chrome	Windows	Italy	POINT(12.1097 43.1479)	False	8.75	False
074460	F	46.0	Chrome	Windows	Brazil	POINT(-43.2192 -22.8305)	True	14.0	False
606598	F	67.0	Safari	MacOS X	Slovenia	POINT(14.2258 45.9144)	True	9.666666666666666	False
578614	F	35.0	Firefox	Windows			False	9.0	False
159627		51.0	Chrome	Windows	Taiwan	POINT(121 23.5)	True	8.5	False
579157	M	21.0	Chrome	Windows	Indonesia	POINT(106.8286 -6.175)	False	11.0	False
qgd23u	F	63.0	Safari	MacOS X	United States	POINT(-97.822 37.751)	False	8.5	False
orz8fs	M	65.0	Chrome	Windows	United States	POINT(-97.822 37.751)	True	12.0	False
828252	M		Firefox	Windows	Argentina	POINT(-59.55 -32.4)	False	11.75	True
p4hyy9	M	31.0	Chrome	Windows	Norway	POINT(10.75 59.95)	True	13.5	False
0i33tz	M	27.0	Edge	Windows	United States	POINT(-97.822 37.751)	False	10.0	False
920401	F	59.0	Chrome	Windows	Japan	POINT(139.69 35.69)	False	10.0	False
fu0rf9		34.0	Safari	MacOS X	United States	POINT(-122.3235 47.1037)	True	11.75	False
nxlvu7	M	47.0	Chrome	Windows	United States	POINT(-97.822 37.751)	True	12.0	False
081562	M	64.0	Chrome	Windows	United States	POINT(-97.822 37.751)	False	10.666666666666666	False
qbqslq	M	37.0	Safari	MacOS X	United States	POINT(-97.822 37.751)	True	12.333333333333334	False
tqkzwi	F	75.0	Chrome	MacOS X	China	POINT(113.7266 34.7725)	True	10.5	False
8ythge		57.0	Chrome	MacOS X	Mexico	POINT(-92.253 14.9368)	False	14.0	False
quwydr		52.0	Chrome	Windows	Vietnam	POINT(105.85 21.0333)	False	14.0	False
pyvzrd		71.0	Chrome	Windows	United States	POINT(-97.822 37.751)	False	14.0	False
476903	M	59.0	Chrome	MacOS X	South Korea	POINT(126.9741 37.5112)	False	9.0	False
137346	M	45.0	Firefox	Windows	United States	POINT(-97.822 37.751)	True	13.75	False
prrt6t	M		Chrome	MacOS X	China	POINT(121.4331 28.6627)	True	13.0	False
911871	M	60.0	Chrome	Windows	Poland	POINT(21.0362 52.2394)	False	12.0	False
044nxo	M	57.0	Chrome	MacOS X	China	POINT(113.25 23.1167)	True	9.5	False
772417	F	23.0	Firefox	MacOS X	Netherlands	POINT(4.8995 52.3824)	False	10.0	False
999768	F	44.0	Chrome	MacOS X	United States	POINT(-97.822 37.751)	True	8.428571428571429	True
184256	F	68.0	Chrome	Windows	Sweden	POINT(11.9424 58.3478)	False	5.5	False
wm5eqh	F	70.0	Chrome	MacOS X	Iran	POINT(51.4231 35.6961)	True	11.0	False
183582	F	50.0	Chrome	Windows	United States	POINT(-97.822 37.751)	False	8.25	False
cm8610	M		Safari	MacOS X	Egypt	POINT(31.223 30.0355)	False	16.0	False
i7i7xb	F		Firefox	Windows	Japan	POINT(139.6472 35.8598)	False	11.666666666666666	False
283985	F	29.0	Chrome	Windows	Brazil	POINT(-44.9162 -20.1169)	True	8.857142857142858	False
256ysk		25.0	Safari	MacOS X	United States	POINT(-97.822 37.751)	False	7.0	False
338158	F	16.0	Chrome	Windows	Turkey	POINT(29.9833 39.4242)	False	3.0	False
810517		23.0	Chrome	Windows	Ukraine	POINT(24.0232 49.8383)	True	8.0	False
pq6146	F	25.0	Chrome	Windows	China	POINT(113.7167 23.0333)	True	11.0	False
1789a2	F	76.0	Chrome	MacOS X	United States	POINT(-97.822 37.751)	True	12.333333333333334	False
178095	F	24.0	Chrome	Windows	Pakistan	POINT(67.0822 24.9056)	True	11.0	False
444364	M	24.0	Chrome	Windows		POINT(8 47)	False	13.0	False
824821	M	30.0	Chrome	Windows	Chile	POINT(-70.6503 -33.4378)	False	10.0	False
062752	M	61.0	Safari	MacOS X	Hong Kong	POINT(114.1667 22.25)	False	9.5	False
492482	M	67.0	IE	Windows	United States	POINT(-97.822 37.751)	False	13.5	True
660119	F	53.0	Firefox	Windows	United States	POINT(-71.1042 42.3647)	False	8.75	False
262928	M	55.0	Chrome	Linux	Romania	POINT(26.1 44.4333)	True	11.75	False
w80rdk	F	53.0	Chrome	Windows	Norway	POINT(10.7461 59.9127)	False	13.0	False
7rk4mo	F	18.0	Safari	MacOS X	Argentina	POINT(-64.1833 -31.4)	False	16.0	False
jzdp1a	F	71.0	Chrome	MacOS X	United States	POINT(-97.7166 30.2638)	True	15.0	False
873069		19.0	Safari	MacOS X	Japan	POINT(139.5761 35.6405)	False	11.0	False
gvxv24	F		Chrome	Windows	China	POINT(113.7266 34.7725)	False	12.5	False
u1yys1	M		Chrome	Windows			True	13.0	False
105246		70.0	Chrome	Windows	United States	POINT(-88.7548 41.9008)	False	7.5	False
090506	F	48.0	Safari	MacOS X	Indonesia	POINT(106.8286 -6.175)	False	14.5	False
351408	M	55.0	Chrome	MacOS X	India	POINT(77 20)	True	11.8	True
6k308t		19.0	Chrome	Windows	China	POINT(125.3228 43.88)	True	13.0	False
451687	M	23.0	Chrome	Windows	United States	POINT(-122.3129 47.5413)	False	9.5	False
jb4ce9	F	43.0	Chrome	Windows	Poland	POINT(21.0362 52.2394)	False	11.5	False
2rjt04	M	21.0	IE	Windows	Austria	POINT(16.3667 48.2)	True	16.0	False
53buqu	F	34.0	Chrome	Linux	United States	POINT(-97.822 37.751)	True	12.0	False
612298	M	56.0	Chrome	Windows	United States	POINT(-81.0492 32.0543)	False	8.666666666666666	False
357322	M	44.0	Chrome	Windows	Australia	POINT(153.05 -27.5833)	True	8.0	True
beszs0	M	50.0	Chrome	Windows	Germany	POINT(7.003 50.994)	False	11.333333333333334	False
tsp29g	M	26.0	Firefox	Windows	Netherlands	POINT(5.1342 52.0904)	False	18.0	False
0et6wt	F	23.0	Chrome	Windows	United States	POINT(-118.4525 33.9779)	True	21.0	False
pjh7co	F		Chrome	Windows	United States	POINT(-97.822 37.751)	False	10.666666666666666	False
416522	F		Chrome	Windows	United Kingdom	POINT(-4.3057 55.8708)	True	13.5	False
038040	F	68.0	Chrome	Windows	United States	POINT(-97.822 37.751)	False	11.0	False
478113	F	20.0	Firefox	MacOS X	Sweden	POINT(19.1667 63.3333)	True	11.0	False
783920	M	29.0	Firefox	Windows	United States	POINT(-97.822 37.751)	True	10.333333333333334	False
362395	F	74.0	Firefox	Windows	Brazil	POINT(-53.9713 -31.2639)	True	11.666666666666666	False
423381	M	32.0	Chrome	Windows	Japan	POINT(139.69 35.69)	False	10.0	False
112250	M	34.0	Chrome	Linux	Singapore	POINT(103.8558 1.2931)	False	9.0	False
206678	M		Chrome	Windows	Argentina	POINT(-58.3817 -34.6033)	False	12.0	False
212920	F	40.0	Chrome	Windows	Italy	POINT(10.9844 45.4299)	False	16.0	False
p0pjwj	F		Firefox	Windows	United States	POINT(-97.822 37.751)	False	6.5	False
362134	M	66.0	Chrome	Windows	China	POINT(113.7266 34.7725)	False	8.0	True
167097	M	25.0	Chrome	Windows	Dominican Republic	POINT(-70.6667 19)	False	18.0	False
xtmdw9	F	52.0	Chrome	Windows	Japan	POINT(139.69 35.69)	False	11.0	False
191079	M	63.0	Chrome	Windows	South Korea	POINT(126.9741 37.5112)	False	9.0	False
009910	F	62.0	Chrome	Windows	United States	POINT(-97.822 37.751)	True	7.8	False
ywdb39	F	69.0	Chrome	Windows	Italy	POINT(12.1097 43.1479)	False	8.0	False
208951	M	46.0	Safari	MacOS X	Algeria	POINT(8.1242 35.4042)	False	14.0	False
639022	M		Chrome	Windows	Mozambique	POINT(32.5892 -25.9653)	True	11.4	True
574367	F		Chrome	Windows	United States	POINT(-97.822 37.751)	True	13.0	False
57q9w1	M	20.0	Chrome	Windows	Japan	POINT(139.69 35.69)	False	20.0	False
lga2b4	M	27.0	Chrome	MacOS X			True	16.0	False
065414	M	42.0	Chrome	MacOS X	Taiwan	POINT(121.6044 23.9769)	True	10.5	False
i4mr0m	M	73.0	Chrome	Windows	Iraq	POINT(44 33)	False	10.5	False
694099		43.0	Chrome	Windows	Germany	POINT(9.9198 53.592)	False	11.5	False
880514	M		Chrome	Windows	United States	POINT(-104.8447 39.4895)	True	11.0	False
558035	M	25.0	Safari	MacOS X	United States	POINT(-119.7143 45.8491)	False	9.0	False
mo1zi2	M	67.0	Firefox	Linux	United States	POINT(-97.822 37.751)	False	14.0	False
098675	F		Chrome	Windows	France	POINT(2.3292 48.8628)	True	8.75	True
273800	M	23.0	Firefox	Linux	Ivory Coast	POINT(-5 8)	False	17.0	False
760109	M	60.0	Chrome	Windows	China	POINT(112.5328 32.9947)	False	10.333333333333334	False
636457	F	37.0	Firefox	MacOS X	Taiwan	POINT(121 23.5)	True	9.6	False
h6md3w	M	71.0	Chrome	Windows	United States	POINT(-118.244 34.0544)	True	8.0	False
570911	M	47.0	Chrome	Windows	Germany	POINT(9.491 51.2993)	False	8.0	False
817547	M	63.0	Chrome	Windows	Denmark	POINT(12.0564 55.7123)	False	15.5	False
396794	F	53.0	Chrome	Windows	United States	POINT(-97.822 37.751)	True	10.6	True
897264	F		Chrome	Windows	Romania	POINT(25.9489 44.5614)	False	13.333333333333334	True
167734	M	64.0	Chrome	Windows	Argentina	POINT(-58.8333 -27.4667)	False	9.333333333333334	False
f4lko4	M		Chrome	Windows	United States	POINT(-97.822 37.751)	False	16.0	False
253896	M	26.0	Chrome	Windows	United States	POINT(-97.822 37.751)	True	11.5	False
tm8sl5		69.0	Chrome	Windows	Norway	POINT(10.8667 60.0833)	False	11.0	True
4qi6td	F	60.0	Edge	Windows	United States	POINT(-97.822 37.751)	True	9.0	False
yzyvd5		52.0	IE	Windows	United States	POINT(-97.822 37.751)	False	12.0	False
131951	M	24.0	Chrome	Windows	United States	POINT(-97.822 37.751)	False	13.0	False
025714	F	56.0	Chrome	Windows	Hungary	POINT(18.2068 46.0967)	False	10.0	False
xk89bw	M	71.0	Chrome	Windows	United States	POINT(-97.822 37.751)	False	8.0	False
253942	M	71.0	Safari	MacOS X	United States	POINT(-97.822 37.751)	False	10.333333333333334	False
279650	M	52.0	Firefox	Windows	Germany	POINT(10.1691 53.5893)	False	13.0	False
960405	F	46.0	Safari	MacOS X	China	POINT(106.5528 29.5628)	True	11.8	False
569694	M		Firefox	Windows	United States	POINT(-94.8013 47.572)	True	11.0	False
fsmwyv	M	78.0	Chrome	MacOS X	China	POINT(113.7266 34.7725)	False	13.0	False
667800	M		Safari	MacOS X	Germany	POINT(9.491 51.2993)	True	10.0	False
lwfszl	M	53.0	Chrome	Windows	Germany	POINT(9.491 51.2993)	True	13.5	False
517057	F	31.0	Firefox	Linux	United States	POINT(-97.822 37.751)	False	7.0	False
lelku6	F	65.0	Chrome	MacOS X	South Korea	POINT(126.9741 37.5112)	False	9.0	False
007955	F	71.0	Chrome	Windows	United States	POINT(-97.822 37.751)	False	13.0	False
879169	M	36.0	Chrome	Windows	Mexico	POINT(-99.0111 19.4371)	False	7.0	False
463450	M	55.0	Chrome	Windows			True	11.0	False
751922	F	55.0	Chrome	MacOS X	United States	POINT(-97.822 37.751)	False	8.0	False
760379		33.0	Firefox	Windows	Liberia	POINT(-10.8047 6.3106)	False	14.0	False
i9l501	M		Chrome	Windows	China	POINT(120.3719 36.0986)	True	14.0	False
352641	F	61.0	Chrome	MacOS X	France	POINT(4.1374 48.0592)	True	12.2	True
122700	M	73.0	Safari	MacOS X	Slovenia	POINT(15 46)	False	12.0	False
jsnmpj	F	68.0	Chrome	Windows	United States	POINT(-73.1409 40.9257)	True	10.333333333333334	False
435509		58.0	Chrome	Windows	South Korea	POINT(126.9741 37.5112)	False	14.0	False
035814	F	34.0	Chrome	Windows	United States	POINT(-97.822 37.751)	False	10.0	False
463199		48.0	Chrome	Windows	Germany	POINT(9.491 51.2993)	True	9.428571428571429	False
113107	M	55.0	Chrome	Windows	United States	POINT(-72.4464 42.1245)	False	11.0	False
294400	M	38.0	Chrome	MacOS X	United States	POINT(-97.822 37.751)	True	11.2	False
584970	M	61.0	Chrome	Windows	Egypt	POINT(31.223 30.0355)	False	15.0	False
856539	F	32.0	Chrome	Windows	Argentina	POINT(-63.25 -32.4167)	False	12.333333333333334	False
820452		51.0	Chrome	MacOS X	United States	POINT(-97.822 37.751)	True	12.0	False
307474	M	40.0	Chrome	Linux	United Kingdom	POINT(-0.1224 51.4964)	True	9.142857142857142	False
196268	F	47.0	Chrome	Windows	United States	POINT(-97.822 37.751)	True	12.333333333333334	False
871794	M	46.0	Chrome	Windows	Germany	POINT(9.491 51.2993)	True	8.2	True
zh19tu	M	38.0	Chrome	Windows	Germany	POINT(9.491 51.2993)	False	15.0	False
pmyran	F	45.0	Firefox	Windows	United Kingdom	POINT(-1.1027 53.5334)	True	14.0	False
rmrpag		64.0	Chrome	MacOS X	United States	POINT(-97.822 37.751)	True	15.5	False
l6sxbr	M	25.0	Chrome	Windows	United States	POINT(-97.822 37.751)	True	11.0	False
618073	F	68.0	Chrome	Windows	United States	POINT(-97.822 37.751)	True	8.333333333333334	False
161103	F	64.0	Edge	Windows	China	POINT(116.3883 39.9289)	False	13.0	False
069665	F	28.0	IE	Windows	United States	POINT(-121.4922 38.5804)	True	11.5	False
035048	M	35.0	Safari	MacOS X	United States	POINT(-97.822 37.751)	True	9.0	False
fj99z5	F	49.0	Chrome	Windows	Brazil	POINT(-46.635 -23.627)	True	14.5	False
efnwv2	F		IE	Windows	Hong Kong	POINT(114.1667 22.25)	False	9.0	False
794070	F	36.0	Chrome	MacOS X	United States	POINT(-84.4455 42.0484)	False	10.0	False
926626	F	24.0	Safari	MacOS X	Austria	POINT(16.3667 48.2)	False	15.0	False
k436ye	M	59.0	Chrome	Windows	Germany	POINT(9.491 51.2993)	False	11.5	False
288232	M	71.0	Chrome	Windows	Brazil	POINT(-46.4466 -23.6636)	False	13.0	False
177167	M	38.0	Chrome	MacOS X	Canada	POINT(-76.1974 45.2289)	False	16.0	False
206778	F	66.0	Chrome	MacOS X	United States	POINT(-97.822 37.751)	False	12.666666666666666	True
144570	M	40.0	Chrome	Windows	France	POINT(1.4437 43.6043)	False	10.0	False
391576	F	35.0	Safari	MacOS X	Italy	POINT(12.1097 43.1479)	False	7.285714285714286	True
555115	M	47.0	Firefox	Windows	South Africa	POINT(24 -29)	False	17.5	False
vjfwqb	M	75.0	Chrome	Windows	South Korea	POINT(126.9783 37.5985)	True	16.0	False
wy37pl	F		Firefox	Windows	Germany	POINT(9.491 51.2993)	False	17.0	False
333317	F	49.0	Chrome	Windows	South Africa	POINT(24 -29)	True	8.0	False
xadrf5	F	70.0	Chrome	MacOS X	Italy	POINT(14.7933 40.6755)	True	17.5	False
102991	F	70.0	Firefox	Windows	United States	POINT(-97.822 37.751)	False	7.0	False
500847	M	44.0	Chrome	Windows	United Kingdom	POINT(-2 51.9833)	False	8.25	False
062120		28.0	Chrome	MacOS X		POINT(0 0)	True	12.0	False
zd373c	M	72.0	Chrome	Windows	China	POINT(118.8686 28.9594)	True	11.0	False
934850	F	54.0	Chrome	MacOS X	Iran	POINT(51.4231 35.6961)	True	11.0	False
313030	F	37.0	Chrome	Windows	Croatia	POINT(15.5 45.1667)	False	11.0	False
855281	M	69.0	Chrome	Windows	France	POINT(1.7929 48.9899)	True	13.25	False
113433	M	41.0	Chrome	Windows	China	POINT(113.7266 34.7725)	False	10.0	False
200515	F	51.0	Chrome	Windows	United States	POINT(-96.9057 32.7319)	False	17.0	False
789469	M	52.0	Chrome	Windows	Germany	POINT(9.491 51.2993)	False	13.0	False
wjvg5l	M	48.0	Chrome	Windows	United States	POINT(-97.822 37.751)	False	5.0	False
297061		24.0	Chrome	MacOS X	United States	POINT(-157.9269 21.3532)	False	17.0	False
536448	M	41.0	Chrome	Windows	China	POINT(113.0333 23.7)	False	10.333333333333334	False
525980	M	52.0	Chrome	MacOS X	Poland	POINT(21 52.25)	True	11.2	False
740102	F	41.0	Chrome	Windows	United States	POINT(-83.0271 42.3524)	False	15.0	False
njxfmd	M	57.0	Chrome	Windows	United States	POINT(-70.5671 41.5968)	False	9.0	False
4izr1z	F	27.0	Chrome	Windows	United States	POINT(-97.822 37.751)	True	11.333333333333334	False
s4yhhh	M	24.0	Chrome	Windows	United Kingdom	POINT(-0.1224 51.4964)	False	13.0	False
678582	M	33.0	Firefox	Windows	United States	POINT(-88.7429 42.8272)	False	11.5	False
185902	M	40.0	Chrome	Windows	China	POINT(113.5325 34.6836)	True	10.0	False
631306	F	49.0	Chrome	Windows	Kuwait	POINT(47.9783 29.3697)	False	12.0	False
103700	F	24.0	Chrome	Windows	Canada	POINT(-79.3716 43.6319)	True	10.2	False
wsxw1v	M	38.0	Chrome	MacOS X	South Africa	POINT(28.0583 -26.2309)	True	9.0	False
063808	M	41.0	Chrome	Windows	Canada	POINT(-79.3716 43.6319)	False	9.0	False
2cejx2	F	46.0	Chrome	Windows	China	POINT(120.3719 36.0986)	True	11.666666666666666	False
825623	F	43.0	Chrome	Windows	Norway	POINT(10.75 59.95)	False	11.25	False
25l6iw	F	58.0	Firefox	Windows	United States	POINT(-97.822 37.751)	False	11.5	False
lnao29	M	33.0	Chrome	Windows	Hong Kong	POINT(114.1667 22.25)	False	17.0	False
974864	M		Firefox	Windows	United States	POINT(-72.9664 41.3293)	False	11.0	False
0xeb87	M	62.0	Firefox	Windows	United States	POINT(-97.822 37.751)	False	19.0	False
807388	M	74.0	Chrome	MacOS X	France	POINT(6.45 48.1833)	True	10.5	False
317455	M	41.0	Firefox	Windows	Japan	POINT(139.69 35.69)	False	14.0	False
517213	F	24.0	Chrome	Windows	United States	POINT(-97.822 37.751)	False	12.5	False
2a1ot7	F	62.0	Chrome	Windows	United States	POINT(-83.0235 39.9653)	True	12.0	False
366771	F	49.0	Chrome	Windows	United States	POINT(-87.6873 41.8805)	False	10.0	False
hcav2l		71.0	Safari	MacOS X	Brazil	POINT(-43.3307 -22.9201)	True	13.5	False
619662		43.0	Chrome	Windows	United States	POINT(-82.8726 40.0347)	False	12.0	False
773175	F	19.0	Chrome	MacOS X	Netherlands	POINT(4.8995 52.3824)	True	12.0	False
055833	F	60.0	Chrome	Windows	United States	POINT(-98.4967 29.6562)	False	11.0	False
167575	F	58.0	Chrome	Linux	China	POINT(117.1571 34.1805)	False	9.833333333333334	False
292644	F	41.0	Safari	MacOS X	Switzerland	POINT(8.1551 47.1449)	False	11.5	False
934795	F	68.0	Chrome	MacOS X	United States	POINT(-97.822 37.751)	True	9.75	False
796428	M	57.0	Chrome	Windows	Japan	POINT(136.2055 36.0923)	False	10.333333333333334	False
obmbi4	M		Chrome	Windows	Germany	POINT(11.0699 47.8047)	False	16.0	False
222943	F	50.0	Chrome	Linux	South Korea	POINT(126.9741 37.5112)	False	11.5	False
512327	M	30.0	Chrome	MacOS X	Japan	POINT(139.69 35.69)	True	9.125	True
379297	F	37.0	Chrome	Windows	Ivory Coast	POINT(-4.0127 5.3097)	False	9.0	False
238834	M	64.0	Chrome	Windows	United States	POINT(-90.9705 30.5984)	False	10.5	False
887986	F	39.0	Safari	MacOS X	United States	POINT(-97.822 37.751)	False	9.0	False
0iv9r2	M	73.0	Chrome	Windows	Japan	POINT(141.1555 38.338)	False	10.0	False
740289	F	28.0	Chrome	Windows	United States	POINT(-97.822 37.751)	True	16.0	False
324835	M	53.0	Chrome	Linux	United States	POINT(-80.3757 27.6898)	False	8.0	False
545119	M	30.0	Chrome	MacOS X	Japan	POINT(139.69 35.69)	True	15.0	False
275463	M	56.0	Safari	MacOS X	China	POINT(119.4358 32.3972)	False	11.5	False
482523	F	61.0	Chrome	Windows	Egypt	POINT(31.223 30.0355)	False	9.333333333333334	True
e5vhr2	F	71.0	Chrome	Windows	United States	POINT(-97.822 37.751)	False	10.0	True
572447	M		Firefox	Linux	Italy	POINT(12.1097 43.1479)	False	7.142857142857143	True
314533	F	71.0	Chrome	Windows	United States	POINT(-97.822 37.751)	False	13.5	False
832834	M		Chrome	Linux	United States	POINT(-97.822 37.751)	False	14.0	False
907664	M	53.0	Chrome	MacOS X	Canada	POINT(-79.3716 43.6319)	True	9.857142857142858	True
w27yjn		54.0	Chrome	Linux	United States	POINT(-79.9229 39.5953)	False	12.5	False
546770	F	47.0	Chrome	Windows	United States	POINT(-97.822 37.751)	True	10.4	True
q4pziy	F	40.0	Firefox	Windows	France	POINT(2.3387 48.8582)	False	11.0	False
564133	F	27.0	Chrome	MacOS X	Italy	POINT(12.0414 44.2218)	True	6.0	False
409679	M	51.0	IE	Windows	Austria	POINT(16.3667 48.2)	True	6.538461538461538	True
931327	F	57.0	Chrome	MacOS X	Australia	POINT(143.2104 -33.494)	False	7.0	False
x2re38	F	51.0	Chrome	Windows	China	POINT(121.3997 31.0456)	False	12.666666666666666	True
025281	M	58.0	Firefox	Windows	Greece	POINT(21.7344 38.2444)	True	11.5	False
600082	F		Edge	Windows	Japan	POINT(139.7514 35.685)	False	11.5	False
041619	M	21.0	Chrome	Windows	China	POINT(103.7922 36.0564)	False	11.0	False
1w1fme		70.0	Firefox	Windows	United Kingdom	POINT(-0.1224 51.4964)	True	11.666666666666666	False
318585	F	53.0	Chrome	Windows	Spain	POINT(-3.684 40.4172)	True	10.0	True
379379	F	51.0	Firefox	Windows	United States	POINT(-77.3418 38.9615)	False	15.333333333333334	False
329209	M	50.0	Chrome	Windows	Mexico	POINT(-110.9773 29.1026)	False	10.25	True
669290		60.0	Chrome	MacOS X	United States	POINT(-122.0862 37.3547)	True	10.75	False
976992	M	21.0	Firefox	MacOS X	China	POINT(113.7266 34.7725)	False	5.0	False
652999	F	31.0	Chrome	MacOS X	United States	POINT(-97.822 37.751)	False	11.666666666666666	False
047168	F	55.0	Chrome	Windows	Italy	POINT(12.1097 43.1479)	False	10.25	True
813234		20.0	Chrome	Windows	Portugal	POINT(-8.4884 41.5395)	True	10.0	False
867868	F	31.0	Chrome	MacOS X	Canada	POINT(-113.2667 54.7167)	False	14.5	False
cayo5g	F		Chrome	Windows	United Kingdom	POINT(0.1394 51.4629)	True	13.5	False
369907	F	61.0	Chrome	Windows	China	POINT(106.5528 29.5628)	False	7.0	False
742948		70.0	Chrome	Windows	Germany	POINT(9.491 51.2993)	False	12.0	False
qvmrgj	F	36.0	Firefox	Windows	China	POINT(120.1614 30.2936)	False	17.0	False
319003	F	31.0	Chrome	Windows	Switzerland	POINT(8.1551 47.1449)	False	10.0	False
rso4fy	F		Firefox	Windows	United States	POINT(-97.822 37.751)	False	11.0	False
0cmt0r	F	38.0	Chrome	Windows	Colombia	POINT(-74.0758 4.5981)	True	12.333333333333334	False
5t39ad	M	44.0	Chrome	MacOS X	Israel	POINT(34.8386 31.8539)	True	8.5	False
774988	M		Chrome	MacOS X	South Korea	POINT(126.9741 37.5112)	False	10.75	False
508008	M	46.0	Firefox	Linux	Australia	POINT(143.2104 -33.494)	False	9.75	True
312502	F	29.0	Chrome	Windows	United States	POINT(-97.822 37.751)	False	10.5	False
418749	M	23.0	Chrome	Windows	United States	POINT(-97.822 37.751)	False	8.0	False
s00gvz		21.0	Chrome	Windows	Turkey	POINT(28.9948 41.0214)	False	18.0	False
900652	M	66.0	Chrome	Windows	Argentina	POINT(-68.8167 -32.8833)	False	10.0	False
8acefa		55.0	Safari	MacOS X	South Korea	POINT(126.9278 37.6185)	False	14.0	False
syti54	M		Chrome	Windows	United States	POINT(-97.822 37.751)	False	12.5	False
i7746o	M	48.0	Chrome	Windows	United Kingdom	POINT(-4.2328 57.4833)	False	16.0	False
i7baeu		57.0	Chrome	Windows	Italy	POINT(13.8347 42.8272)	False	7.0	False
uyo56q	M	60.0	Chrome	MacOS X	China	POINT(113.25 23.1167)	True	11.666666666666666	True
460684		53.0	Firefox	Linux	Italy	POINT(9.1895 45.4643)	False	13.0	False
037240	F	24.0	Chrome	MacOS X	Hungary	POINT(19.0833 47.5)	False	14.0	False
0l95ic	F	52.0	Edge	Windows	United Kingdom	POINT(-2.5966 51.4552)	False	16.0	False
761299	M	31.0	Chrome	Windows	United States	POINT(-97.822 37.751)	False	13.0	False
765656	F	18.0	Chrome	MacOS X	United States	POINT(-87.9779 43.7526)	True	19.0	False
w8dah7	F	32.0	Chrome	Windows	Ireland	POINT(-6.6814 53.6528)	False	9.0	False
742744	F	25.0	Firefox	Windows	Switzerland	POINT(8.1551 47.1449)	False	10.0	False
1pjr5x	F	66.0	Chrome	MacOS X	China	POINT(116.3889 39.9288)	False	9.5	False
758059	F	57.0	Chrome	MacOS X	Australia	POINT(143.2104 -33.494)	False	15.0	False
191639	F	45.0	IE	Windows	Germany	POINT(9.491 51.2993)	False	9.0	False
695177	F		Safari	MacOS X	United States	POINT(-73.9745 40.8503)	True	11.666666666666666	False
242654	F	52.0	Chrome	Windows	China	POINT(118.5858 24.9139)	True	7.8	True
rp0xz6	F	54.0	Safari	MacOS X	United States	POINT(-75.4645 40.5891)	True	8.0	True
240671	F	16.0	Firefox	Windows	China	POINT(104.0667 30.6667)	False	5.0	False
674291	M	29.0	Firefox	Linux	China	POINT(113.1315 23.0268)	True	13.0	False
634030	F	67.0	Chrome	Windows	United States	POINT(-88.1009 30.6729)	True	9.8	True
5mj2dy	F	77.0	Firefox	Windows	United States	POINT(-97.822 37.751)	True	5.0	False
913877		46.0	Chrome	Windows	China	POINT(112.4708 37.7269)	False	11.0	False
753710	F		Chrome	Windows	Germany	POINT(10.5233 52.2647)	False	9.0	False
839037	M	51.0	Chrome	Windows	United States	POINT(-97.822 37.751)	True	10.75	False
052814	M		Chrome	Windows	Germany	POINT(9.491 51.2993)	True	8.0	True
248417	F	59.0	IE	Windows	China	POINT(116.3883 39.9289)	True	12.2	False
656493	F	36.0	Chrome	Windows	United States	POINT(-97.822 37.751)	True	11.25	False
987838			Chrome	Windows	Italy	POINT(11.3387 44.4938)	True	13.0	False
fjskv6	M		Safari	MacOS X	Colombia	POINT(-74.199 11.2408)	True	10.0	False
860980	M	75.0	Chrome	Windows	France	POINT(2.3387 48.8582)	True	11.0	False
887528	F	31.0	Chrome	Windows	Australia	POINT(151.1562 -33.8834)	False	15.0	False
msmyps	M	17.0	Chrome	MacOS X	Colombia	POINT(-76.6132 2.4382)	False	19.0	False
019747	F	32.0	Chrome	Windows	United States	POINT(-97.822 37.751)	False	9.0	False
106629	M	31.0	Chrome	Windows	South Korea	POINT(126.9741 37.5112)	False	16.0	False
662921	F	41.0	Chrome	Windows	Japan	POINT(139.69 35.69)	False	16.0	False
352319	F		Firefox	Windows	Argentina	POINT(-58.3817 -34.6033)	False	14.0	False
826211	M		Firefox	Windows	United States	POINT(-97.822 37.751)	True	15.0	False
422639	M	15.0	Chrome	Windows	United States	POINT(-97.822 37.751)	False	15.5	False
pmwi0e	F	20.0	Chrome	MacOS X	United States	POINT(-118.244 34.0544)	True	15.0	False
627030	M	32.0	Chrome	Windows	South Africa	POINT(28.1443 -25.757)	False	11.5	False
986365	F	76.0	Chrome	Windows	Netherlands	POINT(4.8995 52.3824)	True	12.0	False
739280	F	61.0	Chrome	MacOS X	United States	POINT(-97.822 37.751)	False	12.0	False
u9np6l	F	71.0	Chrome	MacOS X	Germany	POINT(11.1489 47.8376)	True	8.5	False
0boxo0	M	56.0	Chrome	Linux	Czechia	POINT(14.4667 50.0833)	True	8.0	True
184037	F	65.0	Firefox	Windows	United States	POINT(-97.822 37.751)	True	11.5	True
738599	F	54.0	Firefox	MacOS X	United States	POINT(-85.2243 38.2162)	False	13.666666666666666	False
274134	M	69.0	Chrome	Windows	Hashemite Kingdom of Jordan	POINT(35.9333 31.95)	True	11.0	True
385026	M	32.0	Firefox	Windows	Iran	POINT(51.4231 35.6961)	True	17.0	False
079581	M	52.0	Chrome	Windows	Germany	POINT(8.3979 49.0083)	False	14.0	False
792107	F	35.0	Chrome	Windows	United States	POINT(-97.822 37.751)	True	12.333333333333334	False
828356		38.0	Chrome	Windows	United States	POINT(-97.822 37.751)	False	10.0	False
f2cgse	F	54.0	Chrome	Windows	Slovakia	POINT(17.1067 48.1482)	False	10.0	False
t5rfz5	M	54.0	Chrome	MacOS X	India	POINT(81.6333 21.2333)	True	11.333333333333334	False
ee8fw8	M	66.0	Chrome	Windows	United States	POINT(-80.6015 35.4848)	True	10.333333333333334	False
176509	F	54.0	Firefox	Windows	Japan	POINT(139.69 35.69)	True	9.166666666666666	True
0lnho4	M	55.0	Chrome	Windows	Argentina	POINT(-67.7 -34.9667)	False	7.0	True
054349	M	47.0	Chrome	Windows	Argentina	POINT(-58.9292 -34.4633)	False	9.75	False
040425	F	71.0	Safari	MacOS X	South Africa	POINT(24 -29)	True	12.5	False
hjrteq	M	72.0	Chrome	Windows	United States	POINT(-97.822 37.751)	False	14.0	False
848935	M	70.0	Chrome	MacOS X	United States	POINT(-97.822 37.751)	False	14.0	False
644939		15.0	Chrome	MacOS X	United States	POINT(-97.822 37.751)	True	12.0	False
5tmksn	F	21.0	Chrome	Windows	Czechia	POINT(15.1681 50.7292)	True	11.0	False
312970	F	28.0	Chrome	MacOS X	United States	POINT(-97.822 37.751)	False	14.0	False
478878	M	68.0	Chrome	Windows	United States	POINT(-97.822 37.751)	False	14.25	False
577989	F	56.0	Chrome	MacOS X	United States	POINT(-72.5811 42.2375)	True	7.75	True
i1cnu4	F	49.0	Chrome	Windows	United States	POINT(-84.4522 39.1642)	False	9.5	False
873185	F	17.0	Chrome	MacOS X	Germany	POINT(8.5134 50.1789)	False	17.0	False
002431	M	45.0	Chrome	Windows	Malaysia	POINT(101.9435 2.7486)	False	11.5	False
226156	F	64.0	Chrome	Windows	United States	POINT(-76.7331 40.2041)	False	11.75	False
0jqz32	F	28.0	Chrome	Windows		POINT(0 0)	False	17.0	False
710049	F	68.0	Chrome	Windows	United States	POINT(-97.822 37.751)	False	16.0	False
023864	M	51.0	Chrome	MacOS X	United States	POINT(-84.8198 35.6935)	False	14.0	False
072730	F	66.0	Chrome	Windows	United Kingdom	POINT(-0.1224 51.4964)	True	14.5	False
108833		61.0	Chrome	MacOS X	South Africa	POINT(28.0583 -26.2309)	False	8.333333333333334	False
146590	M	71.0	Chrome	Windows	Hungary	POINT(19.0514 47.4925)	False	5.0	False
260399	F	69.0	Chrome	Windows	France	POINT(2.3387 48.8582)	False	14.5	False
435185	M	55.0	Chrome	Windows	United States	POINT(-97.822 37.751)	False	9.4	False
estvcf	M	61.0	Firefox	Linux	United States	POINT(-86.7268 33.4995)	True	11.0	False
821396	M	47.0	Safari	MacOS X	Mexico	POINT(-99.0111 19.4371)	True	11.75	False
903499	M	53.0	Chrome	Windows	United States	POINT(-97.822 37.751)	False	8.0	False
295464	M	67.0	Chrome	MacOS X	United Kingdom	POINT(-2.841 53.3407)	False	11.0	False
nokbky	M	70.0	Chrome	Windows	France	POINT(2.3387 48.8582)	False	10.0	False
358447	F	46.0	Chrome	MacOS X	United States	POINT(-97.822 37.751)	False	11.0	False
896270	F	57.0	Safari	MacOS X	Belarus	POINT(28 53)	False	14.0	False
xlvg3w			Firefox	Windows	Spain	POINT(2.3574 41.6398)	False	11.0	False
727670	M	51.0	Chrome	Windows	Sweden	POINT(18.056 59.3247)	False	12.5	False
l8hkg5	F	23.0	Safari	MacOS X	United States	POINT(-97.822 37.751)	True	11.0	False
132520	M	39.0	Chrome	Windows	Japan	POINT(139.69 35.69)	False	14.0	False
841532	F	55.0	Chrome	Windows	United States	POINT(-117.7183 34.1092)	True	8.2	False
413375	F	38.0	Chrome	MacOS X	Norway	POINT(5.7352 58.8524)	True	9.714285714285714	True
703760	F	39.0	Chrome	Windows	Japan	POINT(135.5066 34.7314)	False	16.0	False
jgu76w	F	53.0	Chrome	MacOS X	United States	POINT(-97.822 37.751)	False	10.5	False
198684	M	52.0	Chrome	MacOS X	United States	POINT(-97.822 37.751)	False	9.666666666666666	True
stu2u3		47.0	Chrome	Windows	United States	POINT(-74.2165 40.8131)	False	8.0	False
991968		46.0	Chrome	Windows	United States	POINT(-81.4211 40.9637)	False	8.5	False
xtrnyv		17.0	Chrome	Windows	United States	POINT(-97.822 37.751)	False	13.0	False
upvw8e		20.0	Firefox	MacOS X	Turkey	POINT(28.9744 41.0177)	False	10.0	False
1f088i	M	52.0	IE	Windows	United States	POINT(-97.822 37.751)	False	10.5	False
wexqhs	F	21.0	Firefox	Windows	United States	POINT(-97.822 37.751)	True	11.0	False
626018		24.0	Firefox	Windows	Romania	POINT(26.0602 44.4914)	True	12.5	False
290962	F	45.0	Chrome	MacOS X	United States	POINT(-97.822 37.751)	True	10.25	False
142854	M	23.0	Chrome	MacOS X	Morocco	POINT(-5 32)	False	9.0	False
yfj6uw	M	70.0	Chrome	Windows	France	POINT(1.0505 44.273)	True	8.0	False
598882	M	34.0	Chrome	Windows	United Kingdom	POINT(-0.2649 52.0865)	True	11.8	False
028224	M	49.0	Safari	MacOS X	China	POINT(120.5954 31.3041)	False	11.0	False
446177	M	27.0	Chrome	Windows	United States	POINT(-97.822 37.751)	True	12.0	False
70fn7z	F	71.0	Chrome	Windows	Brazil	POINT(-43.2192 -22.8305)	False	13.0	False
6ic7ni	F		Firefox	Windows	France	POINT(2.3387 48.8582)	True	10.0	False
793790	M	54.0	Chrome	MacOS X	United States	POINT(-97.822 37.751)	False	9.6	False
158066		68.0	Chrome	Windows	United Kingdom	POINT(-5.9333 54.5833)	False	9.75	False
145818	M	68.0	Chrome	MacOS X	United States	POINT(-97.822 37.751)	False	13.0	False
jn2ron	M	54.0	Firefox	MacOS X			True	9.5	False
8rwl6u	F	75.0	Chrome	Linux	United States	POINT(-77.12 38.832)	True	17.0	False
774734	F	54.0	Chrome	Windows	China	POINT(116.9972 36.6683)	False	6.0	False
549190	M	30.0	Chrome	Windows	Spain	POINT(-3.684 40.4172)	True	8.4	False
788634	F	37.0	Chrome	Windows	Israel	POINT(34.75 31.5)	False	15.0	False
368240		40.0	Chrome	MacOS X	United States	POINT(-97.822 37.751)	False	8.25	False
jq8v13	M	56.0	Chrome	Windows	Netherlands	POINT(4.8995 52.3824)	True	13.666666666666666	True
388412	F	46.0	Safari	MacOS X	Ireland	POINT(-6.2439 53.3472)	False	11.5	False
771146	M	42.0	Chrome	Windows	Germany	POINT(10.6969 53.9189)	False	10.666666666666666	False
phql6x	F	52.0	Chrome	MacOS X	United States	POINT(-97.822 37.751)	True	12.333333333333334	False
379909	M	38.0	Chrome	Windows	United States	POINT(-97.822 37.751)	False	10.0	False
589530	F	17.0	Chrome	MacOS X	United Kingdom	POINT(-0.1641 51.5895)	False	5.0	False
453695	F	71.0	Safari	MacOS X	Brazil	POINT(-44.3322 -23.0276)	False	12.0	False
kgolxs	M	74.0	Chrome	Windows	United States	POINT(-97.822 37.751)	False	10.5	False
686523	F	40.0	Chrome	Windows			True	7.333333333333333	False
861627	M	60.0	Safari	MacOS X	United States	POINT(-97.822 37.751)	False	10.666666666666666	False
620875	M	67.0	Chrome	MacOS X	Norway	POINT(10.75 59.95)	False	12.0	False
307759	F	70.0	Edge	Windows	United States	POINT(-119.7143 45.8491)	True	11.0	False
985514	F	75.0	Safari	MacOS X	New Zealand	POINT(172.6333 -43.5333)	False	10.0	False
668973	F	33.0	Chrome	Windows	United States	POINT(-91.1339 30.3863)	True	11.333333333333334	False
991220	F	28.0	Chrome	Windows	United Kingdom	POINT(-0.396 51.6553)	False	11.0	False
318334	F	36.0	Chrome	Windows	Belgium	POINT(4.35 50.85)	True	8.75	False
666092	M	19.0	Chrome	Windows	Canada	POINT(-111.1357 56.664)	False	17.0	False
s12aa6	M	71.0	Chrome	Windows	United States	POINT(-73.6277 40.865)	False	9.5	False
076466	M		Firefox	Windows	China	POINT(116.3883 39.9289)	False	6.5	False
289336	F	34.0	Chrome	Windows	Belgium	POINT(4.35 50.85)	False	8.666666666666666	True
tbodb8		18.0	Chrome	Windows	South Korea	POINT(126.9741 37.5112)	False	6.0	False
61lbbt		53.0	Chrome	Windows	United States	POINT(-97.822 37.751)	False	6.5	False
pn8ah9	F	50.0	Chrome	Windows	United States	POINT(-97.822 37.751)	False	10.0	False
522141	M	68.0	Chrome	Windows	Brazil	POINT(-37.1102 -10.7269)	True	8.833333333333334	False
547346	F	24.0	Chrome	MacOS X			False	11.5	False
424841	F	71.0	Chrome	Windows	Australia	POINT(143.2104 -33.494)	False	11.666666666666666	False
440515	M	44.0	Chrome	MacOS X	United States	POINT(-79.9552 40.444)	False	12.0	False
z47gq1	F	42.0	Chrome	Windows	China	POINT(113.1136 28.1792)	True	11.0	False
hnfj4g		56.0	Safari	MacOS X	Belgium	POINT(4.35 50.85)	False	9.5	False
528193	M	21.0	Firefox	Windows	Brazil	POINT(-43.0839 -22.9172)	False	11.0	False
pti33y	M	52.0	Chrome	MacOS X	Russia	POINT(50.1182 53.1835)	False	9.0	False
yi8cyj	M	70.0	Firefox	Linux	United States	POINT(-115.1454 36.126)	True	12.666666666666666	False
365978		27.0	Chrome	Windows	United States	POINT(-97.822 37.751)	False	18.0	False
qoxtcb		69.0	Chrome	Windows	Finland	POINT(24.9375 60.1708)	False	12.666666666666666	False
745410	M	30.0	Chrome	Windows	United States	POINT(-97.822 37.751)	False	17.0	False
095518	M	48.0	Chrome	MacOS X	China	POINT(113.7266 34.7725)	True	10.285714285714286	True
892430	M	33.0	Chrome	Windows	Japan	POINT(139.69 35.69)	False	5.0	False
075826	M	56.0	Chrome	Windows	Canada	POINT(-79.3716 43.6319)	False	11.25	False
793898		48.0	Firefox	Linux	Australia	POINT(143.2104 -33.494)	False	13.0	False
655087	M		Chrome	MacOS X	United States	POINT(-97.822 37.751)	True	9.5	False
095967	M	59.0	Chrome	MacOS X	Finland	POINT(24.9375 60.1708)	True	7.833333333333333	True
90x4tg	F	70.0	Chrome	Windows	Poland	POINT(19.1326 50.7711)	True	12.0	False
611580	F	67.0	Chrome	MacOS X	Republic of Lithuania	POINT(25.317 54.6841)	False	11.0	False
u2y676	M	48.0	Chrome	MacOS X	United States	POINT(-74.459 40.5515)	False	10.0	False
619725	M	42.0	Firefox	Linux	United States	POINT(-97.822 37.751)	True	12.333333333333334	False
567272	M	47.0	Firefox	Windows	Japan	POINT(139.69 35.69)	False	10.666666666666666	False
610738		51.0	Firefox	Linux	United States	POINT(-97.822 37.751)	False	12.0	False
893920	F	18.0	Chrome	MacOS X	Philippines	POINT(120.9721 14.5955)	True	9.0	False
330649	F	32.0	Chrome	MacOS X	United States	POINT(-97.822 37.751)	False	9.0	False
941692	F	62.0	Chrome	Windows	United States	POINT(-111.8413 33.3062)	False	13.5	False
632909	F	45.0	Chrome	Windows	China	POINT(116.3883 39.9289)	False	10.0	False
278313	M	55.0	Firefox	Windows	United States	POINT(-80.3889 25.9098)	True	10.0	True
352236	F	68.0	Firefox	Linux	Denmark	POINT(12.0564 55.7123)	False	10.5	False
840643	F	68.0	Chrome	Windows	China	POINT(87.6305 43.8073)	False	12.0	False
433300	F	46.0	Firefox	Windows	France	POINT(0.0833 43.2333)	True	13.5	False
8j4w9z	M	24.0	Chrome	Linux	United States	POINT(-97.822 37.751)	False	11.5	False
626078	M	57.0	Edge	Windows	Sweden	POINT(18.056 59.3247)	True	10.4	False
nrjrd0	M	53.0	Firefox	Windows	Germany	POINT(9.491 51.2993)	True	9.5	False
0dw77z	M	38.0	Firefox	Windows	Germany	POINT(10.6845 53.8471)	True	15.5	False
885900	F	31.0	Chrome	Windows	South Korea	POINT(126.9741 37.5112)	False	10.0	False
607032	F		Chrome	MacOS X	Mexico	POINT(-99.0111 19.4371)	False	12.0	False
387949	F	30.0	Chrome	Windows	Morocco	POINT(-5 32)	False	16.0	False
067731	M	55.0	Chrome	Windows	United States	POINT(-118.244 34.0544)	False	11.5	False
930537	F	48.0	Firefox	Windows	United States	POINT(-119.7143 45.8491)	True	8.0	True
g9auym	M	44.0	Firefox	Linux	Taiwan	POINT(121 23.5)	True	11.666666666666666	False
118827	M	45.0	Chrome	Windows	China	POINT(104.0667 30.6667)	False	8.0	False
444716	F	35.0	Chrome	Windows	United States	POINT(-117.0885 33.6243)	True	11.0	False
500759	M	23.0	Chrome	Windows	Argentina	POINT(-58.3817 -34.6033)	False	8.0	False
186350	M	52.0	Chrome	MacOS X	United Kingdom	POINT(-0.1224 51.4964)	False	12.0	False
pcqwm7	M	32.0	Chrome	MacOS X	Japan	POINT(139.69 35.69)	False	15.0	False
9wgxp9	M	17.0	Chrome	Windows	China	POINT(121.6022 38.9122)	False	8.0	False
pg6buz	F	46.0	IE	Windows	United States	POINT(-97.822 37.751)	True	9.25	False
428266	F		Chrome	Windows	France	POINT(-2.9918 47.6703)	True	14.0	False
207324	M	29.0	Chrome	MacOS X	France	POINT(1.4437 43.6043)	False	10.0	False
993164	M	57.0	Chrome	Windows			False	9.25	False
843933	M	31.0	Chrome	Linux	France	POINT(2.3822 48.8817)	False	8.0	False
893653	M	46.0	Chrome	Windows	Poland	POINT(21.0362 52.2394)	False	9.6	False
311009	F	45.0	Edge	Windows	United States	POINT(-97.822 37.751)	False	6.0	False
dn8rgd	F	47.0	Firefox	Windows	Argentina	POINT(-58.6667 -34.6667)	False	11.0	False
245512	M	15.0	Chrome	Windows	South Korea	POINT(126.9741 37.5112)	False	12.333333333333334	False
483409	M	52.0	Firefox	Linux	United Kingdom	POINT(-0.5996 51.2336)	True	13.666666666666666	False
234491	F	50.0	Chrome	Windows	Japan	POINT(139.8023 35.6863)	False	13.0	False
132831	F	47.0	Firefox	Linux	United States	POINT(-97.822 37.751)	False	12.0	False
320239	M	16.0	Chrome	Windows	Italy	POINT(12.1097 43.1479)	False	16.0	False
123244	M	53.0	Chrome	Windows	United States	POINT(-98.6109 30.7151)	True	10.75	False
803017	M		Chrome	Windows	United States	POINT(-77.0364 38.8951)	False	11.0	False
385984	M	68.0	Safari	MacOS X	China	POINT(113.5325 34.6836)	False	11.0	False
989488	M	27.0	Chrome	MacOS X	Sweden	POINT(12.4531 58.6998)	False	13.0	False
627976	F	66.0	Chrome	Windows	Japan	POINT(139.7514 35.685)	False	10.0	False
xwrwb3	F	69.0	Safari	MacOS X			False	7.0	False
929736	M	68.0	Chrome	Windows	China	POINT(120.5954 31.3041)	True	8.375	True
775601	M	47.0	Chrome	Linux	China	POINT(116.3883 39.9289)	False	13.0	False
yxrn75	F	66.0	Chrome	Windows	United States	POINT(-97.822 37.751)	False	12.0	False
847716	F	52.0	Firefox	Windows	United States	POINT(-97.822 37.751)	False	7.0	False
411750	M	50.0	Chrome	Windows	Australia	POINT(143.2104 -33.494)	True	8.666666666666666	False
142304	M	36.0	Chrome	Windows	Taiwan	POINT(121.5318 25.0478)	False	11.0	False
852628	M		Chrome	Windows	United Kingdom	POINT(-0.8833 51.45)	False	17.0	False
885508	M	48.0	Chrome	Windows	United States	POINT(-78.1566 38.7078)	False	11.75	False
279722	M	52.0	Firefox	Windows	United States	POINT(-97.822 37.751)	False	11.0	False
559414	F	32.0	IE	Windows	United States	POINT(-73.9913 42.88)	False	10.0	False
852981	F	49.0	Chrome	Windows	Greece	POINT(24.1394 41.1544)	True	12.25	False
410409	M	40.0	Chrome	Windows	Japan	POINT(139.69 35.69)	False	10.0	False
490322	F	17.0	Chrome	Windows	China	POINT(113.7266 34.7725)	False	12.0	False
921085		53.0	Edge	Windows	Japan	POINT(131.9946 34.1634)	False	8.0	False
sh2vo0	F	31.0	Chrome	Windows	United States	POINT(-97.822 37.751)	False	12.0	False
888823	M	19.0	Chrome	MacOS X	Germany	POINT(7.7359 51.6866)	True	9.4	False
kcvkyt	F		Chrome	Windows	Taiwan	POINT(120.6839 24.1469)	False	11.0	False
621183		43.0	Chrome	Windows	United States	POINT(-86.7821 36.165)	True	9.833333333333334	False
2nfsdh	F	66.0	Chrome	Windows	Iran	POINT(51.4231 35.6961)	False	9.5	True
truqm1		41.0	Chrome	Windows	United States	POINT(-97.822 37.751)	True	8.0	False
936359	F	43.0	Chrome	Windows	South Korea	POINT(126.9741 37.5112)	False	12.0	False
795677	M	26.0	Chrome	MacOS X	China	POINT(113.5678 22.2769)	False	8.0	False
zjt03i	F	72.0	Chrome	Windows	United States	POINT(-97.822 37.751)	False	13.0	False
021174	F	33.0	Chrome	MacOS X	China	POINT(114.2734 30.5801)	False	12.0	False
037662	F	76.0	Chrome	MacOS X	Japan	POINT(138.8333 35.8)	False	12.5	False
845133	F	68.0	Chrome	Windows	Uruguay	POINT(-56 -33)	False	10.75	False
436613	M	53.0	Chrome	MacOS X	Ukraine	POINT(35.0386 48.4593)	True	8.6	True
187416	F	66.0	Firefox	Windows	China	POINT(121.6022 38.9122)	False	10.75	False
014830	M	34.0	Chrome	Windows	United States	POINT(-81.4119 40.768)	False	12.0	False
619115	M	74.0	Firefox	Windows	South Korea	POINT(126.9741 37.5112)	True	10.75	False
971536	F	29.0	Chrome	Windows	United States	POINT(-97.822 37.751)	True	7.4	False
x1hwwq	M		Chrome	Windows	United States	POINT(-111.0431 45.6693)	False	11.0	False
72oo2q	M	61.0	Chrome	Windows	United States	POINT(-90.1738 32.37)	True	11.666666666666666	True
538996	F	31.0	Chrome	MacOS X	Japan	POINT(139.69 35.69)	False	14.0	False
741192	F	48.0	Chrome	MacOS X	Kuwait	POINT(47.6581 29.3375)	False	14.0	False
f65gli	M	66.0	IE	Windows	United Kingdom	POINT(-1.7739 51.0209)	True	12.0	True
994186	F	28.0	Chrome	Windows	United States	POINT(-97.822 37.751)	True	9.0	False
995210	M	29.0	Chrome	Windows	United States	POINT(-97.822 37.751)	False	10.8	False
079581	F	16.0	Chrome	Windows	Switzerland	POINT(8.1551 47.1449)	False	14.0	False
520673	F	56.0	Chrome	Windows	Japan	POINT(139.69 35.69)	False	11.0	False
145076	M	75.0	Chrome	Windows	China	POINT(113.25 23.1167)	False	17.0	False
553141	M		Chrome	Windows	United States	POINT(-71.1042 42.3647)	False	11.0	False
210852	F		Chrome	Windows	United States	POINT(-74.5605 40.6789)	False	9.0	False
u75u7s	M	47.0	IE	Windows	France	POINT(2.3387 48.8582)	False	11.0	False
251805	F		Chrome	Linux	Taiwan	POINT(118.3171 24.4341)	False	13.0	False
090671	F	17.0	Chrome	Windows	United States	POINT(-97.822 37.751)	False	20.0	False
tysrke	F	68.0	Chrome	Windows	United States	POINT(-122.2166 37.7806)	False	10.5	False
jbakt6	F	55.0	Chrome	Windows	China	POINT(118.7778 32.0617)	False	9.5	True
u1f2au	F	58.0	Firefox	Windows	United Kingdom	POINT(-0.1224 51.4964)	False	14.0	False
764175	F	40.0	Chrome	Windows	United Kingdom	POINT(-5.9333 54.5833)	True	10.333333333333334	False
8jevr7	M	34.0	Chrome	Windows	United States	POINT(-97.822 37.751)	True	9.333333333333334	False
692754	F	32.0	Chrome	Windows	United States	POINT(-97.822 37.751)	True	6.2	True
bdv1b7	F	71.0	Firefox	Windows			False	13.5	False
343387	M	58.0	Firefox	Windows	Japan	POINT(135.183 34.6913)	False	12.25	False
046330	F	28.0	Chrome	Windows	United States	POINT(-97.822 37.751)	True	9.5	False
697904	F	21.0	Chrome	Linux	South Africa	POINT(24 -29)	False	17.0	False
730962	M	49.0	Firefox	MacOS X	United States	POINT(-82.3678 28.1147)	False	13.0	False
185383	M	45.0	Edge	Windows			False	10.0	False
iy8ymz	F	53.0	Chrome	Windows	United States	POINT(-97.822 37.751)	False	12.0	False
182272	F	46.0	Chrome	MacOS X	United States	POINT(-97.822 37.751)	True	11.666666666666666	False
g4ardi	M	28.0	Safari	MacOS X	United States	POINT(-97.822 37.751)	True	13.0	False
177554	M	43.0	Chrome	MacOS X	Finland	POINT(24.9375 60.1708)	True	11.5	False
610587	F	55.0	Chrome	Linux	United States	POINT(-73.5166 40.7254)	False	7.25	False
070005	M	22.0	Safari	MacOS X	United States	POINT(-97.822 37.751)	False	6.0	False
nu94ii	M	62.0	Chrome	MacOS X	United States	POINT(-97.822 37.751)	False	7.0	False
y5ncku	M		Chrome	Windows	Netherlands	POINT(4.8995 52.3824)	False	15.0	False
514243	M	67.0	Chrome	Windows	Ukraine	POINT(32.2597 48.5132)	False	12.666666666666666	False
iov0ns	F	43.0	Chrome	Windows	United States	POINT(-97.822 37.751)	True	13.666666666666666	False
veobdj	F	55.0	Chrome	Windows	United States	POINT(-73.9296 40.8583)	False	8.5	False
7lo2ri	M	66.0	Safari	MacOS X	South Africa	POINT(24 -29)	False	9.5	False
962509	M	42.0	Chrome	Windows	Mexico	POINT(-99.1439 19.4357)	False	14.0	False
365929	F	15.0	Chrome	Windows	United States	POINT(-97.822 37.751)	False	8.0	False
7q9bl8	F	35.0	Chrome	Windows	France	POINT(2.3387 48.8582)	True	10.0	False
duk0k0	M	23.0	IE	Windows	Japan	POINT(139.69 35.69)	False	15.0	False
2ilhd2	M	66.0	Chrome	Windows	India	POINT(77 20)	False	10.666666666666666	False
953381	F	28.0	Chrome	MacOS X	Latvia	POINT(25 57)	True	13.5	False
099664	F	27.0	Chrome	Windows	China	POINT(113.25 23.1167)	False	13.0	False
599323	M	37.0	Chrome	Windows	United States	POINT(-97.822 37.751)	True	7.555555555555555	True
267514	F	65.0	Chrome	Windows	United States	POINT(-97.822 37.751)	False	21.0	False
710614	F	69.0	Chrome	Windows	South Korea	POINT(126.9741 37.5112)	False	14.5	False
536389		40.0	Chrome	MacOS X	United States	POINT(-77.8158 39.4311)	True	8.0	True
673594	F	30.0	Chrome	Windows	United States	POINT(-82.3198 34.8661)	False	12.0	False
917300		64.0	Chrome	Windows	Taiwan	POINT(121.5318 25.0478)	True	11.25	False
911469	F	47.0	Chrome	MacOS X	United States	POINT(-97.822 37.751)	False	14.0	False
675221	M	61.0	Firefox	Windows	Japan	POINT(139.69 35.69)	True	10.0	True
020398	F	61.0	Chrome	Windows	Australia	POINT(143.2104 -33.494)	False	12.5	False
xxcjk1	F	37.0	Chrome	MacOS X	Colombia	POINT(-74.0758 4.5981)	False	5.0	False
714803	F	25.0	Firefox	Windows	Japan	POINT(139.69 35.69)	False	8.0	False
joh8cl	F	71.0	Chrome	MacOS X	Mexico	POINT(-99.0111 19.4371)	False	12.0	False
817252	M	25.0	Edge	Windows	South Africa	POINT(28.25 -26.1)	True	11.0	False
453se5	M	54.0	Chrome	MacOS X	China	POINT(116.3889 39.9288)	True	11.0	False
071471	M	49.0	Safari	MacOS X	Germany	POINT(10.0533 51.1839)	False	10.0	False
cjf9lk	M	71.0	Chrome	Windows	United States	POINT(-104.9946 39.7491)	False	9.0	False
284923	F	34.0	Firefox	Windows	Germany	POINT(13.4112 52.5378)	False	9.0	False
363588	M	63.0	Chrome	Windows	South Korea	POINT(126.9156 35.1547)	True	7.4	True
6035zf		38.0	Chrome	Windows	United States	POINT(-97.822 37.751)	True	10.333333333333334	False
866632	F	39.0	Chrome	Windows	Czechia	POINT(14.55 50.1)	True	10.333333333333334	False
518818	F	22.0	Chrome	MacOS X	United States	POINT(-83.0235 39.9653)	True	10.0	False
0y2238		63.0	Chrome	Windows	United States	POINT(-78.8654 40.285)	False	14.5	False
658048		53.0	Safari	MacOS X	Hashemite Kingdom of Jordan	POINT(35.9333 31.95)	True	9.0	True
576904	F	45.0	Chrome	Windows	Hong Kong	POINT(114.1667 22.25)	False	13.0	False
7ivv03	F	42.0	Chrome	Windows	Japan	POINT(139.69 35.69)	False	8.0	False
705642	M	41.0	Chrome	Linux	Venezuela	POINT(-66 8)	True	9.714285714285714	True
994530	M	67.0	Chrome	Windows	China	POINT(108.9286 34.2583)	False	14.0	False
374998	M	41.0	Chrome	MacOS X	South Korea	POINT(126.9741 37.5112)	False	10.0	False
beutz0		24.0	Edge	Windows	United States	POINT(-122.3276 37.5507)	False	11.0	False
z3l73f	F	23.0	Chrome	MacOS X	United Kingdom	POINT(-0.156 51.6357)	False	16.0	False
373161	F	17.0	Chrome	Windows	United States	POINT(-97.822 37.751)	True	13.0	False
7vo66g	F	47.0	Chrome	Windows	Sweden	POINT(18.056 59.3247)	False	10.5	False
384938	M		Chrome	Windows	United States	POINT(-117.6665 34.0584)	False	5.5	False
922212		65.0	Chrome	Windows	United States	POINT(-97.822 37.751)	False	12.333333333333334	False
186536	F		Chrome	MacOS X	United States	POINT(-97.822 37.751)	True	13.0	False
362748	F	63.0	Chrome	MacOS X	Venezuela	POINT(-63.6144 9.6867)	False	12.5	False
fsunvm	F	42.0	Firefox	Linux	Japan	POINT(139.69 35.69)	False	10.0	False
gq4zd1	F	70.0	Chrome	Windows	Poland	POINT(14.5789 53.4339)	False	11.0	False
941088	M	20.0	Chrome	MacOS X	South Korea	POINT(126.9741 37.5112)	False	14.0	False
oucbbi	M	60.0	Firefox	MacOS X	United States	POINT(-97.822 37.751)	False	10.0	False
602543		62.0	Chrome	Windows	Brazil	POINT(-60.4942 -13.0825)	True	10.5	False
000440	M	44.0	Chrome	Windows	Ghana	POINT(-2 8)	True	14.2	True
pjt9hp	M	41.0	Safari	MacOS X	China	POINT(108.9286 34.2583)	False	8.0	False
260445	M	16.0	Chrome	MacOS X	United States	POINT(-97.822 37.751)	False	10.0	False
297169	M		Safari	MacOS X	Japan	POINT(139.69 35.69)	False	20.0	False
909164	M	46.0	Chrome	Windows	United States	POINT(-112.0474 33.465)	False	11.333333333333334	False
121262	M	44.0	Firefox	Windows	United States	POINT(-97.822 37.751)	False	12.0	False
420297	F	66.0	Firefox	Windows	Netherlands	POINT(4.8995 52.3824)	False	12.0	False
wfvtr9	F	51.0	Chrome	Windows	Belgium	POINT(4.35 50.85)	False	18.0	False
286285	F	52.0	Chrome	Windows		POINT(0 0)	True	11.5	True
829383	M	48.0	Chrome	MacOS X	Kenya	POINT(38 1)	True	9.333333333333334	False
691956	M		Chrome	Windows	Austria	POINT(16.3667 48.2)	True	11.25	False
694881	F	17.0	Firefox	Windows	France	POINT(0.0833 48.4333)	False	10.0	False
440501	F	23.0	Chrome	Windows	Japan	POINT(139.5076 35.6471)	False	12.0	False
r9o6vu	F	24.0	Firefox	Windows	South Africa	POINT(24 -29)	True	11.0	False
dh18s8	M	66.0	Safari	MacOS X	China	POINT(108.9286 34.2583)	False	11.5	False
342229	F	60.0	Chrome	Windows	United States	POINT(-97.822 37.751)	False	13.666666666666666	False
iej4q0	F	21.0	Chrome	MacOS X	Norway	POINT(10.75 59.95)	True	15.5	False
773417	M	59.0	Chrome	Windows	China	POINT(116.9972 36.6683)	False	9.0	False
510969	M	48.0	Edge	Windows	Russia	POINT(82.9344 55.0411)	True	9.5	True
387997	F	68.0	Chrome	MacOS X	Albania	POINT(20 41)	False	14.5	False
8t2ul3	F		Firefox	Windows	United States	POINT(-97.822 37.751)	False	8.0	False
f2wgyz	F	41.0	Firefox	Linux	Spain	POINT(2.159 41.3888)	True	7.0	False
zfudfj	M	73.0	Chrome	Windows	Turkey	POINT(32.4678 37.8299)	True	14.666666666666666	False
060560	M	63.0	Chrome	Windows	Brazil	POINT(-49.2908 -25.5039)	False	10.0	False
203683		34.0	Chrome	Windows	China	POINT(113.7266 34.7725)	True	12.0	False
172689	F	43.0	Chrome	Windows	Russia	POINT(72.7 61.0833)	True	9.0	True
873991		54.0	Chrome	MacOS X	Canada	POINT(-71.25 46.8)	True	10.4	True
rk5pbh	M	47.0	Chrome	Windows	United States	POINT(-97.822 37.751)	True	9.5	False
930967	M	31.0	Safari	MacOS X	Belarus	POINT(28 53)	True	10.2	False
892383		57.0	Firefox	Windows	Italy	POINT(14.3833 41.0333)	False	13.333333333333334	True
af36dz	F	41.0	Chrome	Windows	Taiwan	POINT(121 23.5)	False	15.0	False
193718	F	41.0	Chrome	Windows	France	POINT(0.5667 43.2)	False	11.0	False
aukuv8		56.0	Chrome	Windows	Canada	POINT(-79.3716 43.6319)	True	11.5	False
201957	F	57.0	Firefox	Windows	Brazil	POINT(-51.15 -23.3)	False	12.0	False
836191	F	69.0	Chrome	MacOS X	United States	POINT(-97.822 37.751)	True	8.8	False
768228	F	45.0	Firefox	Windows	United States	POINT(-83.6507 41.3815)	True	9.333333333333334	False
a1txqs		35.0	Chrome	Windows	United States	POINT(-83.2673 42.2317)	True	13.333333333333334	False
069675	M	32.0	Chrome	Windows	Italy	POINT(12.1097 43.1479)	False	8.0	False
437591	F	63.0	Chrome	Windows	China	POINT(113.7266 34.7725)	False	10.0	False
227051	F	74.0	Firefox	Windows	South Korea	POINT(127.1378 37.4386)	False	8.0	False
000747	M	49.0	Chrome	Windows	United States	POINT(-97.822 37.751)	False	14.5	False
320967	M	57.0	Chrome	Windows	Netherlands	POINT(6.8324 52.2856)	False	12.0	False
unxag4	M	64.0	Chrome	Windows	Colombia	POINT(-74.0758 4.5981)	False	12.0	False
895489	M	59.0	Chrome	Windows	Netherlands	POINT(4.8995 52.3824)	True	12.0	False
998938	F	65.0	Chrome	Windows	Japan	POINT(139.69 35.69)	False	7.8	True
59m5mz	M	57.0	IE	Windows	Netherlands	POINT(4.8995 52.3824)	False	12.0	False
343893		56.0	Safari	MacOS X	Sweden	POINT(18.056 59.3247)	False	14.0	False
868200	M	46.0	Chrome	MacOS X	United States	POINT(-97.822 37.751)	True	9.0	False
950731	M	29.0	Chrome	MacOS X	Italy	POINT(12.1097 43.1479)	True	9.5	False
810413	F	27.0	Chrome	Windows	United States	POINT(-97.822 37.751)	False	9.0	False
mi8ifd	M	56.0	Chrome	MacOS X	United States	POINT(-97.822 37.751)	False	9.0	False
167710	M	66.0	IE	Windows	France	POINT(2.3615 48.8637)	True	11.0	False
376995	F		Chrome	Windows	Guatemala	POINT(-90.25 15.5)	True	8.625	True
efcbm5	F	76.0	Chrome	Windows	United Kingdom	POINT(-0.3974 51.5765)	True	11.5	False
410737	F	34.0	Firefox	Windows	Taiwan	POINT(121 23.5)	True	10.0	False
qacgy8	M	39.0	Chrome	MacOS X	Morocco	POINT(-5 32)	False	7.0	False
am6vfn	M	63.0	Chrome	Windows	United States	POINT(-97.822 37.751)	False	13.0	False
007494	F	43.0	Firefox	Windows	United States	POINT(-97.822 37.751)	False	11.5	False
995742	M		Chrome	Windows	Argentina	POINT(-58.6725 -34.5875)	False	12.5	False
792196	M	18.0	Safari	MacOS X	Brazil	POINT(-53.0992 -24.1887)	False	10.0	False
980526	M	54.0	Chrome	Windows	Switzerland	POINT(8.6187 47.3972)	False	11.0	False
92qd2r	M	29.0	Safari	MacOS X	United Kingdom	POINT(-0.1224 51.4964)	True	8.333333333333334	False
558000	F	50.0	Chrome	Windows	United States	POINT(-97.822 37.751)	False	7.25	True
369171	F	23.0	Chrome	Windows	United States	POINT(-97.822 37.751)	False	9.0	False
545790	M	61.0	Chrome	Windows	United States	POINT(-97.822 37.751)	True	7.75	True
d6oyjz	M	62.0	Chrome	Windows	United States	POINT(-77.4728 39.0481)	False	12.0	False
848394	F	73.0	Edge	Windows	Tunisia	POINT(10.7557 36.4477)	True	11.75	False
155028	M	61.0	Chrome	Windows	Japan	POINT(139.69 35.69)	False	9.0	False
351964	F	33.0	Chrome	MacOS X	United States	POINT(-97.822 37.751)	False	8.0	False
176404	F	56.0	Chrome	Windows	United States	POINT(-122.1619 37.4236)	False	11.0	False
mf6q8y	M	62.0	Chrome	MacOS X	United States	POINT(-118.244 34.0544)	False	11.333333333333334	False
073789	M	43.0	Firefox	Windows	Germany	POINT(9.491 51.2993)	False	14.0	False
g6qbat	M	72.0	Chrome	Windows	France	POINT(2.3387 48.8582)	False	10.0	False
ljt3pm	M	61.0	Firefox	Windows	United States	POINT(-97.822 37.751)	True	6.666666666666667	False
xd3vs1	F	74.0	Chrome	Windows	United States	POINT(-97.9301 31.2029)	False	11.0	False
362722	M	40.0	Firefox	Windows	United States	POINT(-97.822 37.751)	False	10.0	False
062460	F	22.0	Chrome	Windows	United States	POINT(-97.822 37.751)	True	9.25	False
810459	M		Firefox	Linux	United States	POINT(-97.822 37.751)	False	5.0	False
892611	F	69.0	Firefox	Windows	Canada	POINT(-110.9119 54.4436)	False	11.0	False
1356me	M		Chrome	Windows			False	12.5	False
596906		70.0	Chrome	Windows	Italy	POINT(12.1097 43.1479)	False	9.0	False
yblc59	M	59.0	Chrome	Windows	France	POINT(2.3387 48.8582)	False	12.0	False
042869	M		Chrome	Windows	Japan	POINT(139.69 35.69)	True	15.0	False
439758	F	52.0	Chrome	Windows	South Korea	POINT(126.9156 35.1547)	True	9.166666666666666	True
746266	M		Chrome	MacOS X	United States	POINT(-97.822 37.751)	False	11.0	False
424000	M	63.0	Chrome	Windows	Japan	POINT(139.6738 35.695)	False	8.0	False
p8pm0i	F		Chrome	Windows	Brazil	POINT(-43.2192 -22.8305)	False	9.0	False
629852	F	46.0	Chrome	MacOS X	Japan	POINT(139.6319 35.5388)	False	12.5	False
976888		42.0	Chrome	Windows	Australia	POINT(143.2104 -33.494)	False	10.0	False
665166	M	17.0	Chrome	MacOS X			False	6.0	False
cgrdt4	F	39.0	Chrome	Windows	United States	POINT(-97.822 37.751)	False	7.0	False
3d4qrf	F		Chrome	Linux	China	POINT(106.5528 29.5628)	True	8.5	False
61wmus	M	17.0	Chrome	MacOS X	Finland	POINT(24.7327 60.3126)	False	12.0	False
982126	F	72.0	Chrome	Windows	Netherlands	POINT(4.8995 52.3824)	True	12.0	False
068693	M	69.0	Chrome	Windows	United States	POINT(-97.822 37.751)	False	11.0	False
846918		73.0	Firefox	Windows	India	POINT(77 20)	False	14.0	False
106964	F		Chrome	MacOS X	United States	POINT(-97.822 37.751)	False	13.0	False
698500	F	61.0	Chrome	Windows	Canada	POINT(-79.7098 43.4881)	False	11.0	False
411983	M	53.0	Chrome	MacOS X	United States	POINT(-97.822 37.751)	False	11.4	False
651528	M	58.0	Chrome	Windows	Finland	POINT(24.9375 60.1708)	False	11.0	False
286023		38.0	Firefox	Windows	Japan	POINT(135.1466 34.6532)	True	12.25	False
926099	F	40.0	Chrome	Windows	France	POINT(2.6514 48.5226)	False	10.5	False
u5vyyk	F	17.0	Chrome	Windows	United States	POINT(-97.822 37.751)	False	14.0	False
cc2goc	M	61.0	Chrome	MacOS X	China	POINT(120.3694 36.066)	True	12.333333333333334	False
855597	M	75.0	Chrome	Windows	Spain	POINT(2.0833 41.4667)	True	14.0	False
rhpavp	F		Firefox	Windows	China	POINT(112.5328 32.9947)	False	12.5	True
702836	M	18.0	Chrome	MacOS X	Brazil	POINT(-43.0839 -22.9172)	True	13.0	False
4zfvqp	F	66.0	Chrome	Windows	Japan	POINT(139.7514 35.685)	False	12.0	False
440420	F	52.0	Chrome	Windows	China	POINT(119.9103 28.4604)	False	9.5	False
727326	F	43.0	Chrome	Windows	United Kingdom	POINT(-0.2982 51.3915)	False	9.0	False
456699	M	17.0	Chrome	Linux	United States	POINT(-97.822 37.751)	False	15.0	False
798926	F	40.0	Chrome	MacOS X	United States	POINT(-97.822 37.751)	True	11.5	False
c3wvr2	M	62.0	Chrome	MacOS X	Austria	POINT(13.9319 47.5556)	False	9.0	False
317454	F	38.0	Chrome	Windows	Canada	POINT(-66.6763 45.8119)	True	11.2	True
887453	F	44.0	Safari	MacOS X	United States	POINT(-81.4787 28.5289)	True	11.0	True
n7ikkd			Chrome	Linux	United Kingdom	POINT(-0.1224 51.4964)	True	10.666666666666666	False
915912	M	36.0	Chrome	Windows	United States	POINT(-97.822 37.751)	True	9.833333333333334	False
947293	F	68.0	Chrome	MacOS X	Taiwan	POINT(121 23.5)	False	10.8	True
958084	M	54.0	Firefox	Linux	United States	POINT(-97.822 37.751)	False	10.0	False
h1bvqo	F	52.0	Chrome	Windows	Australia	POINT(138.5167 -35.1333)	False	13.333333333333334	False
027128	F	54.0	Chrome	Windows	South Africa	POINT(28.0583 -26.2309)	False	6.5	False
x9yld5	F	62.0	Chrome	Windows	South Korea	POINT(126.9741 37.5112)	False	20.0	False
9vhgj9	F	62.0	Chrome	MacOS X	Italy	POINT(13.5184 42.2044)	False	10.0	False
431727	M	44.0	Chrome	MacOS X	United States	POINT(-97.822 37.751)	True	8.8	True
779076	M	45.0	Chrome	MacOS X	Japan	POINT(135.5667 34.8167)	True	10.75	True
564865	M	27.0	Firefox	Windows	Japan	POINT(139.69 35.69)	False	11.0	False
053094	M	18.0	Chrome	Windows	India	POINT(77 20)	False	9.0	False
904286	M	30.0	Chrome	Windows	United States	POINT(-97.822 37.751)	True	10.25	False
008680	F	47.0	Chrome	Windows	Japan	POINT(139.69 35.69)	False	14.25	False
513913	F	60.0	Chrome	Windows	China	POINT(113.7266 34.7725)	True	7.8	True
133166	F	58.0	Chrome	Windows	Portugal	POINT(-9.1394 38.7139)	False	8.0	False
217976		58.0	Chrome	Windows		POINT(8 47)	True	9.25	False
286597	F	41.0	Chrome	MacOS X	United Kingdom	POINT(-4.4503 55.9005)	True	9.5	False
270743	M	68.0	Chrome	Windows	United States	POINT(-84.5982 38.7741)	False	10.25	False
212393	M	48.0	Chrome	Windows	Ireland	POINT(-6.3478 53.7189)	False	10.0	False
wq0vxn	M	50.0	Chrome	Windows	United States	POINT(-97.822 37.751)	False	12.0	False
hh8lz3	M	75.0	Safari	MacOS X	United States	POINT(-84.5038 34.0378)	True	13.5	True
889910	F	52.0	Chrome	Windows	Brazil	POINT(-43.2192 -22.8305)	True	9.75	False
703967	F	35.0	Chrome	Windows	United States	POINT(-97.822 37.751)	False	10.0	False
324104	M	59.0	Chrome	Windows	Germany	POINT(9.491 51.2993)	False	12.0	False
178262	F	63.0	Chrome	Windows	Ireland	POINT(-6.2489 53.3331)	False	9.0	False
330257	F	69.0	Chrome	Windows	Taiwan	POINT(121 23.5)	True	11.0	True
993388		47.0	Chrome	Linux	Singapore	POINT(103.8558 1.2931)	True	11.75	False
764029	F	49.0	Firefox	Windows	China	POINT(114.2734 30.5801)	False	13.333333333333334	False
069637	F	36.0	Chrome	Windows	Canada	POINT(-79.3716 43.6319)	False	7.0	False
619585	F		Chrome	Windows	United States	POINT(-77.1395 38.8836)	False	12.0	False
djayik	M	66.0	Chrome	Windows	India	POINT(77 20)	False	11.0	False
6cvk62		74.0	Chrome	MacOS X	United States	POINT(-97.822 37.751)	False	18.0	False
62u6nu	F	22.0	Chrome	Windows	Germany	POINT(8.7631 49.625)	False	9.0	False
o5wwm6	F	74.0	Chrome	Windows	China	POINT(125.3228 43.88)	False	9.0	False
521515	M	60.0	Safari	MacOS X	Venezuela	POINT(-66 8)	False	10.0	False
ww380p	M	47.0	Chrome	MacOS X	United States	POINT(-78.8871 42.7684)	True	12.333333333333334	False
543083	M	40.0	Chrome	Windows	Israel	POINT(34.8386 31.8539)	False	11.0	False
797630	F	74.0	Chrome	Windows	United States	POINT(-118.426 34.4132)	True	12.0	False
lrbpos	F	63.0	Chrome	MacOS X	Brazil	POINT(-43.2192 -22.8305)	False	11.5	False
955494	M	71.0	Firefox	Windows	United States	POINT(-97.822 37.751)	False	14.333333333333334	True
256986		17.0	Chrome	Windows	South Korea	POINT(126.9741 37.5112)	True	9.0	False
328650	M	69.0	Firefox	MacOS X	Italy	POINT(12.5113 41.8919)	False	11.0	True
438063	M	45.0	Chrome	Windows	Brazil	POINT(-46.635 -23.627)	True	7.5	True
222114	F	36.0	Chrome	MacOS X	France	POINT(-3.6216 48.274)	False	19.0	False
942106	M	59.0	Chrome	Windows	Denmark	POINT(9.941 57.2702)	False	13.0	False
759879		44.0	Chrome	Windows	United States	POINT(-97.822 37.751)	False	12.0	False
914855	M	37.0	Chrome	Windows	China	POINT(113.5325 34.6836)	False	11.75	False
606616	F	24.0	Chrome	Windows	China	POINT(116.3883 39.9289)	True	11.0	False
688679	F	50.0	Chrome	Windows	United States	POINT(-97.822 37.751)	False	13.0	False
393370	M	50.0	Firefox	Windows	United States	POINT(-90.0959 30.4876)	False	12.0	False
fqx280	F	55.0	Firefox	Windows	United States	POINT(-97.822 37.751)	False	8.5	False
xgxp0f	F	36.0	Chrome	Linux	United States	POINT(-97.822 37.751)	False	12.0	False
063450	F	52.0	Firefox	Windows	United States	POINT(-97.822 37.751)	True	9.0	False
448631	F	25.0	Chrome	MacOS X	United States	POINT(-97.822 37.751)	False	11.0	False
948304		25.0	Chrome	Windows	United States	POINT(-97.822 37.751)	False	16.0	False
626336	F	48.0	Firefox	Windows	United States	POINT(-95.9526 36.1464)	False	14.0	False
794929	F	21.0	Chrome	Windows	United States	POINT(-97.822 37.751)	False	8.0	False
754931	F	69.0	Chrome	Windows	Australia	POINT(143.2104 -33.494)	False	16.0	False
465908	F		Firefox	Windows	United States	POINT(-97.822 37.751)	False	14.0	False
668154	M	70.0	Firefox	Windows	Japan	POINT(139.0386 36.3936)	True	10.666666666666666	False
1j1cbo	F	60.0	Chrome	Windows	United Kingdom	POINT(-2.1214 57.1865)	True	14.5	False
fhdes0		46.0	Chrome	MacOS X	China	POINT(108.9286 34.2583)	False	13.0	False
743424	F	44.0	Firefox	Linux			True	9.0	False
696260	F	25.0	Chrome	Windows	Russia	POINT(87.1 53.75)	False	12.0	False
071858	M	69.0	Chrome	Windows	United States	POINT(-93.3829 44.955)	False	13.333333333333334	False
871514	F	46.0	Edge	Windows	United Kingdom	POINT(-0.1224 51.4964)	True	8.75	True
040203	M	70.0	Chrome	MacOS X	United States	POINT(-97.822 37.751)	False	13.0	False
872owr	M	54.0	Chrome	MacOS X	China	POINT(116.3883 39.9289)	False	11.0	False
370170	F	61.0	Firefox	Windows	Brazil	POINT(-43.2192 -22.8305)	False	11.0	False
583137		34.0	Chrome	MacOS X	United States	POINT(-87.6483 41.9229)	False	16.0	False
982295	F	66.0	Chrome	Windows	Russia	POINT(37.6156 55.7522)	False	11.666666666666666	False
193002	F	35.0	Chrome	MacOS X	China	POINT(108.7026 34.3378)	False	11.25	False
112739	F	58.0	Firefox	Windows	France	POINT(2.3387 48.8582)	False	9.333333333333334	True
paxlvw	F	37.0	Chrome	Linux	China	POINT(113.7266 34.7725)	False	14.0	False
153517	F	57.0	Chrome	MacOS X	South Korea	POINT(126.9741 37.5112)	False	17.0	False
936686	M	37.0	Chrome	Windows	United States	POINT(-97.822 37.751)	False	9.0	False
751037	M	64.0	Chrome	Windows	Thailand	POINT(100.4667 13.75)	False	9.0	False
m2kwxv	M	66.0	Chrome	MacOS X	Germany	POINT(8.6712 50.4339)	False	10.0	False
hqnhkg	M	32.0	Chrome	Linux	South Korea	POINT(126.9741 37.5112)	True	11.0	False
950357	M	53.0	Chrome	Windows	United States	POINT(-97.822 37.751)	False	8.333333333333334	False
142584	F		Firefox	Windows	Japan	POINT(139.69 35.69)	False	13.0	False
gpnu2i		51.0	Chrome	Windows	Canada	POINT(-79.4828 43.6512)	False	6.666666666666667	False
d1je0k	M	51.0	Chrome	Linux	Iran	POINT(51.4231 35.6961)	False	18.0	False
2864mf	M	30.0	Firefox	Windows	United States	POINT(-97.822 37.751)	False	13.0	False
594313	M	53.0	Firefox	MacOS X	Greece	POINT(23.75 37.8667)	False	10.75	False
53mjnm	F	48.0	Chrome	Windows	France	POINT(-0.7275 45.6781)	False	12.0	False
fglhuo	M	74.0	Chrome	Windows	United States	POINT(-97.822 37.751)	False	20.0	False
257411	M	44.0	Chrome	Windows	Italy	POINT(12.1097 43.1479)	False	13.0	False
494445	F	34.0	Chrome	Windows	Spain	POINT(0.0272 40.2108)	False	11.0	False
bat36m	F	65.0	Chrome	MacOS X	United States	POINT(-97.822 37.751)	True	8.5	True
396491	M		Chrome	Windows	China	POINT(113.7266 34.7725)	False	17.0	False
9pw0o5	F	52.0	Firefox	Windows	Malaysia	POINT(112.5 2.5)	False	12.0	False
p1yslt	M	74.0	Chrome	Windows	United States	POINT(-97.822 37.751)	True	9.0	False
c0rmjm	F	56.0	Chrome	Windows	United States	POINT(-97.822 37.751)	False	17.0	False
445130	F	38.0	Safari	MacOS X	United States	POINT(-97.822 37.751)	False	11.0	False
382064	F	53.0	Safari	MacOS X	Colombia	POINT(-74.0758 4.5981)	True	7.5	False
z64dwu	M	36.0	Chrome	Windows	France	POINT(5.0558 45.851)	False	15.0	False
aij1vs	M	28.0	IE	Windows	Poland	POINT(21.0362 52.2394)	False	14.0	False
051399	M	59.0	Chrome	Windows	Switzerland	POINT(7.5973 47.471)	False	9.25	False
698306	M	53.0	Chrome	Windows	United States	POINT(-97.822 37.751)	False	11.25	True
o49kui	M	71.0	Chrome	Windows	South Korea	POINT(126.9741 37.5112)	True	12.0	False
752534	F	64.0	Firefox	Linux	United States	POINT(-97.822 37.751)	False	11.0	False
zo974h	M	77.0	Safari	MacOS X	United States	POINT(-85.6219 42.8894)	False	8.0	False
106403			Chrome	Windows	Portugal	POINT(-9.1394 38.7139)	False	19.0	False
229727	M	40.0	Chrome	Windows	Argentina	POINT(-58.3817 -34.6033)	False	7.5	False
vknmol	M	60.0	Chrome	Windows	United States	POINT(-86.741 36.1379)	True	11.5	False
931208	M		Firefox	Windows	United States	POINT(-97.822 37.751)	True	10.5	False
x7a0ph	M		Chrome	Linux	South Africa	POINT(28.0583 -26.2309)	False	12.0	False
296958	M		IE	Windows	France	POINT(2.3387 48.8582)	True	10.166666666666666	False
966141	M	64.0	Chrome	MacOS X	Israel	POINT(35.23 31.78)	False	18.0	False
767447	F	71.0	Safari	MacOS X	United States	POINT(-97.822 37.751)	False	14.0	False
718764	M	65.0	Firefox	Windows	Philippines	POINT(121.0697 14.5732)	True	10.833333333333334	True
743360	F	38.0	Chrome	Windows	Netherlands	POINT(6.2081 52.2537)	True	10.0	False
ta02gr	F	33.0	Chrome	Windows	United Kingdom	POINT(-0.1224 51.4964)	True	10.0	False
752494	M	60.0	Chrome	MacOS X	Netherlands	POINT(4.8841 52.3876)	False	10.0	False
a5pz4m	F	66.0	Chrome	Windows	United States	POINT(-74.4117 40.8621)	True	14.5	False
609386	M	30.0	Chrome	Linux	Israel	POINT(34.8672 32.1808)	False	6.0	False
325794	M	29.0	Firefox	Linux	United States	POINT(-97.822 37.751)	False	14.0	False
196966	F	29.0	Chrome	Windows	United States	POINT(-97.822 37.751)	False	10.0	False
102272	F	75.0	Chrome	Windows	Malaysia	POINT(103.5011 1.7259)	True	6.0	False
825054		56.0	Chrome	MacOS X	South Korea	POINT(127.0889 36.9947)	True	11.25	False
980703	F	70.0	Chrome	Windows	Japan	POINT(139.69 35.69)	True	9.2	False
kl8437	F	64.0	Safari	MacOS X	Morocco	POINT(-5 32)	False	11.0	False
790023	F	38.0	Chrome	MacOS X	United Kingdom	POINT(-0.2066 52.194)	True	8.6	True
228776	F		Chrome	Linux	Uruguay	POINT(-56 -33)	True	10.6	True
312993	M	45.0	Chrome	Windows	United States	POINT(-122.2472 47.9017)	True	9.333333333333334	False
8cnlqz	F	52.0	Chrome	Windows	South Korea	POINT(126.7114 35.9786)	False	13.0	False
920236	F	67.0	Chrome	Windows	Macedonia	POINT(21.3403 41.0311)	False	10.5	False
ct1ank	F		Safari	MacOS X	China	POINT(113.25 23.1167)	True	11.0	False
630703	M	49.0	Chrome	Windows	China	POINT(116.3105 37.4513)	True	11.0	False
nzjjr3	F	26.0	Chrome	Windows	China	POINT(116.3883 39.9289)	False	17.0	False
666316	F	27.0	Firefox	Windows	United Kingdom	POINT(-0.0948 51.5198)	False	12.0	False
3x9h7a	F	34.0	Chrome	Linux	Germany	POINT(9.491 51.2993)	True	9.333333333333334	False
830951	F	40.0	Safari	MacOS X	Canada	POINT(-79.3716 43.6319)	False	13.0	False
