{
    "age_first_order": {
        "scale": [
            24.5,
            32.5,
            39.0,
            44.5,
            49.5,
            54.0,
            59.0,
            64.5,
            69.5,
            75.0
        ],
        "distribution": [
            0.10217046056114346,
            0.10005293806246691,
            0.10799364743250398,
            0.09581789306511382,
            0.1111699311805188,
            0.09422975119110641,
            0.11805187930121758,
            0.10481736368448914,
            0.1127580730545262,
            0.05293806246691371
        ]
    },
    "gender": {
        "scale": [
            "F",
            "M",
            "__DKU_N/A__"
        ],
        "distribution": [
            0.46164446485989896,
            0.4405144694533762,
            0.09784106568672485
        ]
    },
    "user_agent_brand": {
        "scale": [
            "Chrome",
            "Edge",
            "Firefox",
            "IE",
            "Safari"
        ],
        "distribution": [
            0.737253100597152,
            0.014699127239320165,
            0.1465319246669729,
            0.01929260450160772,
            0.08222324299494717
        ]
    },
    "user_agent_os": {
        "scale": [
            "Linux",
            "MacOS X",
            "Windows"
        ],
        "distribution": [
            0.05925585668350942,
            0.2756086357372531,
            0.6651355075792375
        ]
    },
    "ip_address_country": {
        "scale": [
            "Albania",
            "Algeria",
            "Argentina",
            "Australia",
            "Austria",
            "Belarus",
            "Belgium",
            "Brazil",
            "Canada",
            "Chile",
            "China",
            "Colombia",
            "Croatia",
            "Czechia",
            "Denmark",
            "Dominican Republic",
            "Egypt",
            "Finland",
            "France",
            "Germany",
            "Ghana",
            "Greece",
            "Guatemala",
            "Hashemite Kingdom of Jordan",
            "Hong Kong",
            "Hungary",
            "India",
            "Indonesia",
            "Iran",
            "Iraq",
            "Ireland",
            "Israel",
            "Italy",
            "Ivory Coast",
            "Japan",
            "Kenya",
            "Kuwait",
            "Latvia",
            "Liberia",
            "Macedonia",
            "Malaysia",
            "Mexico",
            "Morocco",
            "Mozambique",
            "Netherlands",
            "New Caledonia",
            "New Zealand",
            "Norway",
            "Pakistan",
            "Palestine",
            "Panama",
            "Philippines",
            "Poland",
            "Portugal",
            "Republic of Lithuania",
            "Romania",
            "Russia",
            "Singapore",
            "Slovakia",
            "Slovenia",
            "South Africa",
            "South Korea",
            "Spain",
            "Sweden",
            "Switzerland",
            "Taiwan",
            "Thailand",
            "Tunisia",
            "Turkey",
            "Ukraine",
            "United Kingdom",
            "United States",
            "Uruguay",
            "Venezuela",
            "Vietnam",
            "__DKU_N/A__"
        ],
        "distribution": [
            0.001,
            0.001,
            0.013,
            0.016,
            0.006,
            0.002,
            0.005,
            0.029,
            0.018,
            0.002,
            0.086,
            0.007,
            0.001,
            0.004,
            0.003,
            0.001,
            0.004,
            0.005,
            0.033,
            0.04,
            0.001,
            0.004,
            0.001,
            0.002,
            0.005,
            0.003,
            0.012,
            0.004,
            0.005,
            0.001,
            0.005,
            0.006,
            0.021,
            0.002,
            0.057,
            0.001,
            0.002,
            0.001,
            0.001,
            0.001,
            0.004,
            0.007,
            0.004,
            0.001,
            0.015,
            0.001,
            0.001,
            0.007,
            0.001,
            0.001,
            0.001,
            0.003,
            0.01,
            0.003,
            0.001,
            0.003,
            0.005,
            0.002,
            0.001,
            0.002,
            0.012,
            0.028,
            0.008,
            0.009,
            0.006,
            0.012,
            0.001,
            0.001,
            0.004,
            0.006,
            0.038,
            0.362,
            0.002,
            0.003,
            0.001,
            0.022
        ]
    },
    "pages_visited_avg": {
        "scale": [
            7.833333333333333,
            9.083333333333332,
            9.75,
            10.375,
            11.0,
            11.625,
            12.5,
            13.5,
            15.0,
            19.5
        ],
        "distribution": [
            0.11914893617021277,
            0.10543735224586288,
            0.055791962174940896,
            0.14988179669030732,
            0.10307328605200945,
            0.06382978723404255,
            0.12955082742316784,
            0.08368794326241134,
            0.1148936170212766,
            0.07470449172576832
        ]
    },
    "campaign": {
        "scale": [
            "False",
            "True"
        ],
        "distribution": [
            0.650895728066146,
            0.3491042719338539
        ]
    }
}