[
    {
        "test_score_gib": 0.7929752901686414,
        "train_score": 0.8414366115341679,
        "test_score": 0.7929752901686414,
        "num_samples": 1723,
        "fit_time": 847,
        "score_time": 382,
        "time": 1229,
        "parameters": {
            "max_depth": 6,
            "max_features": "auto",
            "min_samples_leaf": 1,
            "n_estimators": 100,
            "min_samples_split": 3
        },
        "best_iteration": null,
        "done_at": 1629399630259,
        "split_id": 0
    },
    {
        "test_score_gib": 0.795488492297674,
        "train_score": 0.8379192468409877,
        "test_score": 0.795488492297674,
        "num_samples": 1722,
        "fit_time": 878,
        "score_time": 479,
        "time": 1357,
        "parameters": {
            "max_depth": 6,
            "max_features": "auto",
            "min_samples_leaf": 1,
            "n_estimators": 100,
            "min_samples_split": 3
        },
        "best_iteration": null,
        "done_at": 1629399630388,
        "split_id": 1
    },
    {
        "test_score_gib": 0.7897112390875236,
        "train_score": 0.8361141514248099,
        "test_score": 0.7897112390875236,
        "num_samples": 1722,
        "fit_time": 867,
        "score_time": 358,
        "time": 1225,
        "parameters": {
            "max_depth": 6,
            "max_features": "auto",
            "min_samples_leaf": 1,
            "n_estimators": 100,
            "min_samples_split": 3
        },
        "best_iteration": null,
        "done_at": 1629399630256,
        "split_id": 2
    },
    {
        "test_score_gib": 0.7993691622067114,
        "train_score": 0.8356625283121717,
        "test_score": 0.7993691622067114,
        "num_samples": 1722,
        "fit_time": 882,
        "score_time": 259,
        "time": 1141,
        "parameters": {
            "max_depth": 6,
            "max_features": "auto",
            "min_samples_leaf": 1,
            "n_estimators": 100,
            "min_samples_split": 3
        },
        "best_iteration": null,
        "done_at": 1629399630173,
        "split_id": 3
    },
    {
        "test_score_gib": 0.7767890595728737,
        "train_score": 0.8327493815935838,
        "test_score": 0.7767890595728737,
        "num_samples": 1721,
        "fit_time": 477,
        "score_time": 164,
        "time": 641,
        "parameters": {
            "max_depth": 6,
            "max_features": "auto",
            "min_samples_leaf": 1,
            "n_estimators": 100,
            "min_samples_split": 3
        },
        "best_iteration": null,
        "done_at": 1629399630819,
        "split_id": 4
    },
    {
        "test_score_gib": 0.789471023577466,
        "train_score": 0.9195562212070669,
        "test_score": 0.789471023577466,
        "num_samples": 1723,
        "fit_time": 596,
        "score_time": 201,
        "time": 797,
        "parameters": {
            "max_depth": 13,
            "max_features": "auto",
            "min_samples_leaf": 1,
            "n_estimators": 100,
            "min_samples_split": 3
        },
        "best_iteration": null,
        "done_at": 1629399631055,
        "split_id": 0
    },
    {
        "test_score_gib": 0.7948657943468794,
        "train_score": 0.9138471761236158,
        "test_score": 0.7948657943468794,
        "num_samples": 1722,
        "fit_time": 597,
        "score_time": 196,
        "time": 793,
        "parameters": {
            "max_depth": 13,
            "max_features": "auto",
            "min_samples_leaf": 1,
            "n_estimators": 100,
            "min_samples_split": 3
        },
        "best_iteration": null,
        "done_at": 1629399631053,
        "split_id": 1
    },
    {
        "test_score_gib": 0.775946765430089,
        "train_score": 0.92256327359191,
        "test_score": 0.775946765430089,
        "num_samples": 1722,
        "fit_time": 466,
        "score_time": 197,
        "time": 663,
        "parameters": {
            "max_depth": 13,
            "max_features": "auto",
            "min_samples_leaf": 1,
            "n_estimators": 100,
            "min_samples_split": 3
        },
        "best_iteration": null,
        "done_at": 1629399631055,
        "split_id": 2
    },
    {
        "test_score_gib": 0.7946948576545044,
        "train_score": 0.9226290612106802,
        "test_score": 0.7946948576545044,
        "num_samples": 1722,
        "fit_time": 244,
        "score_time": 250,
        "time": 494,
        "parameters": {
            "max_depth": 13,
            "max_features": "auto",
            "min_samples_leaf": 1,
            "n_estimators": 100,
            "min_samples_split": 3
        },
        "best_iteration": null,
        "done_at": 1629399631314,
        "split_id": 3
    },
    {
        "test_score_gib": 0.7729853226253116,
        "train_score": 0.9123431127048868,
        "test_score": 0.7729853226253116,
        "num_samples": 1721,
        "fit_time": 339,
        "score_time": 84,
        "time": 423,
        "parameters": {
            "max_depth": 13,
            "max_features": "auto",
            "min_samples_leaf": 1,
            "n_estimators": 100,
            "min_samples_split": 3
        },
        "best_iteration": null,
        "done_at": 1629399631477,
        "split_id": 4
    }
]