{
    "startedAt": 1629399629028,
    "gridSize": 2,
    "nThreads": 4,
    "nSplits": 5,
    "metric": "ROC_AUC",
    "timeout": null,
    "gridPoints": [
        {
            "finishedAt": 1629399630819,
            "score": 0.7908685286005519,
            "testScoreGibMean": 0.7908685286005519,
            "testScoreMean": 0.7908685286005519,
            "testScoreStd": 0.007713643862673693,
            "trainScoreMean": 0.8367773929109399,
            "trainScoreStd": 0.0028608747067074424,
            "time": 5593,
            "fitTimeMean": 790.2,
            "fitTimeStd": 157.0699207359576,
            "scoreTimeMean": 328.4,
            "scoreTimeStd": 107.95665796976118,
            "best_iteration": null,
            "parameters": {
                "max_depth": 6,
                "max_features": "auto",
                "min_samples_leaf": 1,
                "n_estimators": 100,
                "min_samples_split": 3
            }
        },
        {
            "finishedAt": 1629399631477,
            "score": 0.7855946674424078,
            "testScoreGibMean": 0.7855946674424078,
            "testScoreMean": 0.7855946674424078,
            "testScoreStd": 0.00933581680272509,
            "trainScoreMean": 0.9181886067270398,
            "trainScoreStd": 0.004329544518414371,
            "time": 3170,
            "fitTimeMean": 448.4,
            "fitTimeStd": 139.94656122963508,
            "scoreTimeMean": 185.6,
            "scoreTimeStd": 54.67211354977965,
            "best_iteration": null,
            "parameters": {
                "max_depth": 13,
                "max_features": "auto",
                "min_samples_leaf": 1,
                "n_estimators": 100,
                "min_samples_split": 3
            }
        }
    ]
}