{
    "modelInputNRows": 8610,
    "modelInputNCols": 130,
    "modelInputIsSparse": false,
    "modelInputMemory": 8954400,
    "usedGridSearch": true,
    "gridSize": 2,
    "gridBestScore": 0.7908685286005519,
    "gridCells": [
        {
            "params": {
                "max_depth": 6,
                "max_features": "auto",
                "min_samples_leaf": 1,
                "n_estimators": 100,
                "min_samples_split": 3
            },
            "score": 0.7908685286005519,
            "scoreStd": 0.007713643862673693,
            "fitTime": 0.7902,
            "fitTimeStd": 0.1570699207359576,
            "scoreTime": 0.32839999999999997,
            "scoreTimeStd": 0.10795665796976119
        },
        {
            "params": {
                "max_depth": 13,
                "max_features": "auto",
                "min_samples_leaf": 1,
                "n_estimators": 100,
                "min_samples_split": 3
            },
            "score": 0.7855946674424078,
            "scoreStd": 0.00933581680272509,
            "fitTime": 0.44839999999999997,
            "fitTimeStd": 0.13994656122963509,
            "scoreTime": 0.1856,
            "scoreTimeStd": 0.054672113549779654
        }
    ],
    "rawImportance": {
        "variables": [
            "age_first_order",
            "pages_visited_avg",
            "pw_linear:age_first_order+pages_visited_avg",
            "pw_linear:age_first_order-pages_visited_avg",
            "poly_int:age_first_order",
            "poly_int:pages_visited_avg",
            "poly_int:age_first_order * pages_visited_avg",
            "dummy:gender:M",
            "dummy:gender:F",
            "dummy:gender:N/A",
            "dummy:user_agent_brand:Chrome",
            "dummy:user_agent_brand:Firefox",
            "dummy:user_agent_brand:Safari",
            "dummy:user_agent_brand:IE",
            "dummy:user_agent_brand:Edge",
            "dummy:user_agent_os:Windows",
            "dummy:user_agent_os:MacOS X",
            "dummy:user_agent_os:Linux",
            "dummy:ip_address_country:United States",
            "dummy:ip_address_country:China",
            "dummy:ip_address_country:Japan",
            "dummy:ip_address_country:United Kingdom",
            "dummy:ip_address_country:Germany",
            "dummy:ip_address_country:Brazil",
            "dummy:ip_address_country:France",
            "dummy:ip_address_country:South Korea",
            "dummy:ip_address_country:Canada",
            "dummy:ip_address_country:Netherlands",
            "dummy:ip_address_country:Italy",
            "dummy:ip_address_country:Russia",
            "dummy:ip_address_country:Australia",
            "dummy:ip_address_country:India",
            "dummy:ip_address_country:South Africa",
            "dummy:ip_address_country:Taiwan",
            "dummy:ip_address_country:Spain",
            "dummy:ip_address_country:Mexico",
            "dummy:ip_address_country:Egypt",
            "dummy:ip_address_country:Sweden",
            "dummy:ip_address_country:Poland",
            "dummy:ip_address_country:Argentina",
            "dummy:ip_address_country:Colombia",
            "dummy:ip_address_country:Norway",
            "dummy:ip_address_country:Belgium",
            "dummy:ip_address_country:Turkey",
            "dummy:ip_address_country:Switzerland",
            "dummy:ip_address_country:Denmark",
            "dummy:ip_address_country:Ireland",
            "dummy:ip_address_country:Austria",
            "dummy:ip_address_country:Indonesia",
            "dummy:ip_address_country:Ukraine",
            "dummy:ip_address_country:Vietnam",
            "dummy:ip_address_country:Chile",
            "dummy:ip_address_country:Morocco",
            "dummy:ip_address_country:Finland",
            "dummy:ip_address_country:Czechia",
            "dummy:ip_address_country:Israel",
            "dummy:ip_address_country:Romania",
            "dummy:ip_address_country:Singapore",
            "dummy:ip_address_country:Hong Kong",
            "dummy:ip_address_country:Malaysia",
            "dummy:ip_address_country:Tunisia",
            "dummy:ip_address_country:New Zealand",
            "dummy:ip_address_country:Portugal",
            "dummy:ip_address_country:Saudi Arabia",
            "dummy:ip_address_country:Philippines",
            "dummy:ip_address_country:Algeria",
            "dummy:ip_address_country:Kenya",
            "dummy:ip_address_country:Iran",
            "dummy:ip_address_country:Hungary",
            "dummy:ip_address_country:Thailand",
            "dummy:ip_address_country:Venezuela",
            "dummy:ip_address_country:Nigeria",
            "dummy:ip_address_country:Ecuador",
            "dummy:ip_address_country:Greece",
            "dummy:ip_address_country:Luxembourg",
            "dummy:ip_address_country:Slovakia",
            "dummy:ip_address_country:United Arab Emirates",
            "dummy:ip_address_country:Bulgaria",
            "dummy:ip_address_country:Republic of Lithuania",
            "dummy:ip_address_country:Sudan",
            "dummy:ip_address_country:Dominican Republic",
            "dummy:ip_address_country:Puerto Rico",
            "dummy:ip_address_country:Angola",
            "dummy:ip_address_country:Serbia",
            "dummy:ip_address_country:Republic of Moldova",
            "dummy:ip_address_country:Peru",
            "dummy:ip_address_country:Zambia",
            "dummy:ip_address_country:Belarus",
            "dummy:ip_address_country:Latvia",
            "dummy:ip_address_country:Hashemite Kingdom of Jordan",
            "dummy:ip_address_country:Uganda",
            "dummy:ip_address_country:Armenia",
            "dummy:ip_address_country:Cyprus",
            "dummy:ip_address_country:Cambodia",
            "dummy:ip_address_country:Mauritius",
            "dummy:ip_address_country:Estonia",
            "dummy:ip_address_country:Bosnia and Herzegovina",
            "dummy:ip_address_country:Oman",
            "dummy:ip_address_country:N/A",
            "dummy:ip_address_country:__Others__",
            "dummy:campaign:False",
            "dummy:campaign:True"
        ],
        "importances": [
            0.11407408445593747,
            0.11030244304113516,
            0.0785541649903755,
            0.12118374751371164,
            0.10229189684173347,
            0.09630761883867363,
            0.055598514556306516,
            0.002617763936018314,
            0.002127638338703207,
            0.002412128241659466,
            0.004987670152841056,
            0.0033362040065172184,
            0.0013170764098877424,
            0.0010581873937232284,
            0.0009826080900441762,
            0.0023008342579587918,
            0.0010628374984143873,
            0.001149414543442623,
            0.0018102690842699116,
            0.0026203897513646436,
            0.0006310602745140535,
            0.0020843620498666917,
            0.0007840618068315586,
            0.0013172333876546336,
            0.001292875311093819,
            0.0006333044599419932,
            0.0016632245193153625,
            0.0011042327803665161,
            0.0006420195587665018,
            0.000796572526661952,
            0.00022451834647915648,
            0.0003920007991006788,
            0.0009329435720228313,
            0.001130977334069598,
            0.0007639617580497768,
            0.0007425484669604,
            0.0015680249326903168,
            0.0004700385037545669,
            0.0010211463712575632,
            0.0016192469853734532,
            0.0009458693499131901,
            0.0005723854718834631,
            6.875563008885727e-05,
            0.0005960443236271303,
            0.0003741866969950255,
            0.0005535920324056116,
            0.00028759134028619095,
            0.0006104195837439916,
            0.0006026789949046115,
            0.0002757766800294308,
            0.00040111443498078636,
            0.0009805387385817617,
            0.0007874396618317861,
            0.0011684328440726547,
            0.00010303440026979942,
            0.0003252807711539806,
            0.00010113833927324858,
            9.665636963272537e-05,
            0.00017986370992587294,
            0.00012233420121758858,
            0.0005889353617288155,
            8.35564689586515e-05,
            0.0005289387829605637,
            0.0002576703011908144,
            0.00014140613215740617,
            0.00036038890151542276,
            0.000435395799381399,
            0.00015776098472303421,
            0.00020716103535222918,
            1.578887032914059e-05,
            3.3792881528123736e-05,
            0.0001636063500725287,
            9.420697073392331e-05,
            0.00024367506228358717,
            0.00016511588549753754,
            0.0004068762715929681,
            0.0001906145293794078,
            8.480520242249015e-05,
            0.00010814996393655549,
            5.9653111955561236e-05,
            4.674097223262667e-05,
            2.7811181176789868e-05,
            1.1362344769326905e-05,
            1.2704319047429552e-05,
            5.3205184855275804e-05,
            3.4192231256778376e-05,
            5.625715918487087e-05,
            0.0007798913551783965,
            0.000161933780699934,
            1.575255630807463e-05,
            0.00046171470747410453,
            2.4301735257175832e-05,
            0.0002046864133527358,
            3.7198309884490334e-05,
            1.0996832719948242e-05,
            0.00025241334838348016,
            0.0003976088749910277,
            0.0008376723730706102,
            0.0006454555089159731,
            0.000673935609361772,
            0.10978878984506185,
            0.1460748972268099
        ]
    },
    "probaAware": true,
    "partialDependencies": [
        {
            "data": [
                [
                    -2.1068130423683926,
                    -2.1047968561720074,
                    -2.09978824548665,
                    -2.0887534123348064,
                    -2.0721578498737703,
                    -2.055728911461551,
                    -2.0194893431062217,
                    -1.9693194327770445,
                    -1.892117829816507,
                    -1.7571431147296974,
                    -1.5599367726257625,
                    -1.4547775646251573,
                    -1.3048066009961126,
                    -1.2409025346953584,
                    -1.0961250353315588,
                    -0.895896846942564,
                    -0.6968058422018953,
                    -0.5104165041849974,
                    -0.294519385612804,
                    -0.14248294776875825,
                    -0.010352597914467299,
                    0.04649212567734562,
                    0.1616395174202166,
                    0.23894127566030077,
                    0.31967760725294336,
                    0.4322351722027606,
                    0.4832387864327393,
                    0.5096311534213729,
                    0.5321906558340034,
                    0.5536215857663935,
                    0.5758212078495842,
                    0.5850042454726122,
                    0.6017795374416866,
                    0.6062181736298977,
                    0.6141983787398503,
                    0.6235035651362216,
                    0.6276727741950117,
                    0.6361661627687247,
                    0.6388081334330886,
                    0.6398096494690146,
                    0.6374469284440282,
                    0.628564469138819,
                    0.6159102150286186,
                    0.5878070461816535,
                    0.5114488796839104,
                    0.43089608580805727,
                    0.37792529042750456,
                    0.31724717689688653,
                    0.27817068151556684,
                    0.2575123530384127
                ]
            ],
            "feature": "age_first_order",
            "distribution": [
                0.006542526421741319,
                0.009562154001006542,
                0.01560140915953699,
                0.017614494212380472,
                0.009562154001006542,
                0.009562154001006542,
                0.02315047810770005,
                0.014091595369904378,
                0.010568696527428284,
                0.020130850528434826,
                0.010065425264217413,
                0.013085052843482638,
                0.013085052843482638,
                0.03069954705586311,
                0.012078510317060896,
                0.013085052843482638,
                0.028183190739808756,
                0.011575239053850024,
                0.021640664318067437,
                0.03673880221439356,
                0.017614494212380472,
                0.010065425264217413,
                0.03724207347760443,
                0.0206341217916457,
                0.02315047810770005,
                0.027176648213387014,
                0.04026170105686965,
                0.0206341217916457,
                0.017614494212380472,
                0.0498238550578762,
                0.019124308002013084,
                0.0206341217916457,
                0.038751887267237044,
                0.01610468042274786,
                0.017614494212380472,
                0.03975842979365878,
                0.02264720684448918,
                0.01560140915953699,
                0.01560140915953699,
                0.04579768495218923,
                0.01610468042274786,
                0.024660291897332664,
                0.042274786109713136,
                0.02415702063412179,
                0.011575239053850024,
                0.018621036738802214,
                0.011071967790639155,
                0.004529441368897836,
                0.004529441368897836
            ],
            "computedPostTraining": true,
            "isDate": false,
            "unrepresentedModalities": null,
            "nbRecords": 2177,
            "onSample": false,
            "randomState": 1337,
            "indicesToDrop": [],
            "featureBins": [
                14.0,
                15.306122448979592,
                16.612244897959183,
                17.918367346938776,
                19.224489795918366,
                20.53061224489796,
                21.836734693877553,
                23.142857142857142,
                24.448979591836732,
                25.755102040816325,
                27.06122448979592,
                28.36734693877551,
                29.6734693877551,
                30.97959183673469,
                32.285714285714285,
                33.59183673469387,
                34.897959183673464,
                36.20408163265306,
                37.51020408163265,
                38.816326530612244,
                40.12244897959184,
                41.42857142857143,
                42.73469387755102,
                44.04081632653061,
                45.3469387755102,
                46.6530612244898,
                47.95918367346938,
                49.265306122448976,
                50.57142857142857,
                51.87755102040816,
                53.18367346938775,
                54.48979591836734,
                55.795918367346935,
                57.10204081632653,
                58.40816326530612,
                59.71428571428571,
                61.0204081632653,
                62.326530612244895,
                63.63265306122449,
                64.93877551020407,
                66.24489795918367,
                67.55102040816325,
                68.85714285714286,
                70.16326530612244,
                71.46938775510203,
                72.77551020408163,
                74.08163265306122,
                75.38775510204081,
                76.6938775510204,
                78.0
            ]
        },
        {
            "data": [
                [
                    -0.01432522226598043,
                    0.01532226750589527,
                    0.0069660072280273155,
                    0.007792512439561028
                ]
            ],
            "feature": "gender",
            "distribution": [
                0.46164446485989896,
                0.4405144694533762,
                0.09784106568672485,
                0.0
            ],
            "computedPostTraining": true,
            "isDate": false,
            "unrepresentedModalities": [],
            "nbRecords": 2177,
            "onSample": false,
            "randomState": 1337,
            "indicesToDrop": [],
            "categories": [
                "F",
                "M",
                "__DKU_N/A__",
                "__DKU_UNREPRESENTED__"
            ]
        },
        {
            "data": [
                [
                    -0.014005208966934468,
                    0.051307773955888036,
                    0.031624723695966805,
                    0.013890242578537215,
                    -0.006098248760893155,
                    0.02083840892424005
                ]
            ],
            "feature": "user_agent_brand",
            "distribution": [
                0.737253100597152,
                0.1465319246669729,
                0.08222324299494717,
                0.01929260450160772,
                0.014699127239320165,
                0.0
            ],
            "computedPostTraining": true,
            "isDate": false,
            "unrepresentedModalities": [],
            "nbRecords": 2177,
            "onSample": false,
            "randomState": 1337,
            "indicesToDrop": [],
            "categories": [
                "Chrome",
                "Firefox",
                "Safari",
                "IE",
                "Edge",
                "__DKU_UNREPRESENTED__"
            ]
        },
        {
            "data": [
                [
                    0.0023470625186775562,
                    -0.004534915540508888,
                    0.00604412868057036,
                    0.0014805103997737046
                ]
            ],
            "feature": "user_agent_os",
            "distribution": [
                0.6651355075792375,
                0.2756086357372531,
                0.05925585668350942,
                0.0
            ],
            "computedPostTraining": true,
            "isDate": false,
            "unrepresentedModalities": [],
            "nbRecords": 2177,
            "onSample": false,
            "randomState": 1337,
            "indicesToDrop": [],
            "categories": [
                "Windows",
                "MacOS X",
                "Linux",
                "__DKU_UNREPRESENTED__"
            ]
        },
        {
            "data": [
                [
                    0.018428710839735407,
                    0.0209002224175886,
                    -0.006010473521328885,
                    -0.011596200013674673,
                    0.017730956479181215,
                    0.008246115755657146,
                    0.026279653453084584,
                    0.00415658342016445,
                    0.004828890963270771,
                    -0.018670109972257376,
                    -0.09686136611859197,
                    0.0009559938992929062,
                    -0.1454488231077523,
                    -0.012662640852007412,
                    0.004136521489828349,
                    -0.06255827654776058,
                    -0.09542793637461189,
                    -0.011209001986113742,
                    0.0032910205879010945,
                    0.12110512427107806,
                    -0.03997473840486143,
                    -0.04903422355180287,
                    -0.012678087449085496,
                    0.006904278728907198,
                    -0.017559609530868103,
                    0.024538440962428076,
                    -0.08023277903248471,
                    -0.04986788066961645,
                    -0.0788699917193002,
                    -0.0591483762892594,
                    -0.010976571981512917,
                    0.0047425667177313224
                ]
            ],
            "feature": "ip_address_country",
            "distribution": [
                0.3633440514469453,
                0.08773541570969223,
                0.06109324758842444,
                0.03950390445567294,
                0.03353238401469913,
                0.03031694993109784,
                0.02847955902618282,
                0.02572347266881029,
                0.021129995406522738,
                0.01929260450160772,
                0.018373909049150206,
                0.017914561322921452,
                0.017455213596692696,
                0.013780431786862656,
                0.01240238860817639,
                0.01240238860817639,
                0.010105649977032614,
                0.009186954524575103,
                0.009186954524575103,
                0.008727606798346348,
                0.008727606798346348,
                0.008268259072117593,
                0.0059715204409738175,
                0.0059715204409738175,
                0.0059715204409738175,
                0.0059715204409738175,
                0.0059715204409738175,
                0.005512172714745062,
                0.005052824988516307,
                0.005052824988516307,
                0.09784106568672483,
                0.0
            ],
            "computedPostTraining": true,
            "isDate": false,
            "unrepresentedModalities": [
                "Guatemala",
                "Mozambique",
                "Kuwait",
                "Fiji",
                "Lesotho",
                "Zimbabwe",
                "Macedonia",
                "Monaco",
                "New Caledonia",
                "Palestine",
                "Liberia"
            ],
            "nbRecords": 2177,
            "onSample": false,
            "randomState": 1337,
            "indicesToDrop": [],
            "categories": [
                "United States",
                "China",
                "Japan",
                "Germany",
                "France",
                "Brazil",
                "United Kingdom",
                "South Korea",
                "__DKU_N/A__",
                "Italy",
                "Netherlands",
                "Australia",
                "Canada",
                "India",
                "Taiwan",
                "South Africa",
                "Poland",
                "Russia",
                "Spain",
                "Argentina",
                "Mexico",
                "Sweden",
                "Egypt",
                "Belgium",
                "Ireland",
                "Finland",
                "Colombia",
                "Switzerland",
                "Norway",
                "Indonesia",
                "__DKU_OTHERS__",
                "__DKU_UNREPRESENTED__"
            ]
        },
        {
            "data": [
                [
                    -0.0941806565046398,
                    -0.09451083894850987,
                    -0.08982993813688911,
                    -0.08254768186217731,
                    -0.05784630723434969,
                    -0.03672621919544894,
                    -0.01361130610236072,
                    0.012129596703666312,
                    0.1512475216684599,
                    0.20829346418688216,
                    0.23035755958151805,
                    0.26821911990163605,
                    0.2757090234551924,
                    0.27480619940909123,
                    0.27841695960393387,
                    0.2960264235281854,
                    0.3082155572138966,
                    0.2673402187442894,
                    0.26313837931798295,
                    0.23448116604131392,
                    0.20034121263760418,
                    0.19831052055488502,
                    -0.02268896281515298,
                    -0.04443239555540135,
                    -0.1743459076285635,
                    -0.5053149603415165,
                    -0.5610868234098553,
                    -0.631582372915611,
                    -0.6607677723553124,
                    -0.6883334326813503,
                    -0.6924982898947721,
                    -0.6988909258395525,
                    -0.7056923756493135,
                    -0.716350672461798,
                    -0.7172070024977454,
                    -0.6946187587167852,
                    -0.6841296605229076,
                    -0.6867838904882094,
                    -0.689974209023768,
                    -0.6909372115715596,
                    -0.6993388259346488,
                    -0.7000809194064112,
                    -0.7045284440755023,
                    -0.7077248604483252,
                    -0.7112305503442663,
                    -0.7134178188281152,
                    -0.7164137461146255,
                    -0.7187049819470382,
                    -0.7282528373997886,
                    -0.7349407712445296
                ]
            ],
            "feature": "pages_visited_avg",
            "distribution": [
                0.0009186954524575103,
                0.00045934772622875517,
                0.00045934772622875517,
                0.0,
                0.006890215893431328,
                0.0,
                0.0013780431786862655,
                0.011483693155718878,
                0.005512172714745062,
                0.02756086357372531,
                0.0059715204409738175,
                0.014699127239320165,
                0.045475424896646764,
                0.029857602204869087,
                0.07395498392282958,
                0.045934772622875514,
                0.03031694993109784,
                0.10059715204409739,
                0.05282498851630684,
                0.08727606798346348,
                0.04685346807533303,
                0.020211299954065228,
                0.09967845659163987,
                0.02572347266881029,
                0.05604042259990813,
                0.01929260450160772,
                0.06430868167202572,
                0.003215434083601286,
                0.011483693155718878,
                0.034451079467156635,
                0.004593477262287551,
                0.0266421681212678,
                0.00045934772622875517,
                0.0009186954524575103,
                0.018373909049150206,
                0.0009186954524575103,
                0.009186954524575103,
                0.0,
                0.0,
                0.0059715204409738175,
                0.0,
                0.007349563619660083,
                0.0,
                0.0,
                0.0013780431786862655,
                0.0,
                0.00045934772622875517,
                0.0,
                0.0009186954524575103
            ],
            "computedPostTraining": true,
            "isDate": false,
            "unrepresentedModalities": null,
            "nbRecords": 2177,
            "onSample": false,
            "randomState": 1337,
            "indicesToDrop": [],
            "featureBins": [
                3.0,
                3.4081632653061225,
                3.816326530612245,
                4.224489795918368,
                4.63265306122449,
                5.040816326530612,
                5.448979591836735,
                5.857142857142858,
                6.26530612244898,
                6.673469387755102,
                7.081632653061225,
                7.4897959183673475,
                7.8979591836734695,
                8.306122448979592,
                8.714285714285715,
                9.122448979591837,
                9.53061224489796,
                9.938775510204081,
                10.346938775510203,
                10.755102040816327,
                11.16326530612245,
                11.571428571428571,
                11.979591836734695,
                12.387755102040817,
                12.795918367346939,
                13.204081632653061,
                13.612244897959183,
                14.020408163265307,
                14.428571428571429,
                14.83673469387755,
                15.244897959183675,
                15.653061224489797,
                16.06122448979592,
                16.46938775510204,
                16.877551020408163,
                17.285714285714285,
                17.693877551020407,
                18.10204081632653,
                18.510204081632654,
                18.918367346938776,
                19.3265306122449,
                19.73469387755102,
                20.142857142857142,
                20.551020408163264,
                20.95918367346939,
                21.367346938775512,
                21.775510204081634,
                22.183673469387756,
                22.591836734693878,
                23.0
            ]
        },
        {
            "data": [
                [
                    -0.3142779501508357,
                    0.5345435008657065,
                    0.06530444234797872
                ]
            ],
            "feature": "campaign",
            "distribution": [
                0.650895728066146,
                0.3491042719338539,
                0.0
            ],
            "computedPostTraining": true,
            "isDate": false,
            "unrepresentedModalities": [],
            "nbRecords": 2177,
            "onSample": false,
            "randomState": 1337,
            "indicesToDrop": [],
            "categories": [
                "False",
                "True",
                "__DKU_UNREPRESENTED__"
            ]
        }
    ]
}