{
    "diagnostics": [
        {
            "type": "ML_DIAGNOSTICS_DATASET_SANITY_CHECKS",
            "message": "The train dataset is imbalanced (balance=0.44), metrics can be misleading",
            "step": "Loading train set"
        },
        {
            "type": "ML_DIAGNOSTICS_DATASET_SANITY_CHECKS",
            "message": "The test dataset is imbalanced (balance=0.45), metrics can be misleading",
            "step": "Loading test set"
        },
        {
            "type": "ML_DIAGNOSTICS_MODEL_CHECK",
            "message": "The model (accuracy=0.827) is not significantly different than a random classifier (accuracy=0.816)",
            "step": "Scoring model"
        }
    ]
}