{
    "metrics": {},
    "processed_feature_names": [
        "age_first_order",
        "pages_visited_avg",
        "pw_linear:age_first_order+pages_visited_avg",
        "pw_linear:age_first_order-pages_visited_avg",
        "poly_int:",
        "poly_int:age_first_order",
        "poly_int:pages_visited_avg",
        "poly_int:age_first_order * pages_visited_avg",
        "dummy:gender:M",
        "dummy:gender:F",
        "dummy:gender:N/A",
        "dummy:gender:__Others__",
        "dummy:user_agent_brand:Chrome",
        "dummy:user_agent_brand:Firefox",
        "dummy:user_agent_brand:Safari",
        "dummy:user_agent_brand:IE",
        "dummy:user_agent_brand:Edge",
        "dummy:user_agent_brand:N/A",
        "dummy:user_agent_brand:__Others__",
        "dummy:user_agent_os:Windows",
        "dummy:user_agent_os:MacOS X",
        "dummy:user_agent_os:Linux",
        "dummy:user_agent_os:N/A",
        "dummy:user_agent_os:__Others__",
        "dummy:ip_address_country:United States",
        "dummy:ip_address_country:China",
        "dummy:ip_address_country:Japan",
        "dummy:ip_address_country:United Kingdom",
        "dummy:ip_address_country:Germany",
        "dummy:ip_address_country:Brazil",
        "dummy:ip_address_country:France",
        "dummy:ip_address_country:South Korea",
        "dummy:ip_address_country:Canada",
        "dummy:ip_address_country:Netherlands",
        "dummy:ip_address_country:Italy",
        "dummy:ip_address_country:Russia",
        "dummy:ip_address_country:Australia",
        "dummy:ip_address_country:India",
        "dummy:ip_address_country:South Africa",
        "dummy:ip_address_country:Taiwan",
        "dummy:ip_address_country:Spain",
        "dummy:ip_address_country:Mexico",
        "dummy:ip_address_country:Egypt",
        "dummy:ip_address_country:Sweden",
        "dummy:ip_address_country:Poland",
        "dummy:ip_address_country:Argentina",
        "dummy:ip_address_country:Colombia",
        "dummy:ip_address_country:Norway",
        "dummy:ip_address_country:Belgium",
        "dummy:ip_address_country:Turkey",
        "dummy:ip_address_country:Switzerland",
        "dummy:ip_address_country:Denmark",
        "dummy:ip_address_country:Ireland",
        "dummy:ip_address_country:Austria",
        "dummy:ip_address_country:Indonesia",
        "dummy:ip_address_country:Ukraine",
        "dummy:ip_address_country:Vietnam",
        "dummy:ip_address_country:Chile",
        "dummy:ip_address_country:Morocco",
        "dummy:ip_address_country:Finland",
        "dummy:ip_address_country:Czechia",
        "dummy:ip_address_country:Israel",
        "dummy:ip_address_country:Romania",
        "dummy:ip_address_country:Singapore",
        "dummy:ip_address_country:Hong Kong",
        "dummy:ip_address_country:Malaysia",
        "dummy:ip_address_country:Tunisia",
        "dummy:ip_address_country:New Zealand",
        "dummy:ip_address_country:Portugal",
        "dummy:ip_address_country:Saudi Arabia",
        "dummy:ip_address_country:Philippines",
        "dummy:ip_address_country:Algeria",
        "dummy:ip_address_country:Kenya",
        "dummy:ip_address_country:Iran",
        "dummy:ip_address_country:Hungary",
        "dummy:ip_address_country:Thailand",
        "dummy:ip_address_country:Venezuela",
        "dummy:ip_address_country:Nigeria",
        "dummy:ip_address_country:Ecuador",
        "dummy:ip_address_country:Greece",
        "dummy:ip_address_country:Luxembourg",
        "dummy:ip_address_country:Slovenia",
        "dummy:ip_address_country:Pakistan",
        "dummy:ip_address_country:Slovakia",
        "dummy:ip_address_country:United Arab Emirates",
        "dummy:ip_address_country:Bulgaria",
        "dummy:ip_address_country:Republic of Lithuania",
        "dummy:ip_address_country:Sudan",
        "dummy:ip_address_country:Dominican Republic",
        "dummy:ip_address_country:Puerto Rico",
        "dummy:ip_address_country:Panama",
        "dummy:ip_address_country:Angola",
        "dummy:ip_address_country:Serbia",
        "dummy:ip_address_country:Tanzania",
        "dummy:ip_address_country:Republic of Moldova",
        "dummy:ip_address_country:Peru",
        "dummy:ip_address_country:Uruguay",
        "dummy:ip_address_country:Zambia",
        "dummy:ip_address_country:Iceland",
        "dummy:ip_address_country:Belarus",
        "dummy:ip_address_country:Kazakhstan",
        "dummy:ip_address_country:Latvia",
        "dummy:ip_address_country:Ghana",
        "dummy:ip_address_country:Albania",
        "dummy:ip_address_country:Trinidad and Tobago",
        "dummy:ip_address_country:Hashemite Kingdom of Jordan",
        "dummy:ip_address_country:Croatia",
        "dummy:ip_address_country:Uganda",
        "dummy:ip_address_country:Ivory Coast",
        "dummy:ip_address_country:Armenia",
        "dummy:ip_address_country:Iraq",
        "dummy:ip_address_country:Cyprus",
        "dummy:ip_address_country:Georgia",
        "dummy:ip_address_country:Syria",
        "dummy:ip_address_country:Cambodia",
        "dummy:ip_address_country:Honduras",
        "dummy:ip_address_country:Mauritius",
        "dummy:ip_address_country:Estonia",
        "dummy:ip_address_country:Bosnia and Herzegovina",
        "dummy:ip_address_country:Oman",
        "dummy:ip_address_country:Paraguay",
        "dummy:ip_address_country:Costa Rica",
        "dummy:ip_address_country:El Salvador",
        "dummy:ip_address_country:Gabon",
        "dummy:ip_address_country:N/A",
        "dummy:ip_address_country:__Others__",
        "dummy:campaign:False",
        "dummy:campaign:True",
        "dummy:campaign:N/A",
        "dummy:campaign:__Others__"
    ],
    "tiMetrics": {
        "auc": 0.7910431839917604,
        "logLoss": 0.5468908465477769,
        "lift": 1.970409239824532,
        "calibrationLoss": 0.3091938980619642
    },
    "probaPercentiles": [
        0.04017728569077256,
        0.045356344981909776,
        0.04880009352370642,
        0.05081507481827081,
        0.05394104779975235,
        0.05742424363435271,
        0.06145830282631043,
        0.06533330501435762,
        0.07250449528224841,
        0.08058021861501646,
        0.0904636527623641,
        0.09852371836148585,
        0.10724462849307592,
        0.11259259593055505,
        0.1231805188199396,
        0.1326622443656171,
        0.14380462355030232,
        0.15425629940863148,
        0.16755743569728443,
        0.18221538427312628,
        0.2048801214017466,
        0.23534614341384053,
        0.24689848804261974,
        0.25570684935302324,
        0.26678639681608507,
        0.273875434372166,
        0.2798019887013701,
        0.2855620819743226,
        0.29255230128900933,
        0.2980440111922849,
        0.3062782480946486,
        0.3149389558777347,
        0.32181980353950235,
        0.32923111584884934,
        0.33456434773005506,
        0.3384122715262528,
        0.3433981861989816,
        0.34727526841212947,
        0.3521317607040638,
        0.35786006090705713,
        0.3670628082317361,
        0.3750493646322187,
        0.3842596621496425,
        0.3965114208023051,
        0.40631009858326095,
        0.41691362928570314,
        0.4210902239865224,
        0.42505171730292846,
        0.435078792942846,
        0.441733147059205,
        0.4491105137352771,
        0.4560310299508442,
        0.46138578081763304,
        0.46490157093476225,
        0.46820799344312675,
        0.4706491833941484,
        0.473707405224874,
        0.47667806163376847,
        0.4798894147393906,
        0.4837441765551118,
        0.4890171212870881,
        0.4933562610693211,
        0.49674798224261113,
        0.49944802511773745,
        0.5031271571476227,
        0.505938289058528,
        0.5089355715239582,
        0.5114735011198355,
        0.5135747375850537,
        0.5157613338044731,
        0.5190661817787158,
        0.521489594237283,
        0.5240921254654598,
        0.5261267565824266,
        0.5279965587614164,
        0.5332908797883941,
        0.5404373873153324,
        0.5489110258651662,
        0.5561421577475064,
        0.5821804534376279,
        0.6040468377116,
        0.6191745057363893,
        0.6309673058993693,
        0.642657194842934,
        0.6585106573981923,
        0.6688620750967669,
        0.6755908296474213,
        0.6837141265007005,
        0.6901545235959529,
        0.6983318553808527,
        0.7030252309888437,
        0.7058450312669121,
        0.7087772898579601,
        0.7114630074363021,
        0.7137188012855066,
        0.7161026884278319,
        0.7191325496339396,
        0.7217706362794758,
        0.7270375148339503
    ],
    "perCutData": {
        "cut": [
            0,
            0.025,
            0.05,
            0.07500000000000001,
            0.1,
            0.125,
            0.15,
            0.175,
            0.19999999999999998,
            0.22499999999999998,
            0.24999999999999997,
            0.27499999999999997,
            0.3,
            0.325,
            0.35000000000000003,
            0.37500000000000006,
            0.4000000000000001,
            0.4250000000000001,
            0.4500000000000001,
            0.47500000000000014,
            0.5000000000000001,
            0.5250000000000001,
            0.5500000000000002,
            0.5750000000000002,
            0.6000000000000002,
            0.6250000000000002,
            0.6500000000000002,
            0.6750000000000003,
            0.7000000000000003,
            0.7250000000000003,
            0.7500000000000003,
            0.7750000000000004,
            0.8000000000000004,
            0.8250000000000004,
            0.8500000000000004,
            0.8750000000000004,
            0.9000000000000005,
            0.9250000000000005,
            0.9500000000000005,
            0.9750000000000005
        ],
        "tp": [
            207,
            207,
            207,
            207,
            206,
            206,
            206,
            205,
            204,
            204,
            203,
            202,
            202,
            199,
            194,
            188,
            186,
            182,
            177,
            164,
            154,
            133,
            119,
            114,
            111,
            106,
            98,
            88,
            66,
            16,
            0,
            0,
            0,
            0,
            0,
            0,
            0,
            0,
            0,
            0
        ],
        "tn": [
            0,
            0,
            78,
            205,
            261,
            332,
            383,
            426,
            449,
            470,
            505,
            568,
            655,
            725,
            823,
            895,
            944,
            1020,
            1085,
            1206,
            1345,
            1526,
            1613,
            1644,
            1663,
            1694,
            1730,
            1770,
            1824,
            1952,
            1970,
            1970,
            1970,
            1970,
            1970,
            1970,
            1970,
            1970,
            1970,
            1970
        ],
        "fp": [
            1970,
            1970,
            1892,
            1765,
            1709,
            1638,
            1587,
            1544,
            1521,
            1500,
            1465,
            1402,
            1315,
            1245,
            1147,
            1075,
            1026,
            950,
            885,
            764,
            625,
            444,
            357,
            326,
            307,
            276,
            240,
            200,
            146,
            18,
            0,
            0,
            0,
            0,
            0,
            0,
            0,
            0,
            0,
            0
        ],
        "fn": [
            0,
            0,
            0,
            0,
            1,
            1,
            1,
            2,
            3,
            3,
            4,
            5,
            5,
            8,
            13,
            19,
            21,
            25,
            30,
            43,
            53,
            74,
            88,
            93,
            96,
            101,
            109,
            119,
            141,
            191,
            207,
            207,
            207,
            207,
            207,
            207,
            207,
            207,
            207,
            207
        ],
        "precision": [
            0.09508497932935232,
            0.09508497932935232,
            0.09861838970938543,
            0.10496957403651115,
            0.10757180156657964,
            0.11171366594360087,
            0.11489124372559956,
            0.11720983419096627,
            0.11826086956521739,
            0.11971830985915492,
            0.12170263788968826,
            0.1259351620947631,
            0.13315754779169414,
            0.13781163434903046,
            0.14466815809097688,
            0.14885193982581155,
            0.15346534653465346,
            0.1607773851590106,
            0.16666666666666666,
            0.17672413793103448,
            0.19768934531450577,
            0.23050259965337955,
            0.25,
            0.2590909090909091,
            0.26555023923444976,
            0.2774869109947644,
            0.28994082840236685,
            0.3055555555555556,
            0.3113207547169811,
            0.47058823529411764,
            1.0,
            1.0,
            1.0,
            1.0,
            1.0,
            1.0,
            1.0,
            1.0,
            1.0,
            1.0
        ],
        "recall": [
            1.0,
            1.0,
            1.0,
            1.0,
            0.9951690821256038,
            0.9951690821256038,
            0.9951690821256038,
            0.9903381642512077,
            0.9855072463768116,
            0.9855072463768116,
            0.9806763285024155,
            0.9758454106280193,
            0.9758454106280193,
            0.961352657004831,
            0.9371980676328503,
            0.9082125603864735,
            0.8985507246376812,
            0.8792270531400966,
            0.855072463768116,
            0.7922705314009661,
            0.7439613526570048,
            0.642512077294686,
            0.5748792270531401,
            0.5507246376811594,
            0.5362318840579711,
            0.5120772946859904,
            0.47342995169082125,
            0.4251207729468599,
            0.3188405797101449,
            0.07729468599033816,
            0.0,
            0.0,
            0.0,
            0.0,
            0.0,
            0.0,
            0.0,
            0.0,
            0.0,
            0.0
        ],
        "accuracy": [
            0.09508497932935232,
            0.09508497932935232,
            0.13091410197519524,
            0.18925126320624713,
            0.21451538814882867,
            0.2471290767110703,
            0.2705558107487368,
            0.2898484152503445,
            0.2999540652273771,
            0.309600367478181,
            0.3252181901699587,
            0.3536977491961415,
            0.39366100137804316,
            0.42443729903536975,
            0.467156637574644,
            0.49747358750574183,
            0.5190629306384933,
            0.5521359669269638,
            0.579696830500689,
            0.6293063849333945,
            0.688562241616904,
            0.7620578778135049,
            0.7955902618282039,
            0.8075333027101516,
            0.8148828663298117,
            0.8268259072117593,
            0.8396876435461644,
            0.8534680753330272,
            0.8681672025723473,
            0.9039963252181902,
            0.9049150206706477,
            0.9049150206706477,
            0.9049150206706477,
            0.9049150206706477,
            0.9049150206706477,
            0.9049150206706477,
            0.9049150206706477,
            0.9049150206706477,
            0.9049150206706477,
            0.9049150206706477
        ],
        "f1": [
            0.17365771812080538,
            0.17365771812080538,
            0.1795316565481353,
            0.18999541073887105,
            0.1941564561734213,
            0.2008776206728425,
            0.20600000000000002,
            0.20961145194274028,
            0.2111801242236025,
            0.21350078492935637,
            0.21653333333333336,
            0.22308117062396465,
            0.234338747099768,
            0.24106602059357962,
            0.25064599483204136,
            0.25578231292517006,
            0.26215644820295986,
            0.2718446601941748,
            0.27895981087470445,
            0.2889867841409692,
            0.31237322515212984,
            0.33928571428571425,
            0.3484626647144949,
            0.35239567233384855,
            0.35519999999999996,
            0.35993208828522927,
            0.35963302752293574,
            0.3555555555555556,
            0.315035799522673,
            0.13278008298755187,
            0.0,
            0.0,
            0.0,
            0.0,
            0.0,
            0.0,
            0.0,
            0.0,
            0.0,
            0.0
        ],
        "mcc": [
            0.0,
            0.0,
            0.06248749884045666,
            0.10451425637455052,
            0.11508687982428618,
            0.1334001854947116,
            0.14590401668614067,
            0.15247322767401084,
            0.15434831789483763,
            0.15939236050832847,
            0.16426654585735287,
            0.17596356635286797,
            0.19677645945080405,
            0.20444224750996026,
            0.21408476338322197,
            0.21546870757651482,
            0.22304609222700159,
            0.23308824858216298,
            0.23815894585624958,
            0.23990065418593112,
            0.2611085707121571,
            0.2772319222229406,
            0.27937336066618296,
            0.2814013151665985,
            0.2832900032371307,
            0.2868593641947144,
            0.28478759988110536,
            0.280163657364099,
            0.2421332014664335,
            0.16124350253139463,
            0.0,
            0.0,
            0.0,
            0.0,
            0.0,
            0.0,
            0.0,
            0.0,
            0.0,
            0.0
        ],
        "hammingLoss": [
            0.9049150206706477,
            0.9049150206706477,
            0.8690858980248047,
            0.8107487367937529,
            0.7854846118511714,
            0.7528709232889297,
            0.7294441892512632,
            0.7101515847496555,
            0.7000459347726229,
            0.690399632521819,
            0.6747818098300413,
            0.6463022508038585,
            0.6063389986219568,
            0.5755627009646302,
            0.532843362425356,
            0.5025264124942581,
            0.48093706936150665,
            0.4478640330730363,
            0.42030316949931096,
            0.3706936150666054,
            0.311437758383096,
            0.2379421221864952,
            0.20440973817179606,
            0.19246669728984842,
            0.18511713367018834,
            0.1731740927882407,
            0.16031235645383554,
            0.1465319246669729,
            0.13183279742765272,
            0.09600367478180984,
            0.09508497932935232,
            0.09508497932935232,
            0.09508497932935232,
            0.09508497932935232,
            0.09508497932935232,
            0.09508497932935232,
            0.09508497932935232,
            0.09508497932935232,
            0.09508497932935232,
            0.09508497932935232
        ],
        "assertionsMetrics": [
            {
                "passingAssertionsRatio": 1.0,
                "perAssertion": [
                    {
                        "result": true,
                        "validRatio": 1.0,
                        "nbMatchingRows": 1381,
                        "nbDroppedRows": 0,
                        "name": "Assertion 1"
                    },
                    {
                        "result": true,
                        "validRatio": 1.0,
                        "nbMatchingRows": 1484,
                        "nbDroppedRows": 0,
                        "name": "Assertion 2"
                    }
                ]
            },
            {
                "passingAssertionsRatio": 1.0,
                "perAssertion": [
                    {
                        "result": true,
                        "validRatio": 1.0,
                        "nbMatchingRows": 1381,
                        "nbDroppedRows": 0,
                        "name": "Assertion 1"
                    },
                    {
                        "result": true,
                        "validRatio": 1.0,
                        "nbMatchingRows": 1484,
                        "nbDroppedRows": 0,
                        "name": "Assertion 2"
                    }
                ]
            },
            {
                "passingAssertionsRatio": 1.0,
                "perAssertion": [
                    {
                        "result": true,
                        "validRatio": 1.0,
                        "nbMatchingRows": 1381,
                        "nbDroppedRows": 0,
                        "name": "Assertion 1"
                    },
                    {
                        "result": true,
                        "validRatio": 0.9683288409703504,
                        "nbMatchingRows": 1484,
                        "nbDroppedRows": 0,
                        "name": "Assertion 2"
                    }
                ]
            },
            {
                "passingAssertionsRatio": 1.0,
                "perAssertion": [
                    {
                        "result": true,
                        "validRatio": 1.0,
                        "nbMatchingRows": 1381,
                        "nbDroppedRows": 0,
                        "name": "Assertion 1"
                    },
                    {
                        "result": true,
                        "validRatio": 0.9326145552560647,
                        "nbMatchingRows": 1484,
                        "nbDroppedRows": 0,
                        "name": "Assertion 2"
                    }
                ]
            },
            {
                "passingAssertionsRatio": 1.0,
                "perAssertion": [
                    {
                        "result": true,
                        "validRatio": 1.0,
                        "nbMatchingRows": 1381,
                        "nbDroppedRows": 0,
                        "name": "Assertion 1"
                    },
                    {
                        "result": true,
                        "validRatio": 0.9164420485175202,
                        "nbMatchingRows": 1484,
                        "nbDroppedRows": 0,
                        "name": "Assertion 2"
                    }
                ]
            },
            {
                "passingAssertionsRatio": 1.0,
                "perAssertion": [
                    {
                        "result": true,
                        "validRatio": 0.999275887038378,
                        "nbMatchingRows": 1381,
                        "nbDroppedRows": 0,
                        "name": "Assertion 1"
                    },
                    {
                        "result": true,
                        "validRatio": 0.894878706199461,
                        "nbMatchingRows": 1484,
                        "nbDroppedRows": 0,
                        "name": "Assertion 2"
                    }
                ]
            },
            {
                "passingAssertionsRatio": 1.0,
                "perAssertion": [
                    {
                        "result": true,
                        "validRatio": 0.9942070963070239,
                        "nbMatchingRows": 1381,
                        "nbDroppedRows": 0,
                        "name": "Assertion 1"
                    },
                    {
                        "result": true,
                        "validRatio": 0.8726415094339622,
                        "nbMatchingRows": 1484,
                        "nbDroppedRows": 0,
                        "name": "Assertion 2"
                    }
                ]
            },
            {
                "passingAssertionsRatio": 1.0,
                "perAssertion": [
                    {
                        "result": true,
                        "validRatio": 0.9869659666908037,
                        "nbMatchingRows": 1381,
                        "nbDroppedRows": 0,
                        "name": "Assertion 1"
                    },
                    {
                        "result": true,
                        "validRatio": 0.8537735849056604,
                        "nbMatchingRows": 1484,
                        "nbDroppedRows": 0,
                        "name": "Assertion 2"
                    }
                ]
            },
            {
                "passingAssertionsRatio": 1.0,
                "perAssertion": [
                    {
                        "result": true,
                        "validRatio": 0.9840695148443157,
                        "nbMatchingRows": 1381,
                        "nbDroppedRows": 0,
                        "name": "Assertion 1"
                    },
                    {
                        "result": true,
                        "validRatio": 0.8429919137466307,
                        "nbMatchingRows": 1484,
                        "nbDroppedRows": 0,
                        "name": "Assertion 2"
                    }
                ]
            },
            {
                "passingAssertionsRatio": 1.0,
                "perAssertion": [
                    {
                        "result": true,
                        "validRatio": 0.9804489500362057,
                        "nbMatchingRows": 1381,
                        "nbDroppedRows": 0,
                        "name": "Assertion 1"
                    },
                    {
                        "result": true,
                        "validRatio": 0.8369272237196765,
                        "nbMatchingRows": 1484,
                        "nbDroppedRows": 0,
                        "name": "Assertion 2"
                    }
                ]
            },
            {
                "passingAssertionsRatio": 1.0,
                "perAssertion": [
                    {
                        "result": true,
                        "validRatio": 0.9681390296886314,
                        "nbMatchingRows": 1381,
                        "nbDroppedRows": 0,
                        "name": "Assertion 1"
                    },
                    {
                        "result": true,
                        "validRatio": 0.828167115902965,
                        "nbMatchingRows": 1484,
                        "nbDroppedRows": 0,
                        "name": "Assertion 2"
                    }
                ]
            },
            {
                "passingAssertionsRatio": 1.0,
                "perAssertion": [
                    {
                        "result": true,
                        "validRatio": 0.943519188993483,
                        "nbMatchingRows": 1381,
                        "nbDroppedRows": 0,
                        "name": "Assertion 1"
                    },
                    {
                        "result": true,
                        "validRatio": 0.818733153638814,
                        "nbMatchingRows": 1484,
                        "nbDroppedRows": 0,
                        "name": "Assertion 2"
                    }
                ]
            },
            {
                "passingAssertionsRatio": 1.0,
                "perAssertion": [
                    {
                        "result": true,
                        "validRatio": 0.9044170890658942,
                        "nbMatchingRows": 1381,
                        "nbDroppedRows": 0,
                        "name": "Assertion 1"
                    },
                    {
                        "result": true,
                        "validRatio": 0.807277628032345,
                        "nbMatchingRows": 1484,
                        "nbDroppedRows": 0,
                        "name": "Assertion 2"
                    }
                ]
            },
            {
                "passingAssertionsRatio": 1.0,
                "perAssertion": [
                    {
                        "result": true,
                        "validRatio": 0.8609703113685735,
                        "nbMatchingRows": 1381,
                        "nbDroppedRows": 0,
                        "name": "Assertion 1"
                    },
                    {
                        "result": true,
                        "validRatio": 0.795822102425876,
                        "nbMatchingRows": 1484,
                        "nbDroppedRows": 0,
                        "name": "Assertion 2"
                    }
                ]
            },
            {
                "passingAssertionsRatio": 1.0,
                "perAssertion": [
                    {
                        "result": true,
                        "validRatio": 0.8008689355539464,
                        "nbMatchingRows": 1381,
                        "nbDroppedRows": 0,
                        "name": "Assertion 1"
                    },
                    {
                        "result": true,
                        "validRatio": 0.7762803234501348,
                        "nbMatchingRows": 1484,
                        "nbDroppedRows": 0,
                        "name": "Assertion 2"
                    }
                ]
            },
            {
                "passingAssertionsRatio": 1.0,
                "perAssertion": [
                    {
                        "result": true,
                        "validRatio": 0.7552498189717596,
                        "nbMatchingRows": 1381,
                        "nbDroppedRows": 0,
                        "name": "Assertion 1"
                    },
                    {
                        "result": true,
                        "validRatio": 0.7513477088948787,
                        "nbMatchingRows": 1484,
                        "nbDroppedRows": 0,
                        "name": "Assertion 2"
                    }
                ]
            },
            {
                "passingAssertionsRatio": 1.0,
                "perAssertion": [
                    {
                        "result": true,
                        "validRatio": 0.723388848660391,
                        "nbMatchingRows": 1381,
                        "nbDroppedRows": 0,
                        "name": "Assertion 1"
                    },
                    {
                        "result": true,
                        "validRatio": 0.7297843665768194,
                        "nbMatchingRows": 1484,
                        "nbDroppedRows": 0,
                        "name": "Assertion 2"
                    }
                ]
            },
            {
                "passingAssertionsRatio": 1.0,
                "perAssertion": [
                    {
                        "result": true,
                        "validRatio": 0.6893555394641564,
                        "nbMatchingRows": 1381,
                        "nbDroppedRows": 0,
                        "name": "Assertion 1"
                    },
                    {
                        "result": true,
                        "validRatio": 0.7001347708894878,
                        "nbMatchingRows": 1484,
                        "nbDroppedRows": 0,
                        "name": "Assertion 2"
                    }
                ]
            },
            {
                "passingAssertionsRatio": 1.0,
                "perAssertion": [
                    {
                        "result": true,
                        "validRatio": 0.6545981173062998,
                        "nbMatchingRows": 1381,
                        "nbDroppedRows": 0,
                        "name": "Assertion 1"
                    },
                    {
                        "result": true,
                        "validRatio": 0.6711590296495957,
                        "nbMatchingRows": 1484,
                        "nbDroppedRows": 0,
                        "name": "Assertion 2"
                    }
                ]
            },
            {
                "passingAssertionsRatio": 1.0,
                "perAssertion": [
                    {
                        "result": true,
                        "validRatio": 0.5763939174511223,
                        "nbMatchingRows": 1381,
                        "nbDroppedRows": 0,
                        "name": "Assertion 1"
                    },
                    {
                        "result": true,
                        "validRatio": 0.5977088948787062,
                        "nbMatchingRows": 1484,
                        "nbDroppedRows": 0,
                        "name": "Assertion 2"
                    }
                ]
            },
            {
                "passingAssertionsRatio": 1.0,
                "perAssertion": [
                    {
                        "result": true,
                        "validRatio": 0.4887762490948588,
                        "nbMatchingRows": 1381,
                        "nbDroppedRows": 0,
                        "name": "Assertion 1"
                    },
                    {
                        "result": true,
                        "validRatio": 0.5020215633423181,
                        "nbMatchingRows": 1484,
                        "nbDroppedRows": 0,
                        "name": "Assertion 2"
                    }
                ]
            },
            {
                "passingAssertionsRatio": 1.0,
                "perAssertion": [
                    {
                        "result": true,
                        "validRatio": 0.3497465604634323,
                        "nbMatchingRows": 1381,
                        "nbDroppedRows": 0,
                        "name": "Assertion 1"
                    },
                    {
                        "result": true,
                        "validRatio": 0.36994609164420483,
                        "nbMatchingRows": 1484,
                        "nbDroppedRows": 0,
                        "name": "Assertion 2"
                    }
                ]
            },
            {
                "passingAssertionsRatio": 1.0,
                "perAssertion": [
                    {
                        "result": true,
                        "validRatio": 0.2816799420709631,
                        "nbMatchingRows": 1381,
                        "nbDroppedRows": 0,
                        "name": "Assertion 1"
                    },
                    {
                        "result": true,
                        "validRatio": 0.3032345013477089,
                        "nbMatchingRows": 1484,
                        "nbDroppedRows": 0,
                        "name": "Assertion 2"
                    }
                ]
            },
            {
                "passingAssertionsRatio": 1.0,
                "perAssertion": [
                    {
                        "result": true,
                        "validRatio": 0.26430123099203473,
                        "nbMatchingRows": 1381,
                        "nbDroppedRows": 0,
                        "name": "Assertion 1"
                    },
                    {
                        "result": true,
                        "validRatio": 0.2830188679245283,
                        "nbMatchingRows": 1484,
                        "nbDroppedRows": 0,
                        "name": "Assertion 2"
                    }
                ]
            },
            {
                "passingAssertionsRatio": 1.0,
                "perAssertion": [
                    {
                        "result": true,
                        "validRatio": 0.2556118754525706,
                        "nbMatchingRows": 1381,
                        "nbDroppedRows": 0,
                        "name": "Assertion 1"
                    },
                    {
                        "result": true,
                        "validRatio": 0.272911051212938,
                        "nbMatchingRows": 1484,
                        "nbDroppedRows": 0,
                        "name": "Assertion 2"
                    }
                ]
            },
            {
                "passingAssertionsRatio": 1.0,
                "perAssertion": [
                    {
                        "result": true,
                        "validRatio": 0.23533671252715424,
                        "nbMatchingRows": 1381,
                        "nbDroppedRows": 0,
                        "name": "Assertion 1"
                    },
                    {
                        "result": true,
                        "validRatio": 0.2553908355795148,
                        "nbMatchingRows": 1484,
                        "nbDroppedRows": 0,
                        "name": "Assertion 2"
                    }
                ]
            },
            {
                "passingAssertionsRatio": 1.0,
                "perAssertion": [
                    {
                        "result": true,
                        "validRatio": 0.20709630702389573,
                        "nbMatchingRows": 1381,
                        "nbDroppedRows": 0,
                        "name": "Assertion 1"
                    },
                    {
                        "result": true,
                        "validRatio": 0.22776280323450135,
                        "nbMatchingRows": 1484,
                        "nbDroppedRows": 0,
                        "name": "Assertion 2"
                    }
                ]
            },
            {
                "passingAssertionsRatio": 1.0,
                "perAssertion": [
                    {
                        "result": true,
                        "validRatio": 0.17378711078928313,
                        "nbMatchingRows": 1381,
                        "nbDroppedRows": 0,
                        "name": "Assertion 1"
                    },
                    {
                        "result": true,
                        "validRatio": 0.1940700808625337,
                        "nbMatchingRows": 1484,
                        "nbDroppedRows": 0,
                        "name": "Assertion 2"
                    }
                ]
            },
            {
                "passingAssertionsRatio": 1.0,
                "perAssertion": [
                    {
                        "result": true,
                        "validRatio": 0.12889210716871832,
                        "nbMatchingRows": 1381,
                        "nbDroppedRows": 0,
                        "name": "Assertion 1"
                    },
                    {
                        "result": true,
                        "validRatio": 0.14285714285714285,
                        "nbMatchingRows": 1484,
                        "nbDroppedRows": 0,
                        "name": "Assertion 2"
                    }
                ]
            },
            {
                "passingAssertionsRatio": 0.0,
                "perAssertion": [
                    {
                        "result": false,
                        "validRatio": 0.022447501810282405,
                        "nbMatchingRows": 1381,
                        "nbDroppedRows": 0,
                        "name": "Assertion 1"
                    },
                    {
                        "result": false,
                        "validRatio": 0.022911051212938006,
                        "nbMatchingRows": 1484,
                        "nbDroppedRows": 0,
                        "name": "Assertion 2"
                    }
                ]
            },
            {
                "passingAssertionsRatio": 0.0,
                "perAssertion": [
                    {
                        "result": false,
                        "validRatio": 0.0,
                        "nbMatchingRows": 1381,
                        "nbDroppedRows": 0,
                        "name": "Assertion 1"
                    },
                    {
                        "result": false,
                        "validRatio": 0.0,
                        "nbMatchingRows": 1484,
                        "nbDroppedRows": 0,
                        "name": "Assertion 2"
                    }
                ]
            },
            {
                "passingAssertionsRatio": 0.0,
                "perAssertion": [
                    {
                        "result": false,
                        "validRatio": 0.0,
                        "nbMatchingRows": 1381,
                        "nbDroppedRows": 0,
                        "name": "Assertion 1"
                    },
                    {
                        "result": false,
                        "validRatio": 0.0,
                        "nbMatchingRows": 1484,
                        "nbDroppedRows": 0,
                        "name": "Assertion 2"
                    }
                ]
            },
            {
                "passingAssertionsRatio": 0.0,
                "perAssertion": [
                    {
                        "result": false,
                        "validRatio": 0.0,
                        "nbMatchingRows": 1381,
                        "nbDroppedRows": 0,
                        "name": "Assertion 1"
                    },
                    {
                        "result": false,
                        "validRatio": 0.0,
                        "nbMatchingRows": 1484,
                        "nbDroppedRows": 0,
                        "name": "Assertion 2"
                    }
                ]
            },
            {
                "passingAssertionsRatio": 0.0,
                "perAssertion": [
                    {
                        "result": false,
                        "validRatio": 0.0,
                        "nbMatchingRows": 1381,
                        "nbDroppedRows": 0,
                        "name": "Assertion 1"
                    },
                    {
                        "result": false,
                        "validRatio": 0.0,
                        "nbMatchingRows": 1484,
                        "nbDroppedRows": 0,
                        "name": "Assertion 2"
                    }
                ]
            },
            {
                "passingAssertionsRatio": 0.0,
                "perAssertion": [
                    {
                        "result": false,
                        "validRatio": 0.0,
                        "nbMatchingRows": 1381,
                        "nbDroppedRows": 0,
                        "name": "Assertion 1"
                    },
                    {
                        "result": false,
                        "validRatio": 0.0,
                        "nbMatchingRows": 1484,
                        "nbDroppedRows": 0,
                        "name": "Assertion 2"
                    }
                ]
            },
            {
                "passingAssertionsRatio": 0.0,
                "perAssertion": [
                    {
                        "result": false,
                        "validRatio": 0.0,
                        "nbMatchingRows": 1381,
                        "nbDroppedRows": 0,
                        "name": "Assertion 1"
                    },
                    {
                        "result": false,
                        "validRatio": 0.0,
                        "nbMatchingRows": 1484,
                        "nbDroppedRows": 0,
                        "name": "Assertion 2"
                    }
                ]
            },
            {
                "passingAssertionsRatio": 0.0,
                "perAssertion": [
                    {
                        "result": false,
                        "validRatio": 0.0,
                        "nbMatchingRows": 1381,
                        "nbDroppedRows": 0,
                        "name": "Assertion 1"
                    },
                    {
                        "result": false,
                        "validRatio": 0.0,
                        "nbMatchingRows": 1484,
                        "nbDroppedRows": 0,
                        "name": "Assertion 2"
                    }
                ]
            },
            {
                "passingAssertionsRatio": 0.0,
                "perAssertion": [
                    {
                        "result": false,
                        "validRatio": 0.0,
                        "nbMatchingRows": 1381,
                        "nbDroppedRows": 0,
                        "name": "Assertion 1"
                    },
                    {
                        "result": false,
                        "validRatio": 0.0,
                        "nbMatchingRows": 1484,
                        "nbDroppedRows": 0,
                        "name": "Assertion 2"
                    }
                ]
            },
            {
                "passingAssertionsRatio": 0.0,
                "perAssertion": [
                    {
                        "result": false,
                        "validRatio": 0.0,
                        "nbMatchingRows": 1381,
                        "nbDroppedRows": 0,
                        "name": "Assertion 1"
                    },
                    {
                        "result": false,
                        "validRatio": 0.0,
                        "nbMatchingRows": 1484,
                        "nbDroppedRows": 0,
                        "name": "Assertion 2"
                    }
                ]
            },
            {
                "passingAssertionsRatio": 0.0,
                "perAssertion": [
                    {
                        "result": false,
                        "validRatio": 0.0,
                        "nbMatchingRows": 1381,
                        "nbDroppedRows": 0,
                        "name": "Assertion 1"
                    },
                    {
                        "result": false,
                        "validRatio": 0.0,
                        "nbMatchingRows": 1484,
                        "nbDroppedRows": 0,
                        "name": "Assertion 2"
                    }
                ]
            }
        ]
    },
    "optimalThreshold": 0.6250000000000002,
    "usedThreshold": 0.6250000000000002,
    "rocVizData": [
        [
            {
                "x": 0.0,
                "y": 0.0,
                "p": 1.7427042578298204
            },
            {
                "x": 0.005076142131979695,
                "y": 0.05314009661835749,
                "p": 0.727241507611604
            },
            {
                "x": 0.012690355329949238,
                "y": 0.0966183574879227,
                "p": 0.7216607080226224
            },
            {
                "x": 0.02233502538071066,
                "y": 0.14009661835748793,
                "p": 0.7182104412757814
            },
            {
                "x": 0.03147208121827411,
                "y": 0.18357487922705315,
                "p": 0.7149254687139428
            },
            {
                "x": 0.04365482233502538,
                "y": 0.22705314009661837,
                "p": 0.711144807123056
            },
            {
                "x": 0.05583756345177665,
                "y": 0.26570048309178745,
                "p": 0.7067233980864667
            },
            {
                "x": 0.06954314720812182,
                "y": 0.30434782608695654,
                "p": 0.7028103457023414
            },
            {
                "x": 0.08121827411167512,
                "y": 0.34782608695652173,
                "p": 0.6951475388617453
            },
            {
                "x": 0.09340101522842639,
                "y": 0.3864734299516908,
                "p": 0.6827722166330106
            },
            {
                "x": 0.1065989847715736,
                "y": 0.4251207729468599,
                "p": 0.6710409895050564
            },
            {
                "x": 0.11928934010152284,
                "y": 0.46859903381642515,
                "p": 0.6559064248294558
            },
            {
                "x": 0.13604060913705585,
                "y": 0.5024154589371981,
                "p": 0.6302072835583337
            },
            {
                "x": 0.15736040609137056,
                "y": 0.5362318840579711,
                "p": 0.5952664192541107
            },
            {
                "x": 0.17766497461928935,
                "y": 0.5748792270531401,
                "p": 0.5526866151620823
            },
            {
                "x": 0.1964467005076142,
                "y": 0.6086956521739131,
                "p": 0.5363132194452312
            },
            {
                "x": 0.22233502538071065,
                "y": 0.6376811594202898,
                "p": 0.5258338093609853
            },
            {
                "x": 0.25228426395939085,
                "y": 0.6618357487922706,
                "p": 0.5184902383142822
            },
            {
                "x": 0.2736040609137056,
                "y": 0.6908212560386473,
                "p": 0.51272600634948
            },
            {
                "x": 0.2923857868020305,
                "y": 0.7246376811594203,
                "p": 0.5084315401302413
            },
            {
                "x": 0.3203045685279188,
                "y": 0.748792270531401,
                "p": 0.49932649354514935
            },
            {
                "x": 0.34974619289340103,
                "y": 0.7729468599033816,
                "p": 0.48903869788317667
            },
            {
                "x": 0.38071065989847713,
                "y": 0.7922705314009661,
                "p": 0.4769888802970306
            },
            {
                "x": 0.40913705583756343,
                "y": 0.8164251207729468,
                "p": 0.46914498894310674
            },
            {
                "x": 0.4446700507614213,
                "y": 0.8454106280193237,
                "p": 0.4542386987207134
            },
            {
                "x": 0.46751269035532994,
                "y": 0.8743961352657005,
                "p": 0.43702550404515383
            },
            {
                "x": 0.4969543147208122,
                "y": 0.8985507246376812,
                "p": 0.4191031410274813
            },
            {
                "x": 0.5390862944162437,
                "y": 0.9082125603864735,
                "p": 0.3817698999432013
            },
            {
                "x": 0.567005076142132,
                "y": 0.9323671497584541,
                "p": 0.3572569595327806
            },
            {
                "x": 0.6208121827411167,
                "y": 0.9468599033816425,
                "p": 0.33446389564804574
            },
            {
                "x": 0.6477157360406092,
                "y": 0.9710144927536232,
                "p": 0.3161939924286034
            },
            {
                "x": 0.7431472081218274,
                "y": 0.9758454106280193,
                "p": 0.25123658900475015
            },
            {
                "x": 0.7883248730964467,
                "y": 0.9903381642512077,
                "p": 0.17020632538522965
            },
            {
                "x": 0.8538071065989847,
                "y": 0.9951690821256038,
                "p": 0.10960410483724801
            },
            {
                "x": 0.9035532994923858,
                "y": 1.0,
                "p": 0.0708748600684887
            },
            {
                "x": 0.9715736040609138,
                "y": 1.0,
                "p": 0.04775265782392058
            },
            {
                "x": 1.0,
                "y": 1.0,
                "p": 0.027207256026229542
            }
        ]
    ],
    "liftVizData": {
        "bins": [
            {
                "bin_pos_prop": 0.3073394495,
                "bin_lift": 3.2322607809,
                "cum_lift": 0.3236714976,
                "cum_size": 0.1001378043,
                "bin_min": 0.6983318554,
                "bin_max": 0.7427042578,
                "percentile_idx": 0
            },
            {
                "bin_pos_prop": 0.2155963303,
                "bin_lift": 2.2674068165,
                "cum_lift": 0.5507246377,
                "cum_size": 0.2002756086,
                "bin_min": 0.5821804534,
                "bin_max": 0.6983318554,
                "percentile_idx": 1
            },
            {
                "bin_pos_prop": 0.1244239631,
                "bin_lift": 1.3085553997,
                "cum_lift": 0.6811594203,
                "cum_size": 0.2999540652,
                "bin_min": 0.5157613338,
                "bin_max": 0.5821804534,
                "percentile_idx": 2
            },
            {
                "bin_pos_prop": 0.1009174312,
                "bin_lift": 1.0613393609,
                "cum_lift": 0.7874396135,
                "cum_size": 0.4000918695,
                "bin_min": 0.4837441766,
                "bin_max": 0.5157613338,
                "percentile_idx": 3
            },
            {
                "bin_pos_prop": 0.064516129,
                "bin_lift": 0.6785102073,
                "cum_lift": 0.8550724638,
                "cum_size": 0.4997703261,
                "bin_min": 0.4417331471,
                "bin_max": 0.4837441766,
                "percentile_idx": 4
            },
            {
                "bin_pos_prop": 0.0688073394,
                "bin_lift": 0.7236404733,
                "cum_lift": 0.9275362319,
                "cum_size": 0.5999081305,
                "bin_min": 0.3578600609,
                "bin_max": 0.4417331471,
                "percentile_idx": 5
            },
            {
                "bin_pos_prop": 0.0458715596,
                "bin_lift": 0.4824269822,
                "cum_lift": 0.9758454106,
                "cum_size": 0.7000459348,
                "bin_min": 0.2980440112,
                "bin_max": 0.3578600609,
                "percentile_idx": 6
            },
            {
                "bin_pos_prop": 0.0138248848,
                "bin_lift": 0.1453950444,
                "cum_lift": 0.9903381643,
                "cum_size": 0.7997243914,
                "bin_min": 0.1822153843,
                "bin_max": 0.2980440112,
                "percentile_idx": 7
            },
            {
                "bin_pos_prop": 0.0091743119,
                "bin_lift": 0.0964853964,
                "cum_lift": 1.0,
                "cum_size": 0.8998621957,
                "bin_min": 0.0805802186,
                "bin_max": 0.1822153843,
                "percentile_idx": 8
            },
            {
                "bin_pos_prop": 0.0,
                "bin_lift": 0.0,
                "cum_lift": 1.0,
                "cum_size": 1.0,
                "bin_min": 0.027207256,
                "bin_max": 0.0805802186,
                "percentile_idx": 9
            }
        ],
        "wizard": {
            "positives": 207,
            "total": 2177
        }
    },
    "densityData": {
        "False": {
            "actualIsThisClass": [
                9.381296968013296e-09,
                3.2716249258723127e-08,
                1.0912853918531489e-07,
                3.4817995985455587e-07,
                1.0626160825191909e-06,
                3.1022244362747413e-06,
                8.663871998196576e-06,
                2.31479042204058e-05,
                5.916876754329017e-05,
                0.000144702800199527,
                0.0003386022864629044,
                0.0007581579019944925,
                0.0016244963148474923,
                0.0033312308254164,
                0.006538253017320478,
                0.012284053766363691,
                0.02209563179472787,
                0.03805656746570245,
                0.06277689365277643,
                0.09920278730828709,
                0.15022121254799045,
                0.21806183899942558,
                0.30357218914994505,
                0.4055227308241886,
                0.5201538242816434,
                0.6411713591198708,
                0.7603135079520236,
                0.8684593240109001,
                0.9570772221522802,
                1.019683539858055,
                1.0529552714087163,
                1.0572359292674645,
                1.0363577786704403,
                0.9969064185195075,
                0.9471956521345378,
                0.8962500750625039,
                0.8530077212479719,
                0.8258015694590295,
                0.8220282965070304,
                0.8478305670227432,
                0.9076378262914961,
                1.0035188110160926,
                1.1344487012348066,
                1.2957199805138069,
                1.4787719496568414,
                1.6716527812494542,
                1.8601741046153044,
                2.0296217875167577,
                2.166715854922294,
                2.261426824199293,
                2.3082831769917824,
                2.306932192916619,
                2.261897379535382,
                2.181650651601238,
                2.0772369800271338,
                1.9607305447192336,
                1.8437712307952177,
                1.7363565611114877,
                1.6459812838255121,
                1.5771512837441246,
                1.5312599939881995,
                1.50679693872671,
                1.4998435920233986,
                1.5047890198088367,
                1.5151673918827249,
                1.5244957064369753,
                1.5269916264752326,
                1.518087344936099,
                1.4947164363886747,
                1.455411351277759,
                1.4002820163948624,
                1.3309375909089387,
                1.250373064312358,
                1.1627967616628734,
                1.0733525576106846,
                0.9877061310190429,
                0.9115109709335064,
                0.8498237937801013,
                0.8065740751584553,
                0.7841919262584822,
                0.7834620845709912,
                0.8036128160249761,
                0.8425869815231226,
                0.8973970811890386,
                0.9644496020473763,
                1.0397422249856136,
                1.118888910199954,
                1.197002725167796,
                1.2685447028237686,
                1.3273004661799581,
                1.3666450716968683,
                1.3801834747255226,
                1.3627193810663616,
                1.311351636630512,
                1.2263881511686758,
                1.1117597395224965,
                0.974730573810727,
                0.8249057419646408,
                0.6727543648105061,
                0.5280137696233248
            ],
            "actualIsThisClassMedian": 0.5824647869952614,
            "actualIsNotThisClass": [
                3.9191790399845925e-07,
                1.1773967808939765e-06,
                3.399128270314649e-06,
                9.430733521616714e-06,
                2.5146270193251968e-05,
                6.444211103269902e-05,
                0.00015872781836303101,
                0.0003757888302174495,
                0.0008551933988661442,
                0.0018708485737222913,
                0.003934534871756476,
                0.007955330478304242,
                0.015465581823282736,
                0.02891045280357342,
                0.051971657344211025,
                0.08985655980070034,
                0.1494377486355505,
                0.23909065968084803,
                0.368070985093074,
                0.5453241712275962,
                0.777740725485572,
                1.0680536101646825,
                1.412775022212541,
                1.800717967285166,
                2.2126646646446795,
                2.6225774841064515,
                3.000407525539334,
                3.3161235494095456,
                3.5441970310519024,
                3.667580406011015,
                3.6802928558260866,
                3.5880710625163834,
                3.4070408221221906,
                3.160850962220562,
                2.877025778599843,
                2.583351032248978,
                2.3049270224154643,
                2.062200265681323,
                1.869957685336853,
                1.7370467345704628,
                1.6665227948587436,
                1.6560025034404011,
                1.6981490968354767,
                1.7813494431462462,
                1.8906984320783247,
                2.009363046321813,
                2.12027914878347,
                2.2079934599017257,
                2.260363166622947,
                2.2698100464133635,
                2.233904464355861,
                2.155200211477197,
                2.0404032756740524,
                1.8990835993567703,
                1.7421948615822755,
                1.5806493983670276,
                1.4241265545646078,
                1.2802088018694266,
                1.1538717833792995,
                1.047315841687664,
                0.9601122492196567,
                0.8896306350583665,
                0.8316991121107052,
                0.7814200061198515,
                0.7340298592809389,
                0.6856691250847633,
                0.6339308188128367,
                0.5780953587088428,
                0.5190246247180608,
                0.4587640587833784,
                0.3999647935924879,
                0.34526944220318345,
                0.29679714955807046,
                0.2558210422513427,
                0.22267043777752288,
                0.1968315222762511,
                0.17718060653653814,
                0.16227118389702028,
                0.15060683317970858,
                0.14085607321642954,
                0.13199054608611122,
                0.12334622385900222,
                0.114616859506275,
                0.10579282396053442,
                0.09706132306092087,
                0.08868807469586411,
                0.0809045309642591,
                0.07382504809637386,
                0.06741205454214474,
                0.06149438806617079,
                0.05582837999017866,
                0.050178754017654245,
                0.04439187695039363,
                0.038438934112196316,
                0.0324187909599533,
                0.026524521340096675,
                0.020988444211945238,
                0.016024653797442178,
                0.011785196134202964,
                0.008338637422840616
            ],
            "actualIsNotThisClassMedian": 0.3669862775996602
        },
        "True": {
            "actualIsThisClass": [
                0.00833863742284061,
                0.011785196134202975,
                0.01602465379744222,
                0.020988444211945248,
                0.02652452134009671,
                0.0324187909599534,
                0.038438934112196385,
                0.04439187695039375,
                0.050178754017654426,
                0.05582837999017886,
                0.061494388066171,
                0.06741205454214493,
                0.07382504809637412,
                0.08090453096425938,
                0.0886880746958645,
                0.097061323060921,
                0.1057928239605348,
                0.11461685950627541,
                0.12334622385900255,
                0.1319905460861115,
                0.14085607321642973,
                0.15060683317970883,
                0.16227118389702028,
                0.1771806065365384,
                0.19683152227625134,
                0.22267043777752277,
                0.2558210422513434,
                0.296797149558071,
                0.34526944220318406,
                0.39996479359248893,
                0.4587640587833792,
                0.5190246247180617,
                0.5780953587088449,
                0.6339308188128379,
                0.6856691250847633,
                0.7340298592809382,
                0.7814200061198523,
                0.8316991121107067,
                0.8896306350583688,
                0.9601122492196558,
                1.0473158416876611,
                1.1538717833793006,
                1.2802088018694266,
                1.424126554564604,
                1.5806493983670191,
                1.7421948615822755,
                1.899083599356777,
                2.040403275674043,
                2.155200211477176,
                2.233904464355869,
                2.2698100464133613,
                2.260363166622941,
                2.2079934599017315,
                2.1202791487834682,
                2.00936304632182,
                1.8906984320783178,
                1.7813494431462493,
                1.698149096835481,
                1.6560025034404056,
                1.6665227948587569,
                1.7370467345704628,
                1.869957685336863,
                2.0622002656813305,
                2.3049270224154808,
                2.583351032248978,
                2.877025778599853,
                3.1608509622205565,
                3.407040822122209,
                3.5880710625163896,
                3.6802928558260737,
                3.6675804060109987,
                3.54419703105189,
                3.316123549409543,
                3.0004075255393206,
                2.622577484106442,
                2.2126646646446715,
                1.8007179672851548,
                1.4127750222125286,
                1.068053610164673,
                0.7777407254855645,
                0.5453241712275876,
                0.36807098509306946,
                0.23909065968084325,
                0.14943774863554812,
                0.08985655980069918,
                0.051971657344209894,
                0.02891045280357293,
                0.015465581823282379,
                0.007955330478304079,
                0.003934534871756368,
                0.0018708485737222382,
                0.0008551933988661228,
                0.0003757888302174358,
                0.00015872781836302595,
                6.444211103269683e-05,
                2.514627019325085e-05,
                9.43073352161638e-06,
                3.399128270314468e-06,
                1.1773967808939346e-06,
                3.919179039984495e-07
            ],
            "actualIsThisClassMedian": 0.6330137224003396,
            "actualIsNotThisClass": [
                0.5280137696233225,
                0.6727543648105049,
                0.8249057419646548,
                0.9747305738107245,
                1.1117597395225005,
                1.2263881511686563,
                1.3113516366305085,
                1.3627193810663567,
                1.3801834747255337,
                1.3666450716968925,
                1.3273004661799497,
                1.2685447028237709,
                1.1970027251677948,
                1.118888910199956,
                1.039742224985634,
                0.9644496020473788,
                0.8973970811890323,
                0.8425869815231098,
                0.8036128160249953,
                0.7834620845709954,
                0.7841919262584731,
                0.8065740751584488,
                0.8498237937801013,
                0.9115109709335154,
                0.9877061310190508,
                1.0733525576106684,
                1.162796761662891,
                1.2503730643123558,
                1.3309375909089423,
                1.4002820163948513,
                1.4554113512777511,
                1.494716436388648,
                1.5180873449361312,
                1.5269916264752326,
                1.5244957064369806,
                1.5151673918827142,
                1.5047890198088167,
                1.499843592023384,
                1.5067969387267033,
                1.5312599939881641,
                1.5771512837441528,
                1.6459812838255061,
                1.7363565611115217,
                1.8437712307951981,
                1.9607305447192651,
                2.0772369800271484,
                2.1816506516012226,
                2.261897379535382,
                2.3069321929166557,
                2.3082831769917824,
                2.261426824199293,
                2.1667158549223053,
                2.0296217875167577,
                1.860174104615265,
                1.6716527812494364,
                1.478771949656806,
                1.2957199805138058,
                1.1344487012347846,
                1.0035188110161006,
                0.907637826291484,
                0.8478305670227432,
                0.8220282965070465,
                0.8258015694590559,
                0.8530077212479787,
                0.896250075062519,
                0.9471956521345336,
                0.9969064185194941,
                1.0363577786704403,
                1.0572359292674551,
                1.0529552714087265,
                1.019683539858075,
                0.9570772221522674,
                0.8684593240108915,
                0.7603135079520277,
                0.6411713591198702,
                0.520153824281641,
                0.4055227308241829,
                0.3035721891499399,
                0.21806183899942364,
                0.1502212125479895,
                0.09920278730828586,
                0.06277689365277538,
                0.038056567465701845,
                0.022095631794727528,
                0.012284053766363549,
                0.006538253017320345,
                0.0033312308254163374,
                0.0016244963148474504,
                0.0007581579019944783,
                0.0003386022864628945,
                0.0001447028001995239,
                5.91687675432886e-05,
                2.314790422040506e-05,
                8.663871998196298e-06,
                3.1022244362746422e-06,
                1.0626160825191625e-06,
                3.4817995985454845e-07,
                1.0912853918530985e-07,
                3.271624925872231e-08,
                9.38129696801313e-09
            ],
            "actualIsNotThisClassMedian": 0.4175352130047389
        }
    },
    "calibrationData": [
        {
            "y": 0,
            "x": 0,
            "n": 0
        },
        {
            "y": 0.003816793893129771,
            "x": 0.06101584576119354,
            "n": 262.0
        },
        {
            "y": 0.010526315789473684,
            "x": 0.14014046757311885,
            "n": 190.0
        },
        {
            "y": 0.009615384615384616,
            "x": 0.26474150800212537,
            "n": 208.0
        },
        {
            "y": 0.05245901639344262,
            "x": 0.3465190717813692,
            "n": 305.0
        },
        {
            "y": 0.07390300230946882,
            "x": 0.4593368795779506,
            "n": 433.0
        },
        {
            "y": 0.11911357340720222,
            "x": 0.528160235403172,
            "n": 361.0
        },
        {
            "y": 0.21844660194174756,
            "x": 0.6583081510121771,
            "n": 206.0
        },
        {
            "y": 0.3113207547169811,
            "x": 0.7149883591910604,
            "n": 212.0
        },
        {
            "y": 1,
            "x": 1,
            "n": 0
        }
    ],
    "probaDistribData": {
        "bins": [
            0.0,
            0.1,
            0.2,
            0.3,
            0.4,
            0.5,
            0.6,
            0.7,
            0.8,
            0.9,
            1.0
        ],
        "probaDistribs": [
            [
                261.0,
                188.0,
                206.0,
                289.0,
                401.0,
                318.0,
                161.0,
                146.0,
                0.0,
                0.0
            ],
            [
                1.0,
                2.0,
                2.0,
                16.0,
                32.0,
                43.0,
                45.0,
                66.0,
                0.0,
                0.0
            ]
        ]
    },
    "globalMetrics": {
        "testWeight": 2177,
        "targetAvg": [
            0.09508497932935232
        ],
        "targetStd": [
            0.2933996732015037
        ],
        "predictionAvg": [
            0.17547083141938447
        ],
        "predictionStd": [
            0.38045670987277797
        ]
    }
}