{
  "assertions": [
    {
      "name": "Assertion 1",
      "filter": {
        "distinct": false,
        "enabled": true,
        "uiData": {
          "mode": "\u0026\u0026",
          "conditions": [
            {
              "input": "age_first_order",
              "operator": "\u003e\u003d [number]",
              "col": "gender",
              "num": 40.0
            }
          ]
        }
      },
      "assertionCondition": {
        "expectedValidRatio": 0.1,
        "expectedClass": "True"
      }
    },
    {
      "name": "Assertion 2",
      "filter": {
        "distinct": false,
        "expression": "pages_visited_avg \u003e\u003d 6 \u0026\u0026 pages_visited_avg \u003c\u003d 12\n",
        "enabled": true,
        "uiData": {
          "mode": "CUSTOM",
          "conditions": [
            {
              "input": "customerID",
              "operator": "contains",
              "col": "gender",
              "num": 0.0
            }
          ]
        }
      },
      "assertionCondition": {
        "expectedValidRatio": 0.1,
        "expectedClass": "True"
      }
    }
  ]
}