{
  "state": "DONE",
  "preSearchDescription": {
    "gridLength": 2,
    "searchStrategy": "GRID",
    "importantParams": [
      {
        "name": "trees",
        "vals": [
          "100"
        ]
      },
      {
        "name": "depth",
        "vals": [
          "6",
          "13"
        ]
      },
      {
        "name": "min_samples",
        "vals": [
          "1"
        ]
      }
    ]
  },
  "postSearchDescription": {
    "importantParams": [
      {
        "name": "trees",
        "val": "100"
      },
      {
        "name": "depth",
        "val": "6"
      },
      {
        "name": "min_samples",
        "val": "1"
      }
    ]
  },
  "resumed": false,
  "timeOrderingEnabled": false,
  "sampleWeightsEnabled": false,
  "modelId": "m1",
  "progress": {
    "top_level_todo": [],
    "stack": [],
    "top_level_done": [
      {
        "name": "Loading train set",
        "time": 19
      },
      {
        "name": "Loading test set",
        "time": 15
      },
      {
        "name": "Collecting statistics",
        "time": 16
      },
      {
        "name": "Preprocessing train set",
        "time": 45
      },
      {
        "name": "Preprocessing test set",
        "time": 22
      },
      {
        "name": "Hyperparameter searching",
        "time": 3039
      },
      {
        "name": "Fitting model",
        "time": 520
      },
      {
        "name": "Saving model",
        "time": 36
      },
      {
        "name": "Scoring model",
        "time": 2495
      }
    ]
  },
  "startTime": 1629399628866,
  "endTime": 1629399635120,
  "preprocessingTime": 126,
  "trainingTime": 6128,
  "hyperparamsSearchTime": 3039
}