{
  "description": "",
  "name": "Random forest",
  "starred": false,
  "clusterMetas": {},
  "customMeta": {
    "kv": {}
  },
  "tags": [],
  "activeClassifierThreshold": 0.625,
  "labels": [
    {
      "key": "trainDataset:dataset-name",
      "value": "customers_labeled"
    },
    {
      "key": "testDataset:dataset-name",
      "value": "customers_labeled"
    },
    {
      "key": "model:date",
      "value": "2021-08-19 21:00:27"
    },
    {
      "key": "testDataset:creator",
      "value": "alex"
    },
    {
      "key": "trainDataset:creator",
      "value": "alex"
    },
    {
      "key": "model:algorithm",
      "value": "RANDOM_FOREST_CLASSIFICATION"
    }
  ]
}